word_decimal	rank	phase
3757441178375	38609	0
3757975952135	38608	0
3769096100871	38593	0
3832636673286	38584	0
3837010283526	38581	0
3899395448055	38579	0
3904030014729	38577	0
3907066690569	38573	0
3916038446775	38571	0
3979225509640	38554	0
4015674012937	38553	0
4020023629547	38551	0
4047410143051	38550	0
4047410208523	38549	0
4047410208587	38548	0
4047672483707	38543	0
4083858711820	38519	0
4088692786922	38517	0
4090371221324	38515	0
4116073402186	38508	0
4116341641082	38494	0
4147588027915	38485	0
4151882994955	38483	0
4156174817291	38480	0
4159054141259	38479	0
4159054206731	38478	0
4159054206795	38477	0
4215772726798	38474	0
4227852257102	38470	0
4227852322574	38467	0
4227852322638	38463	0
4230447548174	38357	0
4236433148238	38350	0
4236439046478	38349	0
4236439111950	38348	0
4236439112014	38347	0
4236969822574	38345	0
4236973885710	38343	0
4305102305613	38336	0
4305108203853	38335	0
4305108269325	38334	0
4305108269389	38333	0
4305638979949	38331	0
4305643043085	38329	0
5001122364761	38328	0
5014007070297	38327	0
5028734935496	38322	0
5029000225272	38308	0
5045497968730	38307	0
5046504601690	38306	0
5114637007705	38305	0
5115173747545	38304	0
5115185705305	38303	0
5147184349019	38302	0
5164388819292	38204	0
5183370404188	38204	1
5220215568988	38203	0
5220222607708	38202	0
5233064857947	38199	0
5233333096843	38196	0
5251394687323	38194	0
5288884714843	38193	0
5288884715099	38192	0
5302399648126	38189	0
5321331981406	38183	0
5331851622492	38182	0
5336220287326	38180	0
5389246152541	38168	0
5404889444701	38166	0
5477913606750	38165	0
6095617039438	38164	0
6099828698441	38163	0
6099828702537	38162	0
6099842461001	38161	0
6099842465097	38160	0
6105882459145	38158	0
6108418068297	38157	0
6108434833228	38156	0
6108451610443	38155	0
6110174281481	38153	0
6112713403977	38152	0
6112713408073	38151	0
6112729800268	38150	0
6114469248521	38149	0
6169501674760	38148	0
6169501674848	38147	0
6169501674849	38146	0
6172859365450	38145	0
6178088464136	38137	0
6178088464224	38128	0
6178088464225	38105	0
6181449291850	38104	0
6182383431176	38103	0
6182383431264	38102	0
6182383431265	38101	0
6197517660489	38100	0
6197517660937	38099	0
6201263745865	37992	0
6201800485705	37991	0
6201812627785	37990	0
6241528495689	37989	0
6241528495945	37988	0
6241528511305	37987	0
6241528511561	37986	0
6241542826825	37885	0
6241542827081	37879	0
6241543172425	37877	0
6245823463241	37876	0
6245823467337	37875	0
6245890563915	37874	0
6245896527691	37862	0
6250118430281	37949	0
6250118803017	37861	0
6250130664265	37892	9
6250131009865	37919	0
6252439838219	37859	0
6265702359372	37858	0
6265702359820	37857	0
6268724378188	37844	0
6269982650188	37842	0
6269997326668	37841	0
6288857590092	37840	0
6288857590348	37839	0
6288857605964	37838	0
6291371370252	37837	0
6314542935884	37836	0
6314542944073	37835	0
6314542944074	37834	0
6314559721290	37833	0
6314559786826	37832	0
6316059053834	37830	0
6318837902924	37829	0
6318928783948	37828	0
6338014271563	37826	0
6354990585867	37824	0
6357526736203	37823	0
6357540498763	37822	0
6357540525899	37821	0
6361888241741	37820	0
6361888241743	37819	0
6361905018957	37818	0
6361905018958	37817	0
6361905027147	37816	0
6387557383753	37815	0
6388538719840	37814	0
6388538719841	37813	0
6401911341390	37812	0
6401911341838	37811	0
6406206308686	37810	0
6407958719566	37808	0
6422043674702	37804	0
6425046992910	37802	0
6426329835854	37801	0
6426338618446	37762	0
6426338641742	37758	0
6429341959950	37756	0
6430557399116	37755	0
6430557403212	37754	0
6430624495694	37753	0
6430624499790	37752	0
6434919467086	37751	0
6434919467342	37750	0
6434919532878	37749	0
6434925431118	37737	0
6434926455630	37733	0
6434926455886	37729	0
6435993078126	37727	0
6437928749326	37725	0
6475872890701	38001	6
6490703984717	37724	0
6492961175565	37716	0
6497256142605	37714	0
6499276871759	37687	0
6499276879948	37686	0
6499276879949	37682	0
6499293657163	37681	0
6499293657165	37677	0
6501547964941	37674	0
6503521516365	37673	0
6503588624461	37672	0
6503588624717	37671	0
6503588690253	37670	0
6503594588493	37658	0
6503595601741	38001	6
6504662235501	37656	0
6507816483913	37655	0
6508797820000	37653	0
6508797820001	37651	0
6563735234894	37650	0
6567996352588	37649	0
6568013129803	37648	0
6568029894734	37647	0
6573225470304	37645	0
6573225470305	37643	0
6576626821710	37642	0
6580830923593	37641	0
6581812259680	37640	0
6581812259681	37639	0
6861472738416	37637	0
7276952268624	37623	0
7345402126203	37622	0
7365756174826	37619	0
7368236554876	37617	0
7370047997162	37615	0
7374342964202	37610	0
7388368599676	37609	0
7390899559036	37608	0
7414071283578	37607	0
7414071414602	37606	0
7414071414618	37605	0
7414339850074	37603	0
7414340898640	37602	0
7414340898650	37600	0
7433238205195	37598	0
7457052414331	37597	0
7487355338320	37596	0
7501422903678	37594	0
7501422904078	37593	0
7501422904176	37592	0
7501422904190	37589	0
7501685178798	37584	0
7505708735614	37560	0
7505977001134	37557	0
7510012576638	37556	0
7510271968174	37552	0
7525850530174	37549	0
7528870141054	37548	0
7528978432894	37547	0
7534431160654	37546	0
7534431160670	37545	0
7534699596126	37543	0
7534700644688	37542	0
7534700644702	37540	0
7570086097277	37535	0
7570354336173	37530	0
7574377881469	37521	0
7574377919613	37518	0
7574646158509	37515	0
7578672886653	37506	0
7578941125549	37502	0
7594510233469	37501	0
7596784312189	37497	0
7603100318029	37496	0
7603100318045	37495	0
7603368753501	37493	0
7603369802064	37489	0
7603369802077	37487	0
7607614438480	37479	0
7672089274704	37478	0
7873949520259	38204	14
7874012434819	37459	0
7876244365699	38204	14
7876782764419	38233	0
7892349940099	37457	0
7900939866499	37456	0
7955805646084	37451	0
7955805646176	37449	0
8022778206723	37447	0
8025651166095	37446	0
8025667943310	37445	0
8030028061699	37437	0
8034207547275	37436	0
8034319884035	37428	0
8038614851075	37427	0
8400890402027	37425	0
8444913819467	37424	0
8463724798348	38204	14
8464658506124	38204	15
8468016067724	37417	0
8468032832655	37410	0
8468049609870	37407	0
8472311587724	37406	0
8515109703555	37405	0
8531331305803	37985	0
8531331305835	37982	0
8531331306251	37979	0
8531331306336	37977	0
8531331306347	37975	0
8532304253323	37476	0
8532572688779	37403	0
8532572819819	37400	0
8532746883851	37392	0
8536769090699	37390	0
8537037526155	37388	0
8541129200907	37385	0
8541332624235	37384	0
8545627591531	37383	0
8545629688171	37380	0
8546885844331	37379	0
8587151201131	37378	0
8587153297771	37377	0
8601197044110	37373	0
8602724647694	37371	0
8605488563342	37368	0
8605488563374	37365	0
8607015289998	37363	0
8609783833486	37362	0
8611310388078	37361	0
8614347029614	37360	0
8615496879214	37357	0
8615605355374	37356	0
8615607452014	37354	0
8633942722894	37353	0
8669739012495	38204	13
8669739020685	38252	0
8674157720715	37351	0
8674157720717	37348	0
8674157720749	37345	0
8683411050349	37340	0
8702611880269	37339	0
8738602443150	37336	0
8742877193355	37334	0
8747189232526	37333	0
8781397683075	37332	0
8962335961459	37331	0
8962871103859	37330	0
8992150994064	37328	0
8992150994065	37326	0
8996442816400	37324	0
8996442816401	37322	0
9000737783440	37321	0
9000737783441	37320	0
9048790870788	37315	0
9049325644548	37310	0
9053620611588	37308	0
9057912433924	37305	0
9059690818564	37295	0
9060870093972	37287	0
9060870466564	37282	0
9060870466704	37280	0
9060870466708	37266	0
9065161916308	37258	0
9065162288900	37253	0
9065162289040	37251	0
9065162289044	37239	0
9069456883348	37238	0
9069457255940	37237	0
9069457256080	37236	0
9069457256084	37235	0
9069992029700	37233	0
9124357684095	37232	0
9124374461310	37231	0
9132897288060	37230	0
9137192255100	37229	0
9151229411742	37228	0
9198259096720	37219	0
9198259096721	37214	0
9198275488916	37211	0
9198275493012	37205	0
9198463569040	37203	0
9202550919056	37194	0
9202550919057	37180	0
9202567311252	37177	0
9202567315348	37171	0
9206845886096	37170	0
9206845886097	37169	0
9206862278292	37168	0
9206862282388	37167	0
9562430763388	37159	0
9562431132028	37157	0
9562431136124	37155	0
9562447528319	37145	0
9562464305534	37142	0
9566722585724	37131	0
9566722954364	37129	0
9566722958460	37127	0
9566739350655	38494	15
9566756127870	38502	0
9572726580492	37122	0
9632101159316	37121	0
9636396126864	37115	0
9640640763147	37112	0
9640640763280	37109	0
9640640763281	37108	0
9640845235600	37104	0
9699640983886	37101	0
9699640984334	37098	0
9699836158332	37096	0
9699836162428	37094	0
9699836531068	37089	0
9699903259006	37086	0
9704127980668	37084	0
9704127984764	37082	0
9704128353404	37073	0
9704195081342	37070	0
9710697170190	37066	0
9733454415262	37065	0
9733458197662	37064	0
9733991285662	37063	0
9733993382302	37062	0
9736507833502	37061	0
9768555630975	37059	0
9768555639164	37057	0
9768555639165	37055	0
9768572416381	37052	0
9768572481917	37049	0
9772847453311	37047	0
9772847461500	37045	0
9772847461501	37043	0
9772864238717	37040	0
9772864304253	37037	0
9778611352845	37031	0
9802123572637	37030	0
9802127343517	37029	0
9802660443037	37028	0
9802662539677	37027	0
9837275111804	37025	0
9838256447892	37024	0
9841566934140	37022	0
9842551415440	37021	0
9846796051856	37018	0
9846796051857	37017	0
10081587397027	38184	12
10091014798464	37014	0
10091014798465	37011	0
10095259434880	38046	0
10095259434881	38001	3
10159199497220	37005	0
10163444133636	36996	0
10219557548965	36995	0
10219591095205	36994	0
10221587545333	36985	0
10221855980965	36984	0
10221868123045	36983	0
10226150947813	36982	0
10226150948261	36981	0
10228181122181	36978	0
10228449557637	36975	0
10232425627557	36961	0
10232425758597	36946	0
10232694194053	36941	0
10233667141029	36910	0
10233667141541	36904	0
10233667141573	36903	0
10237962108325	36902	0
10237962108581	36901	0
10237974250405	36900	0
10238169865731	36897	0
10238230544037	36896	0
10238230544053	36895	0
10238230675077	36894	0
10249888743821	36893	0
10287471720100	36884	0
10287505266340	36883	0
10292686859652	36882	0
10296095304836	36878	0
10296965614598	36874	0
10296965614720	36870	0
10296965614721	36866	0
10297170087040	36864	0
10300339941252	38001	5
10301273649028	38001	4
10301414723456	36862	0
10305568616068	36861	0
10319545561509	36860	0
10320084627909	36859	0
10730790900101	36858	0
10730964964224	36857	0
10735259931264	36851	0
10739347281280	36848	0
10739347281281	36847	0
10739551753600	36846	0
10799414821294	36843	0
10803706643630	36840	0
10809348555694	36839	0
10810266534830	36838	0
10813638719150	36837	0
10823134755982	36833	0
10867818819917	36831	0
10867818820365	36829	0
10868083978669	36826	0
10868084109693	36824	0
10868084109709	36822	0
10868352545165	36808	0
10868353593741	36796	0
10868353594125	36795	0
10868353594240	36794	0
10868353594253	36790	0
10872375801005	36787	0
10872375932029	36785	0
10872375932045	36783	0
10872644367501	36781	0
10872644367757	36779	0
10872648561037	36777	0
10872648561280	36775	0
10872648561293	36773	0
10876939334509	36772	0
10876939334541	36761	0
10876939335053	36752	0
10876940383616	36750	0
10876940383629	36745	0
10877912282029	36732	0
10878120031501	36731	0
10878180717485	36722	0
10878180848525	36715	0
10884455527821	36714	0
10884455528269	36713	0
10888750495117	36712	0
10888754081677	38001	4
10888754688397	36710	0
10891048927117	38001	4
10937073066880	36709	0
10941368033920	36707	0
10945659856256	36706	0
11168213889427	36704	0
11168214135187	36702	0
11170488213907	36701	0
11190620565907	36683	0
11199208403347	36680	0
11234929485828	36679	0
11303598643203	36678	0
11307946033045	36677	0
11308482903445	36676	0
11308494861205	36675	0
11337742171829	36674	0
11337742237365	36673	0
11337759014581	36672	0
11337759014582	36671	0
11337759022771	36670	0
11350657548726	36668	0
11350658597302	36666	0
11350927032758	36665	0
11350927032774	36664	0
11350927163798	36663	0
11351192322550	36661	0
11374098642580	36660	0
11374098888340	36659	0
11377164007060	36658	0
11392182209798	36657	0
11396477176838	36649	0
11396761892500	36640	0
11400768999174	36625	0
11405063966214	36624	0
11405349729940	36621	0
11406418210484	36618	0
11406478491318	36617	0
11406478495414	36616	0
11406479543984	36615	0
11406479543990	36613	0
11419596321173	36612	0
11488220242366	36609	0
11496807031742	36608	0
11543867125427	36607	0
11543883890358	36606	0
11898926514558	36604	0
11899195998990	36603	0
11899465580958	36602	0
11903218336894	36600	0
11903755007134	36599	0
11903755011230	36598	0
11907781739374	36597	0
11908054889374	36580	0
11908054893470	36577	0
11912345237150	36576	0
11915297933134	36575	0
11969122398646	36556	0
11973414220982	36555	0
11977709188022	36554	0
11982005204144	36541	0
11986248791987	36540	0
12036870979998	36539	0
12041160406174	36538	0
12045460288414	36524	0
12049750636190	36523	0
12261402845635	38204	0
12265721575616	36519	0
12265721575617	36516	0
12289125556675	38204	0
12330196411840	36514	0
12334441048068	36513	0
12334441048256	36511	0
12334441048260	36510	0
12334975821828	36508	0
12403110205443	36507	0
12403110205632	36506	0
12403110205633	36505	0
12403110205635	36504	0
12403644979203	36502	0
12407457921477	36501	0
12407457948613	36500	0
12407471711173	36499	0
12407726160373	36498	0
12407994595813	36497	0
12427204376773	36494	0
12427211154373	36493	0
12436387945987	36492	0
12436387946144	36491	0
12436387946145	36490	0
12436387946147	36489	0
12436448755333	36488	0
12436448755365	36487	0
12436448755367	36486	0
12450438660550	36485	0
12450438726086	36484	0
12450455503302	36483	0
12450455503303	36482	0
12450455511492	36481	0
12450455512000	36480	0
12476140841412	36479	0
12476140857028	36478	0
12476140857284	36477	0
12495001120708	36476	0
12495015797188	36474	0
12495125325508	36471	0
12499296088004	36470	0
12503591186084	36469	0
12504572644870	36467	0
12519101919685	36459	0
12519107883461	36458	0
12519174980039	36457	0
12519174984135	36456	0
12519370158581	36443	0
12519638594021	36441	0
12523455274951	36439	0
12523455620295	36421	0
12523455620551	36415	0
12523469951431	36414	0
12523469951680	36413	0
12523469951687	36412	0
12563720631751	36411	0
12563734701511	36404	0
12565182304711	37577	0
12586909983151	36392	0
12595496772527	36391	0
12642573643427	36390	0
12642590408358	36389	0
12656546836933	36388	0
12656563614148	36387	0
12656580379079	36386	0
12660858581696	36384	0
12665155982279	36383	0
12665155986375	36382	0
12665169744839	36381	0
12665169748935	36380	0
12665424221175	36379	0
12665692656615	36378	0
12709716074055	36377	0
13067781730725	36376	0
13076338111904	36364	0
13076338111905	36363	0
13076398928807	36362	0
13084955309987	36361	0
13355998590640	36360	0
13355998590641	36359	0
13364585380016	36357	0
13364585380017	36355	0
13375752294835	36352	0
13375860736435	36351	0
13378631066035	36348	0
13429013030320	36346	0
13433146824884	36345	0
13434484500484	36344	0
13436262885124	36341	0
13440554707460	36339	0
13444849674500	36338	0
13502020139189	36337	0
13502020147379	36336	0
13503153657859	36335	0
13507237722581	36334	0
13507237722613	36333	0
13507506158037	36332	0
13507506158053	36331	0
13509536331957	36330	0
13511740447235	36327	0
13513831299253	36326	0
13513837892533	36322	0
13516035414275	36321	0
13516096242613	36320	0
13531604541187	36316	0
13531665350533	36312	0
13531933589429	36303	0
13535899508227	36302	0
13535960317573	36301	0
13536228556469	36300	0
13536228594613	36299	0
13549272121782	36298	0
13549272129972	36297	0
13549272130480	36296	0
13573155416532	36295	0
13581628043188	38001	7
13581752063668	38001	7
13581752820148	38006	0
13600609628084	38001	6
13604904595124	36294	0
13604904621748	36293	0
13617814098357	36292	0
13650361439671	36291	0
13653570834871	36290	0
13685371011846	36288	0
13686438322648	36285	0
13686438453688	36283	0
13686706889144	36593	0
13687679836632	38373	12
13687679836664	38396	0
13687948272088	36281	0
13687948272104	36279	0
13687948403128	36276	0
13695025112024	36275	0
13695025243064	36274	0
13695293678520	36273	0
13696266626008	36272	0
13696266626040	36271	0
13696535061464	36270	0
13696535061480	36269	0
13696535192504	36268	0
13719721313206	36267	0
13719723409846	36266	0
13722237876406	36265	0
13736263511880	38535	0
13740558478920	36264	0
13754352636343	36262	0
13755427418889	36261	0
13755427419056	36260	0
13758644458679	36258	0
13759722386096	36256	0
13763876082615	36255	0
13765204349879	36254	0
13768309175472	36253	0
13823341601544	36252	0
14469650200544	36250	0
14469650200545	36249	0
14496763249123	36248	0
14497740145123	36247	0
14498275287523	36246	0
14532659128324	36241	0
14533995383012	36240	0
14535695804164	36235	0
14601328285699	36227	0
14602789992169	36226	0
14605944240581	36225	0
14605944306117	36224	0
14607017785829	36223	0
14607017851365	36222	0
14607017851621	36221	0
14607026602981	36220	0
14607084959717	36219	0
14611252009475	36216	0
14611252009696	36214	0
14611252009697	36212	0
14611252009699	36209	0
14611312818917	36206	0
14611312818919	36205	0
14611329596133	36202	0
14611329596134	36201	0
14611329604323	36200	0
14619902491365	36199	0
14634733585381	36198	0
14648656806294	37214	1
14648925045190	36191	0
14674627226052	36184	0
14675695748836	36181	0
14675695749092	36178	0
14675696773604	36170	0
14675805489120	36168	0
14680049072870	36167	0
14680049076966	36166	0
14680050125536	36164	0
14680050125542	36162	0
14684283562980	36159	0
14684283586276	36147	0
14688578530020	36144	0
14702647756516	36143	0
14703881471716	36142	0
14717325963669	36137	0
14717588238789	36136	0
14717588304325	36135	0
14718661849573	36133	0
14723049092329	36131	0
14748718234339	36130	0
14748718234341	36128	0
14784803930886	36126	0
14787459899880	36123	0
14787459965416	36120	0
14787476742632	36118	0
14787476742633	36116	0
14787476750822	36115	0
14791768573158	36114	0
14796046689256	36113	0
14796046754792	36112	0
14796063532008	36111	0
14796063532009	36110	0
14796063540198	36109	0
14796064589280	36107	0
14840623825894	36106	0
14840625922534	36105	0
14841882097894	36104	0
14856196219369	36102	0
14856196223465	36100	0
14856197272041	36097	0
14856197272329	36096	0
14856197272544	36095	0
14856197272553	36093	0
14860487673065	36092	0
14860488045801	36091	0
14860492239337	36089	0
14860492239584	36088	0
14860492239593	36087	0
14864715912167	36086	0
14864725677031	36085	0
14864783008745	36084	0
14864783012841	36083	0
14869077964521	36082	0
14869077964777	36081	0
14869077980137	36080	0
14869077980393	36079	0
14869079028960	36078	0
14869079028969	36077	0
14869080076777	36075	0
14908805990377	36074	0
14908809922537	36073	0
14908810621417	36072	0
14929157184232	36070	0
14937747110632	36069	0
14993537667557	36068	0
14993584853478	36067	0
14993601618409	36056	0
14997876675814	36055	0
14997893068009	36054	0
14997893072105	36053	0
15002094048736	36050	0
15002094048737	36049	0
15002154865639	36048	0
15002171642854	36047	0
15002188407785	36046	0
15006467658976	36045	0
15559671382483	36044	0
15563983108304	36032	0
15563983108305	36031	0
15568261308883	36029	0
15583390171603	36026	0
15584366883283	36023	0
15632167806980	36021	0
15632701716692	36020	0
15632702580740	36019	0
15632702580944	36017	0
15632702580948	36016	0
15700836964355	36014	0
15701371738115	36013	0
15701371738320	36012	0
15701371738321	36011	0
15701371738323	36010	0
15701479732954	36009	0
15705455802869	36008	0
15705455933893	36007	0
15705455933909	36006	0
15705724369365	36005	0
15705724369621	36004	0
15705732936661	35996	0
15708492478709	35977	0
15708492609749	35974	0
15709958527491	35971	0
15709958527696	35969	0
15709958527697	35967	0
15709958527699	35964	0
15710019336917	35961	0
15710019336919	35960	0
15710036114133	35957	0
15710036114134	35956	0
15710036122323	35955	0
15721360323541	35943	0
15722038123267	35940	0
15722098932613	35937	0
15748165484950	35935	0
15748700258774	35933	0
15748700258776	35932	0
15774386178000	35930	0
15774386178001	35928	0
15774402082516	35925	0
15774402082772	35922	0
15778755590870	35921	0
15778755594966	35920	0
15778756643536	35918	0
15778756643542	35916	0
15780651297780	35897	0
15781636032774	35894	0
15785927855110	35892	0
15789274494676	35891	0
15790222822150	35890	0
15790508209876	35886	0
15816834642325	35884	0
15817099801077	35883	0
15817099932101	35882	0
15817099932117	35881	0
15817368367573	35879	0
15817369416149	35878	0
15817369420245	35877	0
15821721760983	35874	0
15821721761239	35871	0
15821738833114	35869	0
15847424752339	35868	0
15847424752341	35866	0
15857960854999	35865	0
15886088888792	35864	0
15886088896981	35863	0
15886088896982	35860	0
15886105674196	38045	0
15886105674198	38042	0
15886166483384	35857	0
15886166483416	38124	0
15886166483418	38122	0
15890390907094	35856	0
15890400641494	35855	0
15890400641744	35853	0
15890400641750	35852	0
15894645278160	35849	0
15894645278161	35848	0
15894753272760	35847	0
15894753272792	35846	0
15894753272794	35845	0
15922402126920	35844	0
15927250748374	35843	0
15927252845014	35842	0
15953308783095	35840	0
15953308914135	35838	0
15957600605431	35836	0
15957600736471	35834	0
15963422127063	35833	0
15963422430135	35832	0
15963422430167	35831	0
15991071284295	35830	0
15995432728537	35829	0
15995436660697	35828	0
15995437543897	35827	0
16027863702232	35825	0
16030744159496	35821	0
16031873336314	38372	0
16031873467354	38367	0
16032141902810	35816	0
16036453628632	35815	0
16038399673850	35814	0
16038399804890	35813	0
16064101874392	35812	0
16092244185557	35811	0
16092291371478	35810	0
16092308136409	35800	0
16096583193814	35799	0
16096599405785	35798	0
16100800566539	35797	0
16100800566736	35794	0
16100800566737	35793	0
16100861383639	35792	0
16100878160854	35791	0
16100894925785	35790	0
16105174176976	35789	0
16107068962265	35788	0
16159433802106	35786	0
16163725624442	35784	0
16168714749194	35783	0
16732214142980	35782	0
16743334291716	35781	0
16800883300355	35780	0
16804967496133	35779	0
16805504170469	35778	0
16809470089731	35775	0
16874183158244	35774	0
16882769947620	35771	0
16885439417350	35769	0
16916611494341	35768	0
16985678045624	35765	0
16985946284520	35762	0
16994264835000	35761	0
16994533073896	35760	0
17021913689160	35759	0
17062933992375	35758	0
17063212061671	35757	0
17090582846535	35756	0
17121826218760	35755	0
17190010917195	35754	0
17190010917643	35753	0
17190276206971	35751	0
17194568029307	35749	0
17200312128779	35748	0
22522422848760	35747	0
22539065847480	35746	0
22589095517278	35745	0
22593307360601	35744	0
22593322106201	35743	0
22595722509657	35742	0
22598759185497	35738	0
22601896546137	35737	0
22601913311068	35736	0
22601930088283	35735	0
22606192066137	35734	0
22606208278108	35733	0
22637682964570	35732	0
22637682983514	35731	0
22637685080154	35728	0
22638689597530	35727	0
22638689616474	35726	0
22638691713114	35723	0
22662378529496	35722	0
22662380626136	35719	0
22664391667032	35718	0
22664391795416	35717	0
22664391795432	35716	0
22664391798072	35715	0
22664393892056	35713	0
22664393892072	35708	0
22666337843290	35707	0
22666353326170	35702	0
22666673496776	35699	0
22666675593416	35691	0
22670649569112	35685	0
22670918004568	35679	0
22670918132472	35676	0
22670918135608	35669	0
22670920229112	35641	0
22674927769690	35640	0
22675213099752	35639	0
22675215196392	35626	0
22706822003545	35625	0
22706836749145	35624	0
22707358743385	35623	0
22707371522905	35622	0
22707371553369	35621	0
22707371683929	35620	0
22707371749465	35619	0
22711720187627	35618	0
22739369041755	35617	0
22739369041787	35616	0
22739369344859	35615	0
22745190735451	35614	0
22745190863595	35613	0
22745190866491	35612	0
22745192960235	35610	0
22775540723548	35604	0
22775541506652	35596	0
22775543603292	35570	0
22775556252252	35565	0
22775556382812	35559	0
22775556448348	35548	0
22780389345002	35547	0
22808038199128	35546	0
22808038199130	35545	0
22808038199162	35544	0
22812400564828	35543	0
22812408429148	35542	0
22812408455772	35541	0
22812408586332	35540	0
22812408651868	35539	0
22812668830348	35538	0
22812670926988	35530	0
22843572344923	35529	0
22843580535387	35527	0
22843580665947	35523	0
22843580731483	35521	0
22844830616923	35520	0
22847867312219	35519	0
22855366719581	35518	0
22855366719583	35517	0
22855383496797	35516	0
22855383496798	35515	0
22855383504987	35514	0
22881052638808	35513	0
22881069710683	35512	0
22881069710939	35511	0
22881069748827	35510	0
22881071845467	35494	0
22881337987723	35493	0
22881340084363	38494	6
22912023381934	35489	0
22912299973726	35485	0
22913516977246	35481	0
22922140172926	35479	0
22922140174142	35475	0
22922142269566	35472	0
22924035876956	35471	0
22924035881052	35470	0
22924036618332	35469	0
22924102973534	35468	0
22924102977630	35467	0
22926384808622	35465	0
22926386905262	35459	0
22928397944926	35458	0
22928397945182	35457	0
22928406100830	35454	0
22928406101086	35451	0
22928406135390	35449	0
22928406265950	35442	0
22928406331486	35440	0
22928666380638	35439	0
22928666380654	35438	0
22928666509966	35437	0
22928666509982	35436	0
22928666511678	35435	0
22928668606606	35425	0
22928668606622	35422	0
22930679775902	35421	0
22930681872542	35419	0
22980692539309	35415	0
22981431148381	35408	0
22981431194205	35405	0
22981433290845	35393	0
22992755349599	35382	0
22992755357788	35381	0
22992755357789	35377	0
22992772135003	35376	0
22992772135005	35372	0
22994298862173	35368	0
22994298991277	35366	0
22994298993213	35362	0
22994301087917	35354	0
22997067102301	35353	0
22997067102557	35352	0
22997075246941	35347	0
22997075292765	35345	0
22997075423325	35338	0
22997075488861	35336	0
22997335538013	35335	0
22997335538029	35334	0
22997335667341	35333	0
22997335667357	35332	0
22997335669053	35331	0
22997337763981	35321	0
22997337763997	35318	0
23001311738968	35317	0
23061474830428	35316	0
23061491607643	35315	0
23061508372574	35314	0
23070098602590	35313	0
23070106466910	35312	0
23655288369845	35311	0
23655321793205	35310	0
23655590228645	35309	0
23655858213566	35306	0
23655858467541	35305	0
23656043340489	35304	0
23656043344581	35303	0
23656043344585	35297	0
23656058086089	35296	0
23656058090181	35295	0
23656058090185	35291	0
23656311579385	35290	0
23656311583477	35289	0
23656311583481	35283	0
23656327975676	35278	0
23656579646185	35273	0
23656580014825	35272	0
23656580018917	35271	0
23656580018921	35269	0
23656613188331	35266	0
23656613442277	35265	0
23695234200281	35264	0
23695234200297	35263	0
23698270876361	35261	0
23723183755882	35257	0
23723200520813	35253	0
23723202552428	35248	0
23723247706734	35245	0
23724309709418	35242	0
23725316342378	35239	0
23761873314415	35238	0
23761890091630	35237	0
23761890091736	35236	0
23766117970538	35235	0
23766185059016	35232	0
23770429694712	35227	0
23774707896938	35226	0
23774724661869	35225	0
23774724661992	35224	0
23774741439084	35223	0
23791922033257	35221	0
23791922033285	35220	0
23792189879033	35214	0
23792190468713	35212	0
23792223433433	35209	0
23793179751129	35204	0
23793180304089	35203	0
23793304113877	35202	0
23793448739529	35201	0
23793448741705	35196	0
23793463485129	35195	0
23793463487273	35194	0
23793463487305	35189	0
23793716605657	35184	0
23793716605689	35179	0
23793716978425	35178	0
23793985041113	35176	0
23793985041129	35174	0
23793985045225	35172	0
23793985413865	35171	0
23793985481545	35170	0
23793998261033	35169	0
23793998261065	35164	0
23793998279273	35161	0
23793998671945	35152	0
23794052141803	35149	0
23794059088613	35148	0
23794059088619	35144	0
23810476905067	35142	0
23810476905069	35141	0
23810476905070	35140	0
23811231879787	35139	0
23811231879789	35138	0
23811231879790	35137	0
23811231879915	35135	0
23834904539753	35133	0
23835172975209	35131	0
23843460919913	35129	0
23843729355369	35127	0
23860641133164	35117	0
23860641505900	35114	0
23860641505925	35113	0
23860641505932	35110	0
23860657898095	35100	0
23860674675310	35096	0
23860674929285	35095	0
23860909372060	35089	0
23860909374028	35083	0
23860926136991	35077	0
23860942914206	35074	0
23861177807500	35068	0
23861178360460	35067	0
23861194572431	35061	0
23861211349646	35058	0
23862167642876	35056	0
23862167646028	35054	0
23862168232556	35048	0
23862182978156	35044	0
23862183370828	35039	0
23862436078332	35037	0
23862704521961	35035	0
23862704521962	35033	0
23862721299178	35030	0
23862721364714	35027	0
23879366951018	35026	0
23879366951020	35020	0
23879901037162	35019	0
23879901037166	35017	0
23879901037290	35015	0
23879903690858	35014	0
23912180392556	35013	0
23912180392588	35012	0
23912182792300	35011	0
23929325408873	35009	0
23929325408875	35006	0
23929325408901	35005	0
23929325408907	35002	0
23929386218093	38204	9
23929386218095	38205	0
23929394221701	35001	0
23929402995309	34998	0
23929402995310	34995	0
23929403003499	34991	0
23929645609629	34986	0
23929645609631	34981	0
23929662386845	34978	0
23929662386846	34975	0
23929930830475	34973	0
23929937777317	34972	0
23930199265931	34970	0
23930199267403	34968	0
23930199396971	34962	0
23931155559161	34959	0
23931423994601	34957	0
23947379004009	34956	0
23947379004011	34954	0
23947379004043	34952	0
23948352074349	38204	10
23948352074351	38267	0
23948620509805	34950	0
23948620509806	34948	0
23980849549929	34947	0
23980849549931	34946	0
23980849549963	34945	0
23998030135913	34940	0
23998030135941	34939	0
23998046528108	34933	0
23998046532204	34927	0
23998113628782	34921	0
23998122472046	34917	0
23998122476142	34912	0
23998123524718	34907	0
23998314767004	34901	0
23998314771100	34895	0
23998381863582	34890	0
23998381867678	34887	0
23998381867694	34884	0
23998391960174	34881	0
23998391960190	34876	0
23998392352846	34872	0
23998650303118	34869	0
23998650303150	34865	0
23998650368686	34860	0
23998650606222	34859	0
23998657249957	34858	0
23998657249966	34852	0
23998926709438	34851	0
23998926711854	34850	0
23998926711886	34847	0
24000143475374	34845	0
24000143715406	34843	0
24000177029774	34841	0
24000177160814	34839	0
24017339986542	34837	0
24017339990634	34836	0
24017339990638	34834	0
24017342513262	34831	0
24017356767849	34830	0
24017356767854	34827	0
24017356767886	34825	0
24017373532780	34824	0
24017373532782	34823	0
24021651735150	34821	0
24021651735166	34819	0
24028178008430	34818	0
24028178072174	34816	0
24028178072206	34815	0
24028178072222	34814	0
24028178073966	34812	0
24028180957550	34806	0
24030208115310	34804	0
24066749428329	34801	0
24066749428357	34800	0
24066766000751	34794	0
24066766008940	34791	0
24066766008941	34788	0
24066782786157	34782	0
24066782851693	34776	0
24066782851717	34775	0
24066782851725	34772	0
24066791633515	34768	0
24066791633517	34762	0
24067034239647	34756	0
24067034247836	34753	0
24067034247837	34750	0
24067051025053	34747	0
24067051025069	34744	0
24067051287149	34741	0
24067051287165	34736	0
24067319460491	34734	0
24067319460493	34731	0
24067319460525	34727	0
24067319526061	34722	0
24067326407333	34721	0
24067326407341	34715	0
24067789222573	34713	0
24067789222601	34711	0
24068057658029	34709	0
24068057886541	34705	0
24068057920109	34702	0
24085254173290	34701	0
24085254173291	34698	0
24085254173293	34694	0
24096847165805	34693	0
24096847229549	34691	0
24096847229581	34690	0
24096847229597	34689	0
24096847231341	34687	0
24096850114925	34681	0
24135485481580	34678	0
24135502324357	34677	0
24135511106155	34673	0
24135527871086	34669	0
24135753720476	34666	0
24135787262622	34661	0
24136038933131	34659	0
24136045879973	34658	0
24136056005262	34657	0
24136332108478	34656	0
24136508695241	34654	0
24154244595822	34651	0
24174123082345	34650	0
24432979300986	34649	0
24433257370237	34647	0
24433257370238	34645	0
24433432416891	34644	0
24433432416892	34639	0
24433447162491	34638	0
24433447162492	34634	0
24433700655743	34629	0
24433968661118	34627	0
24433981936251	34626	0
24433985933946	34625	0
24434002207357	34624	0
24434002207358	34623	0
24442592250338	34621	0
24445024860786	34614	0
24445025471090	34612	0
24445025473191	34610	0
24445025475186	34608	0
24445058407026	34607	0
24446568451314	34605	0
24449346720383	34603	0
24449363497598	34601	0
24449363497687	34599	0
24453581238906	34598	0
24453596598906	34596	0
24453648632946	34593	0
24453648634567	34587	0
24453648637042	34583	0
24454185307282	34581	0
24457893269362	34578	0
24457893270263	34573	0
24457893273458	34569	0
24458161508258	34565	0
24462171165306	34564	0
24462188237437	34563	0
24462188237543	34562	0
24462214845052	34561	0
24463211450034	34560	0
24823821324922	34559	0
24823821333082	34558	0
24823821337178	34557	0
24824827957882	34556	0
24824827966042	34555	0
24824827970138	34554	0
24824844362333	34553	0
24824844362334	34552	0
24828116300378	34551	0
24828116304474	34550	0
24828118397018	34540	0
24828118401114	34537	0
24829122933338	34536	0
24829122937434	34535	0
24829125029978	34528	0
24829125034074	34525	0
24829139329629	34524	0
24829139329630	34523	0
24829141426269	34511	0
24829141426270	34503	0
24860579832415	34502	0
24860581929055	34501	0
24860596609630	34500	0
24860598706270	34499	0
24863347936226	34498	0
24863347944818	34497	0
24863348075858	34496	0
24864824488538	34495	0
24864826585178	34494	0
24864839725658	34492	0
24864839729754	34490	0
24864839856218	34485	0
24864839860314	34478	0
24869136215890	34474	0
24869138313040	34473	0
24870864129986	34472	0
24873414414938	34471	0
24873416511578	34470	0
24873431179869	34469	0
24873433276509	34468	0
24873447957084	34467	0
24873450053724	34466	0
24875427532466	34465	0
24891685229179	34464	0
24891685294715	34463	0
24891700040315	34459	0
24891700040317	34457	0
24891702071931	34456	0
24891702071932	34455	0
24891702096473	34454	0
24891718652543	34452	0
24893563884267	34451	0
24895997063769	34450	0
24895999160409	34441	0
24934483345010	34440	0
24934483345266	34439	0
24934483360626	34438	0
24934483360882	34436	0
24934499070066	34429	0
24938778312562	34428	0
24938778316658	34427	0
24938932100987	34422	0
24943073279602	34421	0
24943073713778	34419	0
24943086907506	34413	0
24944147013234	34412	0
24944147013243	34410	0
24960421548666	34409	0
24960421548668	34408	0
24960421548700	34407	0
24960421550716	34405	0
24960454972026	34404	0
24960689500762	34403	0
24960689500764	34402	0
24960689984122	34401	0
24960689984124	34400	0
24960689984140	34399	0
24960706265690	34395	0
24960706265695	34394	0
24960723042906	34393	0
24960723042910	34392	0
24960723047002	34391	0
24960723407482	34390	0
24961696617082	34389	0
24961696617084	34388	0
24961696625242	34387	0
24961696625244	34386	0
24961711362682	34385	0
24961711362684	34384	0
24961711370842	34383	0
24961711370844	34382	0
24962232992346	34381	0
24962232992350	34380	0
24962232992490	34377	0
24962232993002	34375	0
24962233356922	34374	0
24962233365082	34373	0
24964984468058	34372	0
24964984468060	34371	0
24964986564698	34358	0
24964986564700	34345	0
24965001232986	37969	0
24965001232991	37942	0
24965003329626	37892	0
24965003329631	37922	0
24965018010202	34344	0
24965018010206	34343	0
24965018014298	34342	0
24965020106842	34331	0
24965020106846	34327	0
24965020110938	34312	0
24965991592538	34311	0
24965991592540	34310	0
24965993689178	34298	0
24965993689180	34289	0
24966006338138	34288	0
24966006338140	34287	0
24966527959642	34286	0
24966527959646	34285	0
24966527959786	34283	0
24966527960042	34281	0
24966528332378	34280	0
24966530056282	34273	0
24966530056286	34271	0
24966530056426	34268	0
24966530429018	34255	0
24980822663772	34253	0
24980822663804	34252	0
24980824760412	34242	0
24980824760444	34241	0
24983070158706	34240	0
24983070158716	34238	0
24983070792306	34237	0
24983070792316	34232	0
24983085537916	34227	0
24983085883506	34226	0
24983085883516	34217	0
24983607029106	34216	0
24983607036386	34214	0
24983607532146	34213	0
25006524842586	34211	0
25006524842746	34210	0
25006524845882	34209	0
25006524845906	34208	0
25006524845914	34206	0
25006526939226	34193	0
25006526939386	34192	0
25006526943056	34191	0
25006526943066	34189	0
25007497793394	34188	0
25007497793402	34186	0
25007497793426	34185	0
25007766228850	34184	0
25007766228858	34182	0
25007766228866	34181	0
25007766359890	34180	0
25007766359898	34176	0
25010819809882	34175	0
25010819810026	34174	0
25010819813978	34173	0
25010821906522	34172	0
25010821906666	34171	0
25010821910618	34170	0
25010886910556	34169	0
25010889007196	34168	0
25010894840412	34165	0
25010894970972	34153	0
25011792763506	34152	0
25011963320956	34149	0
25029157474941	34148	0
25029157474943	34143	0
25029174252157	34142	0
25029174252158	34141	0
25029442523738	34140	0
25029442523739	34139	0
25029710959195	34138	0
25029711024731	34137	0
25029718889051	34135	0
25030684029533	34134	0
25030684029535	34133	0
25030700847867	34132	0
25030952464989	34131	0
25030952464990	34130	0
25030969283307	34129	0
25033737491034	34128	0
25033737491035	34127	0
25033739587674	34124	0
25033739587675	34117	0
25034005926491	34116	0
25034005992027	34115	0
25034008023131	34105	0
25034008088667	34092	0
25034013856347	34090	0
25034978996829	37800	0
25034978996831	37799	0
25034981093469	37780	0
25034981093471	37769	0
25035247432285	34089	0
25035247432286	34088	0
25035249528925	34086	0
25035249528926	34084	0
25049506566747	34082	0
25049506566779	34081	0
25049506697307	34074	0
25049506697339	34073	0
25052326505842	34072	0
25052446743931	34070	0
25056353040626	34069	0
25056621476066	34068	0
25079539282525	34067	0
25079539285586	34066	0
25079539290714	34065	0
25079539290715	34064	0
25079541379165	34063	0
25079541382736	34062	0
25079541387354	34061	0
25079541387355	34060	0
25079556067931	34059	0
25079556133467	34058	0
25079558164571	34057	0
25079558230107	34056	0
25080512233074	34055	0
25080512233106	34054	0
25080512240242	34053	0
25080512535922	34052	0
25080512536178	34048	0
25097826947706	34046	0
25097826947708	34045	0
25097826947740	34044	0
25097893728894	34043	0
25097893731454	34039	0
25097893794430	34038	0
25097893794462	34037	0
25097903559292	34036	0
25097903559294	34034	0
25097903561767	34031	0
25097903561774	34030	0
25097903561854	34025	0
25097903587934	34024	0
25097903587966	34021	0
25097903588478	34018	0
25098161996378	34017	0
25098161996382	34016	0
25098161996462	34013	0
25098161996974	34010	0
25098162229886	34009	0
25098162229902	34008	0
25098430468798	34007	0
25098438333118	34006	0
25098438335534	34005	0
25098698904238	34004	0
25098698969724	34003	0
25098698969726	34002	0
25098707825244	34001	0
25098707825246	34000	0
25099671941726	33999	0
25099671945818	33998	0
25099671945822	33997	0
25099672179326	33996	0
25099672187486	33995	0
25099688723038	33993	0
25099688788574	33992	0
25099705602684	33991	0
25099705602686	33990	0
25102198555230	33989	0
25102198555262	33986	0
25102198555518	33981	0
25102456963674	33980	0
25102456963678	33979	0
25102456963758	33976	0
25102456964014	33973	0
25102459060314	33970	0
25102459060318	33962	0
25102459060398	33955	0
25103002792540	33954	0
25103002792542	33953	0
25103966909022	33952	0
25103966913114	33951	0
25103966913118	33950	0
25103967154782	33949	0
25103969005662	33947	0
25103969009754	33944	0
25103969009758	33942	0
25103969251422	33937	0
25103983690334	33935	0
25103983755870	33934	0
25103985786974	33916	0
25103985852510	33908	0
25118304682590	37711	0
25118304682622	37707	0
25118304813150	37698	0
25118304813182	37693	0
25121056119934	33907	0
25121056473202	33904	0
25121056473214	33900	0
25121163362942	33895	0
25121163428478	33893	0
25121163428734	33891	0
25121165525118	33889	0
25121167295102	33883	0
25122523017820	33882	0
25122525114460	33881	0
25126884590174	33879	0
25126884590238	33878	0
25126884591934	33877	0
25126884591954	33876	0
25126884591966	33874	0
25126886686814	33868	0
25126886686878	33867	0
25126886689104	33866	0
25126886689118	33864	0
25126892520030	33860	0
25126892650590	33850	0
25129636055378	33849	0
25129636055390	33847	0
25166562873981	33846	0
25166562873983	33845	0
25166562877309	33841	0
25166562914909	33840	0
25166562914941	33837	0
25166562915453	33834	0
25166831153754	33833	0
25166831153755	33832	0
25166831153757	33831	0
25166831153837	33828	0
25166831154349	33825	0
25167586128474	33824	0
25167586128475	33823	0
25167586128477	33821	0
25170857882205	33820	0
25170857882237	33817	0
25170857882493	33814	0
25170859978845	33806	0
25170859978877	33801	0
25171126121050	33800	0
25171126121051	33799	0
25171126121053	33798	0
25171126121133	33795	0
25171126121389	33792	0
25171128217690	33785	0
25171128217691	33779	0
25171128217693	33771	0
25171128217773	33762	0
25171881095770	33761	0
25171881095771	33760	0
25171881095773	33758	0
25171883192410	33752	0
25171883192411	33743	0
25171883192413	33725	0
25188691737026	33723	0
25188960172658	33722	0
25188960172669	33720	0
25188970291069	33710	0
25188970655858	33704	0
25188970655869	33693	0
25193255139506	33692	0
25193255139954	33691	0
25193255139965	33689	0
25195553747549	33687	0
25195553747613	33686	0
25195553749309	33685	0
25195553749330	33683	0
25195553749341	33681	0
25195555844189	33672	0
25195555844253	33671	0
25195555846480	33670	0
25195555846493	33668	0
25195561677405	33664	0
25195561807965	33654	0
25199798375007	33652	0
25199798383197	33650	0
25199798385746	33648	0
25199800471647	33620	0
25199800479837	33615	0
25199800482896	33614	0
25200771324530	33613	0
25200771324543	33611	0
25200771332722	33609	0
25200771332733	33607	0
25200771333234	33605	0
25200771333266	33604	0
25235265770106	33602	0
25235282350717	33601	0
25235282350718	33600	0
25235299127934	33599	0
25235299193470	33598	0
25235299193502	33597	0
25235308958332	33593	0
25235308958334	33591	0
25235550626394	33590	0
25235550626395	33589	0
25235567628926	33588	0
25235567628942	33587	0
25235835867838	33586	0
25235843732158	33585	0
25236574261886	33584	0
25236574270046	33583	0
25239845593690	33582	0
25239845593691	33581	0
25239847690330	33573	0
25239847690331	33564	0
25240869237342	38089	0
25240871333982	38001	13
25257411209666	33562	0
25264273221970	33560	0
25264275319120	37850	0
25268593914462	38094	0
25268594045022	38001	13
25269490801266	33559	0
25269490805362	33558	0
25269661358718	33556	0
25272812823130	33555	0
25272814919770	33554	0
25273785772658	33553	0
25273785772914	33552	0
25273796255858	33550	0
25274054208370	33549	0
25274054208386	33548	0
25274054339410	33547	0
25535123083908	33543	0
25535141884548	33542	0
25535185998468	33538	0
25537792533124	33535	0
25539434807917	33534	0
25539436839532	33533	0
25539436839604	33532	0
25539436839606	33531	0
25539470262964	33530	0
25539470262966	33529	0
25539470265186	33528	0
25539481993838	33526	0
25543731376804	33520	0
25543731378786	33516	0
25543731806884	33511	0
25543731806886	33509	0
25543764923044	33508	0
25543764925026	33507	0
25547976012500	33502	0
25547976442580	33496	0
25547976442582	33494	0
25547976445282	33490	0
25548053054063	33488	0
25548069831278	33486	0
25548069831380	33483	0
25548069831382	33481	0
25550660324706	33479	0
25552270979691	33478	0
25552270979780	33477	0
25552286155371	33475	0
25552286155460	33471	0
25552286155462	33469	0
25552302932586	33467	0
25553439580804	33463	0
25553697000546	33460	0
25556565934836	33459	0
25556565938018	33458	0
25560860902116	33457	0
25560860906091	33456	0
25560861147876	33455	0
25560861147878	33454	0
25560861150818	33453	0
25560873992811	33451	0
25560921178732	33450	0
25561985147524	33447	0
25617836161935	33446	0
25617852939150	33445	0
25626392543115	33444	0
25992325272279	33441	0
25993075397355	33439	0
25993075397867	33437	0
25993075512043	33436	0
25993080242923	33434	0
25993080247015	33432	0
25993080247019	33429	0
26000978053986	33428	0
26001514793826	33427	0
26001528107106	33426	0
26037367247611	33425	0
26037367250747	33424	0
26037369344251	33423	0
26037635485547	33422	0
26037635489643	33421	0
26037638434667	33419	0
26037638438763	33417	0
26041662214891	33416	0
26041664311531	33415	0
26060201063052	33413	0
26060201063564	33409	0
26060201611916	33408	0
26060201616012	33407	0
26060205912716	33396	0
26060217827983	33394	0
26060217828495	33390	0
26060222677647	33379	0
26060234605198	33377	0
26060234605710	33374	0
26060239454862	33369	0
26064496583308	33368	0
26064496583564	33367	0
26064498679948	33357	0
26107277856642	33356	0
26107277922178	33355	0
26107294699394	33354	0
26107294699395	33353	0
26110398472844	33352	0
26110400569484	33351	0
26111744434828	33350	0
26128954086027	33348	0
26128954086539	33346	0
26128958935691	33343	0
26128958935719	33341	0
26129222521483	33339	0
26129222521995	33337	0
26129222652507	33336	0
26129222652523	33334	0
26129227371147	33331	0
26130212475643	33330	0
26130217206523	33323	0
26130480911083	33322	0
26130485641963	33320	0
26130485644587	33318	0
26133517619803	33317	0
26133517619819	33316	0
26133517620075	33315	0
26133519716443	33313	0
26133519716459	33305	0
26137626988642	33304	0
26137626988651	33299	0
26137812587115	33295	0
26137812587371	33294	0
26137814683755	33290	0
26137815732331	33285	0
26139070840171	33284	0
26139073482091	33276	0
26153364927117	37294	0
26153364927119	33275	0
26153367023757	38356	0
26153367023759	33274	0
26153381704333	33273	0
26153381704334	33272	0
26153381712523	33271	0
26153383800973	33270	0
26153383800974	33269	0
26153383809163	33268	0
26179067630219	33267	0
26179067761243	33266	0
26179067761259	33265	0
26179069726859	38514	0
26179069857883	33264	0
26179069857899	33263	0
26179335851371	33262	0
26179335851627	33261	0
26179336196715	33260	0
26179336196971	33259	0
26179338293355	33250	0
26179338800491	33248	0
26179338800747	33246	0
26179339341931	33242	0
26197673558670	33240	0
26197673558702	33238	0
26197673559182	33235	0
26197673559214	33232	0
26197673857678	33231	0
26197673861774	33230	0
26197678408334	33225	0
26197678408359	33223	0
26197678408366	33218	0
26197942096574	33217	0
26198210532014	33216	0
26198215262894	33212	0
26199200285326	33210	0
26199200285838	33208	0
26199200416350	33207	0
26199200416366	33205	0
26199205134990	33202	0
26201968829070	33201	0
26201968829326	33200	0
26201970925710	33185	0
26203495383646	33184	0
26203495383662	33183	0
26203495383918	33182	0
26203497480286	33180	0
26203497480302	33178	0
26206330748002	33177	0
26206532025454	33176	0
26207682858094	33172	0
26207790350958	33170	0
26207790351214	33169	0
26207792447598	33167	0
26207793496174	33165	0
26222034084492	33164	0
26222034088588	33163	0
26222036181132	33162	0
26222036185228	33161	0
26222101181070	33160	0
26222101185166	33159	0
26222101185198	33156	0
26222103277710	33155	0
26222103281806	33154	0
26222103281838	33150	0
26224990642828	33149	0
26224990642830	33147	0
26226396152462	33146	0
26226396152478	33145	0
26226396154174	33144	0
26226398249102	33143	0
26226398249118	33142	0
26226664377198	33141	0
26226664377454	33140	0
26226664393070	33139	0
26226667326318	33137	0
26226667326574	33135	0
26226667342190	33133	0
26266342716043	33131	0
26266342716045	33129	0
26266342716077	33127	0
26266342716555	33125	0
26266342716557	33122	0
26266342716589	33119	0
26266347565707	33116	0
26266347565709	33111	0
26266347565735	33109	0
26266347565741	33104	0
26275050224738	33103	0
26275587095138	33102	0
26275587095149	33098	0
26275597029229	33088	0
26290753557135	33079	0
26290753565324	33078	0
26290753565325	33075	0
26290755653775	33052	0
26290755661964	33051	0
26290755661965	33047	0
26290770342539	33046	0
26290770342541	33043	0
26290770342573	33040	0
26290772439179	33039	0
26290772439181	33035	0
26290772439213	33031	0
26295065309837	33030	0
26295065309853	33029	0
26295065311549	33028	0
26295067406477	33027	0
26295067406493	33026	0
26295333523309	33025	0
26295333550445	33024	0
26295336472429	33021	0
26295336499565	33019	0
26335062188683	33017	0
26335062189195	33015	0
26335067038347	33012	0
26335067038375	33010	0
26335079256718	33009	0
26335079260814	33008	0
26335347495614	37154	0
26339374228110	33007	0
26339374228366	33006	0
26339376324750	32999	0
26343782277218	32998	0
26359473037964	32997	0
26359475134604	32996	0
26359489815179	32995	0
26359491911819	32994	0
26359506580110	37265	0
26359508676750	38342	0
26361782755470	32992	0
26373565836162	32991	0
26373565901698	32990	0
26373582678914	32989	0
26373582678915	32988	0
26624419271284	32987	0
26624419271794	32986	0
26638931190420	38204	7
26638931194516	38240	0
26638931194525	32985	0
26638947971732	32974	0
26638947971740	32973	0
26638947971764	32967	0
26638964736660	37469	0
26638964736671	37468	0
26638981513876	32966	0
26638981513886	32965	0
26638981517972	32964	0
26638981518004	32962	0
26640961729172	32957	0
26640961729180	32951	0
26640961729204	32950	0
26640961729220	32949	0
26640976474772	32945	0
26640976474780	32941	0
26640976474804	32940	0
26640976474820	32939	0
26641241764500	38204	7
26641241764511	38225	0
26641241764596	32937	0
26641498096276	32936	0
26641498096286	32934	0
26641498096356	32932	0
26641498469012	32927	0
26641498469044	32926	0
26641510199956	32921	0
26641510199966	32916	0
26641511248532	32911	0
26643242939028	32907	0
26643242939044	32900	0
26643243438708	32898	0
26643276485268	32897	0
26643276485284	32896	0
26643511874164	32894	0
26643511874674	32892	0
26645806215828	32890	0
26645806215844	32888	0
26645806223988	32886	0
26647571440340	32885	0
26650088022740	32884	0
26650088022756	32883	0
26650098037460	36992	0
26650098037476	32881	0
26651799319188	32875	0
26651799450228	32873	0
26651814564468	32870	0
26651866407620	32865	0
26651866411668	32859	0
26651877479028	32856	0
26652067885684	32854	0
26652067886194	32852	0
26652082999924	32849	0
26652145914484	32846	0
26653040833172	32844	0
26653040833204	32843	0
26653040833220	32842	0
26653040835730	32841	0
26653040835732	32840	0
26653056070292	36936	0
26653056070324	32836	0
26653056070340	36931	0
26653056070345	36926	0
26653056072852	36916	0
26653208562834	32833	0
26656111043316	32825	0
26657347891860	32817	0
26657347891956	32811	0
26657347891961	32801	0
26657347895188	32793	0
26660389245588	32792	0
26660389376628	32791	0
26660406010596	32790	0
26660422791828	32784	0
26660657812084	32783	0
26660657812594	32782	0
26661630759572	32781	0
26661630759604	32780	0
26661631062676	32779	0
26661631062756	32778	0
26661631062761	32777	0
26661631065746	32776	0
26661631065748	32775	0
26661642859156	32770	0
26661642862228	32769	0
26661643907732	36968	0
26661912343188	36310	0
26661912343204	32767	0
26662167802580	32766	0
26662167802596	32765	0
26662177632980	32764	0
26662177632996	32763	0
26716542679935	32762	0
26716559457150	32761	0
26725082283900	32760	0
26729377250940	32759	0
26779056554141	32758	0
26779056554142	32755	0
26787493538786	32754	0
26787493538788	32753	0
26790446234770	32751	0
26790446234772	32750	0
26790461467796	32747	0
26790461471892	32742	0
26790647516306	32739	0
26790649613456	32738	0
26794753290132	32735	0
26794753294228	32730	0
26795009732546	32729	0
26795009732548	32728	0
26799036460690	32727	0
26799036460692	32726	0
26799036464786	32725	0
26799036464788	32724	0
26799048257172	32723	0
26799048261268	32722	0
26799205990556	32721	0
26799573135026	32720	0
26799573135028	32719	0
27158907581020	32718	0
27158907581052	32712	0
27158907581564	32706	0
27158907949660	32705	0
27158907949692	32703	0
27158907950204	32701	0
27158907953752	32700	0
27158907953756	32699	0
27158907953788	32697	0
27158907954300	32695	0
27158924345951	32694	0
27158924345983	32688	0
27158924346495	32682	0
27158941123166	32681	0
27158941123198	32678	0
27158941123710	32675	0
27158941377112	32674	0
27160652260092	32672	0
27160652771996	32668	0
27160652780156	32663	0
27160652784252	32660	0
27160667517596	32656	0
27160667519532	32652	0
27160667525756	32648	0
27160667529852	32645	0
27160920695548	32643	0
27161189139102	32641	0
27161189139178	32639	0
27161189270142	32636	0
27161189270246	32635	0
27169745651426	32634	0
27173535780988	32629	0
27173535785084	32622	0
27205984440146	32621	0
27205984440178	32620	0
27205984440180	32619	0
27209910166108	32618	0
27209912262748	32617	0
27210446836348	32616	0
27210446840444	32615	0
27210450768508	32614	0
27210450772604	32613	0
27228566442655	32607	0
27228566442747	32602	0
27228566450845	32596	0
27228581687965	32595	0
27228581690665	32594	0
27228581690667	32593	0
27228581712507	32590	0
27228581712534	32589	0
27228582171280	32588	0
27228722197149	38204	7
27228722197151	38220	0
27228734214747	32587	0
27228738974365	32584	0
27228738974366	32580	0
27229640176285	38204	8
27229640176287	38214	0
27229908611741	32578	0
27229908611742	32576	0
27233029182043	32575	0
27233029182866	32574	0
27233031278683	32572	0
27233031280016	32571	0
27237123325330	32570	0
27241449967739	32563	0
27241622852219	32558	0
27280106050196	32557	0
27280108146836	32556	0
27296312975964	36821	0
27296312975996	36818	0
27296312976508	36806	0
27296312980060	32555	0
27296312980092	32553	0
27296312980604	32551	0
27296313348700	32550	0
27296313348732	32545	0
27296313349244	32540	0
27296380076638	32539	0
27296380076670	32536	0
27296380077182	32533	0
27296389972568	32532	0
27296389972574	32529	0
27296389972606	32524	0
27296389973118	32519	0
27297285923484	38262	0
27297285927580	32517	0
27297286419100	32512	0
27297458451100	32510	0
27297458451102	32506	0
27297458451134	32503	0
27297458453545	32499	0
27297458453550	32496	0
27297458453662	32492	0
27297554358940	32490	0
27297554363036	32488	0
27297554489980	32482	0
27297554494076	32476	0
27297554854556	32471	0
27297722225276	32470	0
27297722225278	32469	0
27297726886556	32467	0
27297726886558	32464	0
27297726886574	32461	0
27298628088478	32459	0
27298628092574	32457	0
27298628092590	32455	0
27298628223614	32452	0
27298628334238	32446	0
27298638101550	32445	0
27298638119550	32441	0
27298728858236	32440	0
27298728858238	32439	0
27298733519516	32436	0
27298733519518	32434	0
27305842801810	32433	0
27306046291102	32426	0
27310609219708	32425	0
27310609219710	32424	0
27311506374782	32415	0
27311615852668	32414	0
27311615852670	32413	0
27311617380988	32408	0
27311617380990	32406	0
27325907780254	32405	0
27325907845726	32403	0
27325907845790	32402	0
27325909876894	32401	0
27325909942366	32399	0
27325909942430	32398	0
27325913678494	32396	0
27325913809054	32393	0
27326176281236	32392	0
27326176281246	32391	0
27326176281502	32390	0
27326178377876	32389	0
27326178377886	32386	0
27326179426462	32383	0
27326444520062	32378	0
27326444520094	32377	0
27326448452222	32372	0
27326448452254	32371	0
27328692583582	32370	0
27328692829342	32369	0
27328692863636	32368	0
27328692863646	32366	0
27328694960276	32365	0
27328694960286	32363	0
27365032448607	32362	0
27365032448639	32360	0
27365032449151	32358	0
27365032456796	32357	0
27365032456797	32356	0
27365032456828	32354	0
27365032456829	32352	0
27365032457340	32350	0
27365032457341	32348	0
27365049234013	32347	0
27365049234045	32344	0
27365049234557	32341	0
27365049299549	32339	0
27365049299581	32336	0
27365049300093	32333	0
27366005396127	32330	0
27366005396159	32325	0
27366005404316	32323	0
27366005404317	32320	0
27366005699231	32310	0
27366005731990	32309	0
27366273839772	32307	0
27366273839773	32305	0
27366273839789	32303	0
27366273970812	32300	0
27366273970813	32297	0
27366273970886	32296	0
27366542275229	32291	0
27366542275245	32289	0
27366542406269	32285	0
27366542406326	32284	0
27366542471805	32280	0
27366552272685	32271	0
27366552302205	32266	0
27374562082706	32265	0
27374562113170	32264	0
27374830352066	32263	0
27375098787506	32262	0
27379420557437	32252	0
27394576937629	32251	0
27394577003101	32249	0
27394577003165	32248	0
27394579034269	32247	0
27394579099741	32245	0
27394579099805	32244	0
27394582835869	32242	0
27394582966429	32239	0
27394845438612	32236	0
27394845438621	32235	0
27394845438877	32234	0
27394847535252	32227	0
27394847535261	32224	0
27394848583837	32221	0
27395113677437	32216	0
27395113677469	32215	0
27395117609597	32210	0
27395117609629	32209	0
27433751929436	32208	0
27433751929468	32206	0
27433751929980	32204	0
27434724876956	38296	0
27434736972446	38285	0
27434736975401	38204	6
27434737001110	38280	0
27434737459856	38204	6
27434863850140	36741	0
27434863850142	36738	0
27434863850174	36728	0
27434993312412	32202	0
27434993443452	32199	0
27434993443526	32198	0
27435530416798	32193	0
27435541238398	35950	0
27443281559186	32192	0
27443549824706	32191	0
27448409493630	37340	7
27463564911252	32188	0
27463567007892	32178	0
27468144874110	32177	0
27468148806270	32176	0
27472272419666	32175	0
27472272419698	32174	0
27472272419700	32173	0
27722924246946	32172	0
27722924261978	32171	0
27722924262052	32170	0
27722924262562	32169	0
27722924262818	32168	0
27723192485842	32167	0
27723947460578	32166	0
27727064265348	32165	0
27727064265380	32159	0
27727319724676	32158	0
27727319724685	32150	0
27727319724756	32145	0
27727487455885	32144	0
27727487455886	32143	0
27727588467332	32142	0
27727588467340	32135	0
27727588467396	32134	0
27727603212932	32133	0
27727603212940	32127	0
27727603212996	32126	0
27727868502660	32125	0
27727868502671	32116	0
27727868502772	32115	0
27728125207172	32114	0
27728136938116	32112	0
27728136938126	32109	0
27728137986692	32108	0
27728137990788	32107	0
27728242430605	32106	0
27728242430606	32105	0
27742754566820	32099	0
27742754632356	32093	0
27742755062436	32091	0
27742755062438	32089	0
27742761448100	32080	0
27742788113060	32079	0
27742788178596	32078	0
27742794994340	32076	0
27743023067812	32071	0
27743023067813	32065	0
27743023068322	32058	0
27743056614052	32057	0
27743056614053	32056	0
27743056614562	32055	0
27745053068530	32053	0
27745317843620	32051	0
27745317847716	32049	0
27745317847718	32047	0
27745321504162	32046	0
27745334624932	32044	0
27745334624933	32042	0
27745335132322	32040	0
27747083068116	32039	0
27747089949396	32038	0
27747603030671	32037	0
27747619807886	32036	0
27747619807960	32035	0
27749599650516	32034	0
27749599650532	32033	0
27749616471010	32032	0
27749616471458	32031	0
27751378035396	32029	0
27751384916676	32024	0
27751914775240	32021	0
27751915080802	32018	0
27751915080834	32015	0
27755622671092	32009	0
27755629552372	32000	0
27756159410936	36692	0
27756159414146	31994	0
27756159717218	31990	0
27756159717250	31986	0
27757132664226	31984	0
27757132664738	31982	0
27757132664770	31981	0
27759917638372	31980	0
27759924519652	31979	0
27760454378125	31978	0
27760454378216	31977	0
27760471155340	31976	0
27761423970980	31974	0
27761423975076	31972	0
27761423975078	31970	0
27761427631522	31969	0
27761427631778	31968	0
27761440752292	31966	0
27761440752293	31964	0
27761441259682	31962	0
27761679430356	31961	0
27761679430372	31960	0
27761696067234	31959	0
27761696067250	31958	0
27761696198274	31957	0
27796206932621	31956	0
27796206932622	31955	0
27796961907341	31954	0
27796961907342	31953	0
27811742544549	31950	0
27811742544805	31942	0
27811776090789	31941	0
27811776091045	31940	0
27813772541173	31935	0
27814040976805	31934	0
27814054101669	31932	0
27814054101925	31930	0
27814054232229	31919	0
27814054604965	31917	0
27818335943653	31916	0
27818335944101	31915	0
27820366118021	31912	0
27820634553477	31909	0
27824610623397	31903	0
27824610754437	31899	0
27824879189893	31895	0
27825852136869	31889	0
27825852137381	31885	0
27825852137413	31884	0
27830147104165	31883	0
27830147104421	31882	0
27830160229029	31880	0
27830160229285	31878	0
27830160359589	31870	0
27830160732325	31868	0
27830415539877	31867	0
27830415539893	31866	0
27830415670917	31865	0
27880732967078	31859	0
27884858092930	31857	0
27884858092932	31856	0
27884872838532	31855	0
27889152752770	31853	0
27889152752772	31852	0
27889354034306	31849	0
27889356128454	31846	0
27889356131456	31845	0
27893459627908	31837	0
27893598670722	31834	0
27893600764150	31828	0
27893600767872	31827	0
27897754594948	31826	0
27897895731341	31825	0
27897895731430	31824	0
27899084828290	31823	0
27899084828292	31822	0
27916180673197	31821	0
27916180673199	31820	0
27916180673231	31819	0
27916197450413	31818	0
27916197450414	31817	0
27916197778087	31816	0
27916197786277	31815	0
27916197790373	31814	0
27916465885869	31813	0
27916465885870	31812	0
27916465885886	31811	0
27916466016909	31810	0
27916466016910	31809	0
27916466016983	31808	0
27916466025173	31807	0
27917220860589	31806	0
27917220860590	31805	0
27917220860651	31804	0
27917220991629	31803	0
27917220991630	31802	0
27917220991719	31801	0
27917220999909	31800	0
27948644627109	31795	0
27948645053093	31793	0
27948645057189	31791	0
27948646723749	31769	0
27948647149733	31759	0
27948647153829	31752	0
27948678173349	31751	0
27948680269989	31750	0
27951161171186	31744	0
27951429606818	31743	0
27951443234978	31734	0
27951459627173	31732	0
27951459631269	31730	0
27955724573666	31729	0
27955724574114	31728	0
27957268214469	31726	0
27957270311109	31713	0
27961512850165	31711	0
27961514946805	31697	0
27963240766882	37214	10
27963240767394	31693	0
27963240767426	31692	0
27965807817445	31691	0
27965809914085	31690	0
27967535734178	31689	0
27967535734434	31688	0
27967549362338	31682	0
27967565754533	31680	0
27967565758629	31678	0
27967804169890	31677	0
27967804169906	31676	0
27967804300930	31675	0
28327155380829	31674	0
28327155380831	31673	0
28327172158045	31672	0
28327172158046	31671	0
28327172166235	31670	0
28327172166309	31669	0
28327172297349	31668	0
28327428530829	31666	0
28327428530831	31663	0
28327428534925	31661	0
28327428534927	31659	0
28327440732805	31658	0
28327445308045	31656	0
28327445308046	31653	0
28327445312141	31651	0
28327445312142	31649	0
28327445320331	31647	0
28327445975680	31646	0
28329168646901	31645	0
28329437082341	31644	0
28331735700866	31643	0
28331737798016	38494	5
28337708250866	31642	0
28337976686306	31641	0
28343815295621	31640	0
28343817392261	31639	0
28346566729090	31638	0
28378510442066	31637	0
28378778676610	31636	0
28378778676866	31635	0
28378778680962	31634	0
28395891634782	31633	0
28395891638878	31632	0
28395891638949	31631	0
28395891638958	31628	0
28395891639470	31625	0
28396164784780	31623	0
28396164784782	31620	0
28396164788878	31618	0
28396164792974	31615	0
28396164793006	31612	0
28397066486438	31610	0
28397082829477	31609	0
28397082833573	31608	0
28397083263653	31606	0
28397233787566	31605	0
28397238514350	31603	0
28397238518446	31601	0
28397239567022	31596	0
28397239567534	31593	0
28397240603310	31589	0
28398139720366	31586	0
28398139785902	31582	0
28398156563109	31581	0
28398156563118	31578	0
28401534534318	31575	0
28401534534574	31570	0
28402451530414	31568	0
28402451530670	31566	0
28402453627054	31563	0
28405622433442	31562	0
28405622437538	31561	0
28405823714990	31560	0
28406696167074	31559	0
28406696167086	31555	0
28410118374830	31554	0
28410121323950	31549	0
28410122371758	31544	0
28415286205570	31543	0
28415286205582	31541	0
28415319751822	31537	0
28464560796251	31536	0
28464560796253	31533	0
28464560796325	31532	0
28464560796333	31529	0
28464560796845	31526	0
28464560927325	31524	0
28464560927357	31522	0
28464560927365	31521	0
28464560927373	31519	0
28464560927869	31517	0
28464560927885	31515	0
28464829362781	31514	0
28464829362797	31512	0
28464829362821	31511	0
28464829362829	31508	0
28464829363341	31506	0
28464829363597	31504	0
28464833929869	31497	0
28464833929871	31495	0
28464833933096	31490	0
28464833933101	31487	0
28464833933197	31478	0
28464833950347	31476	0
28464833950349	31471	0
28464833950381	31468	0
28464834605197	31463	0
28464834605696	31462	0
28464834605709	31460	0
28465785467565	31457	0
28465785533101	31453	0
28465802310309	31452	0
28465802310317	31449	0
28465802310341	31448	0
28466053903021	31445	0
28466053968557	31441	0
28466054099581	31439	0
28466054099597	31433	0
28466070745765	31432	0
28466070745773	31429	0
28466070745781	31428	0
28466070876805	31427	0
28466070876813	31422	0
28469124330077	31421	0
28469124330093	31420	0
28469124330125	31418	0
28469124330349	31417	0
28469124330381	31415	0
28469124330882	31414	0
28469124330893	31411	0
28469126426717	31404	0
28469126426733	31399	0
28469126426765	31390	0
28469126428032	31389	0
28469126428045	31387	0
28470097277613	31385	0
28470097277869	31383	0
28470099374253	31380	0
28470365713069	31378	0
28470365713325	31376	0
28470365844109	31373	0
28470365844365	31370	0
28470367809709	31367	0
28470367940749	31356	0
28474341914274	31355	0
28474341914285	31351	0
28474341914306	31350	0
28474610349730	31349	0
28474610349741	31345	0
28474610349746	31344	0
28481203925597	31342	0
28481203925613	31340	0
28481203925637	31339	0
28481203925645	31337	0
28481203926589	31332	0
28481206022237	31327	0
28481206022253	31320	0
28481206022277	31319	0
28481206022285	31313	0
28483200376706	31312	0
28483200376717	31308	0
28483233922957	31296	0
28483233968772	31295	0
28483233968781	31290	0
28483236065412	31289	0
28483236065421	31286	0
28498769542226	31283	0
28499037781122	31280	0
28533280268891	31279	0
28533280268965	31278	0
28533280400005	31277	0
28533297033822	31276	0
28533548835461	31275	0
28533553406605	31272	0
28533553406606	31270	0
28533553422987	31268	0
28533554078336	31267	0
28533570183820	31262	0
28533570183822	31260	0
28533570187918	31258	0
28534505308838	31253	0
28534521782949	31252	0
28534521782981	31251	0
28534522086053	31246	0
28537843803522	31245	0
28537845900672	37137	0
28543061386914	31244	0
28543061386946	31243	0
28549923398277	31242	0
28549925494917	31241	0
28551919853186	31240	0
28567125656238	31239	0
28567125786798	31238	0
28571783981906	31237	0
28572052204930	31233	0
28572052205186	31232	0
28572052220802	31231	0
28822704048050	31229	0
28822704048062	31228	0
28822704048082	31227	0
28826831590068	31226	0
28826831655604	31225	0
28826831655636	31224	0
28826845352628	31221	0
28826846401204	31218	0
28827100091060	31217	0
28827100091076	31216	0
28827114836660	31215	0
28827114836676	31214	0
28827368329972	31213	0
28827380126452	31212	0
28827636765412	31211	0
28827636830900	31210	0
28827649618564	31209	0
28827649618580	31208	0
28829381554804	31206	0
28829381554836	31204	0
28829381554838	31203	0
28829381800564	31202	0
28829381800596	31200	0
28829381800598	31199	0
28831411556242	31192	0
28831427281042	31188	0
28831944585844	31187	0
28831944585876	31184	0
28831944585878	31183	0
28831948426642	31181	0
28831961363092	31178	0
28831961363093	31177	0
28846584795828	38184	5
28846584795839	38185	0
28846601573044	31172	0
28846601573054	31171	0
28846601573076	31170	0
28849144697534	31169	0
28849144943294	31168	0
28850889667220	31166	0
28850896540340	31163	0
28850896540356	31160	0
28851426643042	31157	0
28851542471284	31153	0
28851542471316	31149	0
28851542471318	31147	0
28851694908562	31146	0
28851700806292	31142	0
28859446047380	31140	0
28859452920500	38177	0
28860130308724	36958	0
28860130308756	36954	0
28860130308758	36952	0
28860251288722	31139	0
28860257186452	38065	0
28860257878162	38001	10
28861207695026	31138	0
28861207760562	31136	0
28861224293099	31135	0
28861224296114	31134	0
28861224537778	31133	0
28861224537782	31132	0
28861224541874	31131	0
28900131028885	31130	0
28900146753685	31129	0
28900667899285	31128	0
28900680839829	31127	0
28900680840085	31126	0
28900680970389	31125	0
28917864420030	31124	0
28929927167669	31123	0
28929927233205	31122	0
28929944010421	31121	0
28929944010422	31120	0
28929944018610	31119	0
28929944018611	31118	0
28968800186258	31117	0
28968800186260	31116	0
28968815911058	31115	0
28968815911060	31114	0
28969337056658	31113	0
28969337056660	31112	0
28969349985940	31111	0
28984555946166	37566	0
28984555946175	31110	0
28984572723382	31105	0
28984572723390	31104	0
28984572723414	31101	0
28986585989302	31099	0
28986585989310	31098	0
28986585989334	31096	0
28986585989350	31094	0
28988867690678	31091	0
28988867690694	31088	0
28988947871380	31083	0
28997424070838	37527	0
28997424201878	31081	0
28997535708820	31078	0
28997692637334	31076	0
28998596390578	31075	0
28998596390580	31074	0
28998604189364	31071	0
28998663118518	31070	0
28998663487158	31069	0
28998663491250	31068	0
28998663491254	31067	0
28998665584822	31065	0
28998665584854	31064	0
28998665584870	31063	0
28998665588400	31062	0
28998665588406	31060	0
29014870413982	31059	0
29014870413983	31058	0
29014870414071	31057	0
29014870454933	31056	0
29014870676124	31055	0
29014870676151	31054	0
29014870700693	31053	0
29014887191199	31052	0
29014887256735	31051	0
29014903968414	31050	0
29014903968471	31049	0
29014904099511	31048	0
29014915830430	31044	0
29015977513662	31043	0
29015977579198	31042	0
29053357612434	31038	0
29057684254869	31030	0
29061947284882	31026	0
29061947285394	31022	0
29065336287893	31020	0
29065338384533	38001	12
29066242252178	31019	0
29066242252434	31018	0
29066242317970	31017	0
29066272092309	38001	11
29067315797682	31016	0
29067315863218	31015	0
29084529324726	31014	0
29084529324758	31013	0
29084529623734	31012	0
29084529627830	31011	0
29084529689270	31010	0
29084529689302	31009	0
29084529689306	31007	0
29084529693366	31006	0
29084529693398	31005	0
29084543386294	31003	0
29084543390390	31001	0
29084544434870	30999	0
29084544438966	30997	0
29084697055934	30996	0
29084697060030	30995	0
29084797862630	30994	0
29084797862646	30993	0
29084798124726	30992	0
29084798124742	30991	0
29084798128822	30990	0
29084798128838	30989	0
29084812870326	30988	0
29084812870342	30987	0
29084812874422	30986	0
29084812874438	30985	0
29085066298070	30984	0
29085066298102	30983	0
29085066363638	30982	0
29085066367734	30981	0
29085078160118	30979	0
29085078160122	30975	0
29085078164214	30974	0
29085334618854	30973	0
29085334733526	30972	0
29085334733542	30971	0
29085334799078	30970	0
29085334803174	30969	0
29085334864566	30968	0
29085334868662	30967	0
29085347656342	30966	0
29085347657766	30965	0
29088992027326	30964	0
29088992027582	30963	0
29088994123966	30956	0
29136035090098	30955	0
29136035094194	30954	0
29136035339954	30953	0
29136035344050	30952	0
29136035344052	30951	0
29136052121266	30950	0
29136052121267	30949	0
29136068513462	30948	0
29136068517558	30947	0
29136068886198	30946	0
29495403262558	30945	0
29495403266654	30944	0
29495403332190	30943	0
29495403332222	30941	0
29495403332734	30939	0
29495411126878	30938	0
29495411130970	30937	0
29495411130974	30935	0
29495671767646	30934	0
29495671767662	30932	0
29495676416654	30930	0
29495676416670	30928	0
29495676420750	30926	0
29495676420766	30924	0
29495772570262	30923	0
29495772574358	30922	0
29495772820118	30921	0
29495772824186	30918	0
29495772824214	30917	0
29495940002462	30915	0
29495940002974	30911	0
29495940006558	30909	0
29495940007070	30906	0
29495940305534	30905	0
29495940305566	30904	0
29495944852126	30899	0
29495944856222	30895	0
29495945900702	30890	0
29495945901214	30885	0
29495945904798	30881	0
29495945905310	30878	0
29497651344030	30876	0
29497651348126	30874	0
29497651479166	30872	0
29497651589790	30870	0
29497685004990	30869	0
29497685033566	30868	0
29497685136030	30867	0
29499966734942	30866	0
29499966734958	30865	0
29499966735214	30864	0
29499968831582	30857	0
29499968831598	30852	0
29500240867998	30850	0
29500240868254	30848	0
29500240872094	30846	0
29500240872350	30844	0
29501980000862	30843	0
29501982097502	30841	0
29504328951442	30840	0
29504328955538	30839	0
29504329201298	30838	0
29504329205394	30837	0
29504530232990	30836	0
29504532690590	30830	0
29504532694686	30826	0
29516346995358	30824	0
29516346999454	30822	0
29516347125918	30816	0
29516347130014	30813	0
29519142761118	30811	0
29519142765214	30809	0
29519145287838	30804	0
29564492051094	30803	0
29564492116630	30802	0
29565565530781	30800	0
29565565661821	30798	0
29565565661878	30797	0
29565573460662	30793	0
29565582373557	30792	0
29565582439093	30791	0
29565599175359	30790	0
29565599216221	30789	0
29565599216309	30788	0
29565599216310	30787	0
29565599216822	30783	0
29569894183517	30782	0
29569894183606	30781	0
29569894183862	30780	0
29569896280157	30773	0
29569896280246	30764	0
29573048432274	30763	0
29573048497810	30762	0
29574121977522	30761	0
29574122043058	30760	0
29574122043314	30759	0
29574189151410	30755	0
29574191248560	30754	0
29578417010610	30751	0
29578417010612	30750	0
29578433787826	30747	0
29578433787827	30746	0
29587006683058	30745	0
29587056947869	30740	0
29632808661598	30739	0
29632816525918	30738	0
29633081815694	30736	0
29633081815710	37513	0
29633211523734	30735	0
29633223385722	30733	0
29633223385750	30731	0
29633345401502	30730	0
29633345402014	30729	0
29633345704574	36403	0
29633345704606	36401	0
29633350251166	36767	0
29633351299742	30724	0
29633351300254	30719	0
29634318652094	30718	0
29634553672350	30716	0
29634587087550	30715	0
29634587218590	30714	0
29637646267038	30712	0
29637646267294	30710	0
29641767904914	30709	0
29641935632030	30708	0
29641938089630	36758	0
29653752394398	38079	0
29653752524958	38001	11
29656047370398	38001	11
29670825910965	30707	0
29670825910966	30706	0
29670828007605	30705	0
29670828007606	30704	0
29921393788834	30702	0
29921393788847	30701	0
29921410566050	30699	0
29921410631586	30698	0
29922366738370	30696	0
29922367087196	30693	0
29922367087300	30688	0
29922367087810	30682	0
29922367088066	30678	0
29922381832796	30675	0
29922381832900	30671	0
29922382463170	30668	0
29926611718852	30667	0
29926611722884	30666	0
29926611722892	30663	0
29926611722948	30662	0
29926626464452	30661	0
29926626468484	30660	0
29926626468492	30657	0
29926626468548	30656	0
29926879957748	30655	0
29927148393188	30654	0
29927148462724	30653	0
29927157056228	30651	0
29927161242244	30650	0
29928926847604	30649	0
29930906690164	30648	0
29930906690172	30645	0
29930906690244	30640	0
29930906690246	30639	0
29930921435764	30638	0
29930921435772	30635	0
29930921435844	30631	0
29930921435846	30630	0
29930923444674	30624	0
29930923467460	30619	0
29930923467461	30618	0
29930938213060	30614	0
29930938213061	30613	0
29931191683570	30607	0
29931443430004	30606	0
29931456209524	30605	0
29931460119010	30603	0
29933211533988	30593	0
29933211533999	30591	0
29933228311204	30589	0
29933228311214	30587	0
29933228315300	30585	0
29935201645220	30584	0
29935201645252	30577	0
29935216390820	30576	0
29935216390852	30571	0
29935469884068	36596	0
29935469884079	36587	0
29935469884148	36531	0
29935503430319	30559	0
29935738319524	30558	0
29935738319588	30556	0
29935738385060	30555	0
29935751164580	30553	0
29935771435694	30551	0
29950284067524	30549	0
29950284067526	30548	0
29950284067527	30547	0
29950299120324	30540	0
29950299120326	30538	0
29950299120327	30536	0
29950401290948	30535	0
29950408168132	30533	0
29950408172228	30531	0
29950409220804	30526	0
29950409220806	30524	0
29950677656260	30521	0
29950677656261	30518	0
29950938030792	30516	0
29951039042164	30510	0
29951039042244	30509	0
29951039042246	30508	0
29951039042247	30505	0
29951206773447	30503	0
29951213060290	30499	0
29951307281060	30493	0
29951307281092	30492	0
29955602236068	30486	0
29955602236148	30485	0
29955602236154	30482	0
29955602239394	30481	0
29955602239396	30480	0
29959628968564	30479	0
29959897203364	30478	0
29959897203428	30477	0
29959897203434	30474	0
29959897207460	30473	0
29959914278530	30472	0
29959914278562	30470	0
29959914278567	30469	0
29999642917317	30468	0
29999642944197	30467	0
29999642944453	30466	0
29999657662917	30465	0
29999657689797	30464	0
29999657690053	30463	0
29999657820357	30462	0
29999911156213	30461	0
30000179591653	30460	0
30004222907055	30457	0
30019389372613	30454	0
30019397132997	30451	0
30019397133253	30449	0
30019397263557	30440	0
30019926250183	30437	0
30028633751173	30436	0
30028633751205	30435	0
30028633751207	30434	0
30068312074690	30433	0
30068312074692	30432	0
30068312090306	30431	0
30068312090308	30430	0
30068312090562	30426	0
30068312090564	30425	0
30068326820292	30424	0
30068326835908	30423	0
30068326836164	30422	0
30068580313586	30421	0
30068580313588	30420	0
30068848749026	30419	0
30068848749028	30418	0
30072676237478	30417	0
30072676237510	30411	0
30072944476326	30410	0
30072944476335	30401	0
30072944476406	30395	0
30073212911782	30394	0
30073212911846	30392	0
30073212977318	30391	0
30088379318470	30388	0
30088379384006	30385	0
30088444442306	30384	0
30088444442308	30383	0
30088647819462	30380	0
30088647819463	30377	0
30093007638434	30373	0
30093007638436	30372	0
30097302908546	30371	0
30097302908548	30370	0
30097302908578	30369	0
30097302908580	30368	0
30114398753479	30362	0
30114398753487	30361	0
30114398884511	30360	0
30114398884519	30358	0
30114398884527	30357	0
30114415530695	30353	0
30114415530711	30352	0
30114415661735	30350	0
30114415727271	30349	0
30114667319951	30348	0
30114667319975	30346	0
30114667319983	30345	0
30114684097191	30343	0
30114684162727	30342	0
30115640267463	36573	0
30115640267471	30341	0
30115640267495	36571	0
30115640267511	36569	0
30115640270791	36565	0
30115640595111	30340	0
30115640595143	30335	0
30115640595145	30334	0
30115640615621	30333	0
30115640615623	30328	0
30115640616135	30324	0
30115640616391	30319	0
30115655340711	30318	0
30115655340743	30314	0
30115655340745	30313	0
30115655361221	30312	0
30115655361223	30308	0
30115655361735	30306	0
30115655361831	30305	0
30115655361836	30303	0
30115655361991	30301	0
30115655995591	30294	0
30115655996096	30293	0
30115655996103	30291	0
30115908702919	30290	0
30115908702927	30289	0
30115908702935	30288	0
30115908702967	30286	0
30115908833959	30285	0
30115908833967	30284	0
30115908834039	30279	0
30115908834041	30278	0
30116177138375	30277	0
30116177138391	30276	0
30116177138407	30274	0
30116177269415	30273	0
30116177269479	30271	0
30116177269481	30270	0
30116177334951	30269	0
30116190114471	30267	0
30116190135591	30266	0
30139094954661	36647	0
30139094954671	30265	0
30139097051301	30247	0
30139097051311	30246	0
30139111731877	30244	0
30139111797413	30243	0
30139113828517	30240	0
30139113894053	30239	0
30141326514370	30233	0
30141358174373	30232	0
30141358174405	30224	0
30141594753266	30218	0
30141863188706	30216	0
30141892948133	30214	0
30156174062277	30213	0
30156174062279	30212	0
30156176158917	30211	0
30156176158919	30210	0
30156189115077	30208	0
30156189115079	30203	0
30156189245637	30198	0
30156189245639	30192	0
30156291470021	30189	0
30156293566661	30186	0
30156300251845	30182	0
30156300382405	30173	0
30157163880386	30172	0
30157163880391	30166	0
30157179605186	30162	0
30157179605191	30156	0
30157365203655	30153	0
30157367296199	30145	0
30157367300295	30144	0
30157368348871	30139	0
30161458847682	30138	0
30161458847687	30134	0
30165753945746	30133	0
30165753945762	30132	0
30165753945767	30130	0
30166022381186	30129	0
30166022381218	30128	0
30166022381223	30126	0
30183235842726	30125	0
30183236027046	30124	0
30183248687782	30118	0
30183249724070	30111	0
30183250772646	30110	0
30183250776742	30109	0
30183386796719	30108	0
30183386800815	30107	0
30184309752486	30106	0
30184309752518	30105	0
30184309756614	30104	0
30184309760710	30103	0
30184309760712	30098	0
30184324498086	30097	0
30184324498118	30096	0
30184324502214	30095	0
30184324506310	30094	0
30184324506312	30090	0
30184577991334	30089	0
30184577991343	30083	0
30184577991414	30082	0
30184577995510	30081	0
30184846246630	30080	0
30184846426790	30079	0
30184846426854	30078	0
30184846430950	30077	0
30184846492326	30076	0
30184859271846	30074	0
30187681768111	30073	0
30187681768367	30072	0
30187683864751	30059	0
30226183774408	30054	0
30226356658888	30051	0
30230446460834	30049	0
30230479884198	30048	0
30234741857954	30047	0
30234741862050	30046	0
30234741862052	30045	0
30234758639266	30044	0
30234758639267	30043	0
30234775404198	30042	0
30251300983391	30041	0
30253028897487	30035	0
30253029225161	30029	0
30253029233350	30028	0
30253029233351	30025	0
30253029237446	30024	0
30253029237447	30019	0
30253043970761	30015	0
30253043978950	30014	0
30253043978951	30011	0
30253043983046	30010	0
30253043983047	30006	0
30253044626112	30005	0
30253046010565	30004	0
30253046010567	30001	0
30253046014661	30000	0
30253046014663	29995	0
30253060756165	29994	0
30253060756167	29991	0
30253060760261	29990	0
30253060760263	29986	0
30253297332943	29980	0
30253297463983	29976	0
30253297464057	29970	0
30253297472246	29969	0
30253297472247	29964	0
30253314249461	29963	0
30253314249463	29958	0
30253565899497	29956	0
30253565907686	29955	0
30253565907687	29953	0
30253582684901	29952	0
30253582684903	29950	0
30257340977863	29949	0
30257340978119	29948	0
30257340981959	29947	0
30257340982215	29946	0
30257343074503	29938	0
30257343078599	29931	0
30257355723463	29930	0
30257355723719	29929	0
30257355727559	29928	0
30257355727815	29927	0
30257609216759	29926	0
30257609217015	29925	0
30257611313399	29915	0
30257877652199	29914	0
30257877652455	29913	0
30257879748839	29911	0
30261585280962	29910	0
30261585614530	29909	0
30261585618626	29908	0
30261585618882	29907	0
30261601005762	29906	0
30261853853426	29905	0
30262122288866	29904	0
30293730423493	29901	0
30293732520133	29897	0
30294266909383	29894	0
30294266913479	29889	0
30294270841543	29886	0
30294270845639	29881	0
30302656044626	29880	0
30664003605119	29875	0
30664003613309	29872	0
30664003613382	29871	0
30664003613383	29868	0
30664003744406	29867	0
30664003744422	29866	0
30664003744423	29863	0
30664271839919	29858	0
30664271844015	29855	0
30664271852205	29852	0
30664272179878	29851	0
30664272179879	29848	0
30664288957061	29847	0
30664288957093	29846	0
30664288957095	29843	0
30668583924391	29842	0
30668583924647	29841	0
30668586021031	29833	0
30672559994562	29832	0
30672560125586	29831	0
30672560125602	29830	0
30672828561058	29829	0
30672828561314	29828	0
30672835899554	29825	0
30677123528610	29822	0
30677123528612	29821	0
30677140305826	29818	0
30677140305827	29817	0
30688733360805	29814	0
30688733360806	29813	0
30688735457445	29805	0
30688735457446	29804	0
30689203124306	29801	0
30732723086022	29800	0
30732723086023	29797	0
30732991316654	29794	0
30734072980166	29792	0
30734115558087	29790	0
30734120166087	29789	0
30741279467202	29788	0
30751211542722	29786	0
30755506202562	29785	0
31020922128338	29784	0
31020922259362	29783	0
31020922259378	29782	0
31021190694834	29781	0
31021190695090	29780	0
31021198266971	29778	0
31021198267060	29776	0
31021199081650	29774	0
31025332802180	29773	0
31025332802187	29770	0
31025332802196	29769	0
31025332802228	29767	0
31025332803764	29766	0
31025485662386	29765	0
31025485666482	29764	0
31026400244436	38204	9
31026400244468	29758	0
31026660086452	29757	0
31026660090500	29756	0
31026668679892	29754	0
31026668679908	29752	0
31028438475380	29751	0
31028448121460	29749	0
31030703245778	29745	0
31030703245810	29741	0
31030955057780	29740	0
31030971681234	29738	0
31030971681250	29736	0
31032739934932	29734	0
31032739943076	29732	0
31032739943092	29730	0
31035250012836	29729	0
31035250012852	29728	0
31036925858484	29724	0
31036925858486	29722	0
31036925858487	29721	0
31037028029076	29720	0
31037028029108	29719	0
31037028401844	29718	0
31037028401846	29717	0
31037034910388	29712	0
31037035958964	29707	0
31037035958966	29705	0
31037304394420	29703	0
31037304394421	29701	0
31037564768952	29700	0
31037565258082	29698	0
31039544980116	29696	0
31039544980148	29695	0
31039544984244	29694	0
31039544984246	29693	0
31039561761460	29692	0
31039561761461	29691	0
31039578526392	29690	0
31039595303607	29689	0
31039595307700	29683	0
31054107226836	38204	9
31054107226868	38212	0
31055130873730	29679	0
31055399112626	29675	0
31058402194132	29674	0
31058402194148	29673	0
31058402202292	29672	0
31059140596340	29671	0
31059150426740	29670	0
31059408835236	29669	0
31059408835252	29668	0
31059425840770	29667	0
31059677270676	29666	0
31059677270708	29665	0
31059677336244	29664	0
31059685200564	29661	0
31059685200566	29660	0
31059694079666	29659	0
31059694113460	29658	0
31059694113461	29657	0
31059710694072	29656	0
31094205135029	29655	0
31094205143218	29654	0
31094205143219	29653	0
31099422718421	29652	0
31099422718453	29651	0
31099691153877	29650	0
31099691153893	29649	0
31101721327797	29648	0
31106016295093	29647	0
31106023871157	29645	0
31106023871413	29643	0
31106024001717	29639	0
31106024681653	29637	0
31108281238197	29636	0
31108281238453	29635	0
31108298003128	29634	0
31108314780343	29633	0
31123850346373	29628	0
31124118585269	29622	0
31128145313413	29621	0
31128413552309	29620	0
31128413590197	29619	0
31128413590453	29618	0
31168091875794	29617	0
31168091875796	29616	0
31168091875826	29615	0
31168091875828	29614	0
31168360311250	29613	0
31168360311252	29612	0
31168360311266	29611	0
31168360311268	29610	0
31172724605094	29609	0
31172724605110	29608	0
31175006306454	29606	0
31175006306486	29604	0
31175006306488	29603	0
31176958763186	29600	0
31176958763188	29597	0
31177019572374	29594	0
31177019572406	29591	0
31177019572408	29590	0
31177034261172	29587	0
31177036349622	29584	0
31177036349623	29583	0
31177036357812	29582	0
31192519503746	29578	0
31192519503748	29573	0
31192795606964	29565	0
31196814470786	29564	0
31196814470788	29563	0
31197082736306	29562	0
31197082736308	29561	0
31197090574004	29560	0
31197090600628	29559	0
31213927158487	29558	0
31213927223966	29557	0
31213927224023	29556	0
31213927355047	29555	0
31213927355063	29554	0
31213936988887	29552	0
31213937022247	29551	0
31214195659406	29550	0
31214195659479	29549	0
31214195659480	29548	0
31214195790503	29547	0
31214195790519	29546	0
31214195790520	29545	0
31214463898302	29544	0
31214463931061	29543	0
31214464225975	29542	0
31214464225976	29541	0
31214464234133	29540	0
31214464234165	29539	0
31215420330711	29538	0
31215420330743	29536	0
31215420396247	29535	0
31215420396279	29534	0
31215437173463	29533	0
31215437173464	29532	0
31215437173495	29531	0
31215437173496	29530	0
31215437181653	29529	0
31215437181685	29528	0
31215688766167	29527	0
31215688766183	29525	0
31215688831703	29524	0
31215688831719	29523	0
31215688962727	29522	0
31215688962743	29521	0
31215705608919	29520	0
31215705608920	29519	0
31215705608935	29518	0
31215705608936	29517	0
31215705617109	29516	0
31215705617125	29515	0
31215705739959	29514	0
31215705739960	29513	0
31215705748149	29512	0
31238623425189	29511	0
31238623425205	29510	0
31238625521829	29509	0
31238625521845	29508	0
31241374881970	29507	0
31242815853237	29505	0
31242815853239	29504	0
31242815983797	29497	0
31242815983799	29496	0
31242918392469	29494	0
31242918392501	29493	0
31242918396597	29492	0
31242920489109	29487	0
31242920489141	29486	0
31242920493237	29485	0
31245669849266	29484	0
31245753733815	29483	0
31245755826359	29482	0
31245755830455	29481	0
31245756879031	29478	0
31259997467349	36157	0
31259997467381	36154	0
31259999563989	29464	0
31259999564021	29454	0
31260970540946	29452	0
31261238976386	29448	0
31261507215282	29442	0
31264292434645	29441	0
31264292434661	29440	0
31264294531285	29439	0
31264294531301	29438	0
31265265507986	29437	0
31265533943426	29436	0
31265802182322	29435	0
31282747405014	29434	0
31282747405016	29428	0
31282762404518	29427	0
31282762404534	29426	0
31282762404536	29424	0
31282915136216	29423	0
31282915140312	29422	0
31282915267256	29421	0
31282915271352	29420	0
31283030839958	29419	0
31283030839990	29418	0
31283030839992	29416	0
31283030841382	29415	0
31283030841387	29412	0
31283030841526	29410	0
31283183702712	29409	0
31283183706808	29408	0
31284089553622	29407	0
31284089553654	29406	0
31284099318486	29399	0
31284099318518	29396	0
31284099318524	29394	0
31284156650200	29393	0
31284156650232	29392	0
31284156654296	29391	0
31284156654328	29390	0
31284357989078	29389	0
31284357989094	29388	0
31284358120102	29387	0
31284358120118	29386	0
31284358124214	29385	0
31284367753942	29383	0
31284367753958	29380	0
31284425085656	29379	0
31284425085672	29378	0
31284425089752	29377	0
31284425089768	29376	0
31284425216696	29375	0
31284425220792	29374	0
31287210107608	29373	0
31287210107864	29372	0
31287210238648	29371	0
31287210238904	29370	0
31287212204248	29354	0
31287212335288	29352	0
31287478674104	29351	0
31287478674360	29350	0
31287480770744	29348	0
31288451621592	29347	0
31288451621624	29346	0
31288451621848	29345	0
31288451621880	29344	0
31288453718232	29321	0
31288453718264	29311	0
31288720057048	29310	0
31288720057064	29309	0
31288720057304	29308	0
31288720057320	29307	0
31288720188088	29306	0
31288720188344	29305	0
31288722153688	29303	0
31288722153704	29301	0
31288722284728	29292	0
31311637873333	29291	0
31311637873334	29290	0
31311639969973	29289	0
31311639969974	29288	0
31311905675446	29287	0
31311906308788	29286	0
31311906308790	29285	0
31311906309046	29284	0
31311908405428	29283	0
31311908405430	29281	0
31311908624566	29279	0
31311909454006	29277	0
31314389326002	29276	0
31314422872246	29275	0
31314422891188	29274	0
31314422891190	29273	0
31314424987828	29272	0
31314424987830	29269	0
31334521493682	29268	0
31334554917046	29267	0
31350829454005	29266	0
31350829454007	29264	0
31350829454519	29262	0
31351735415545	29256	0
31351735546585	29250	0
31351750316726	29249	0
31351750316727	29246	0
31351767093941	29244	0
31351767093943	29241	0
31351903179447	29240	0
31351903187545	29239	0
31351903187637	29238	0
31351907578558	29235	0
31351907578585	29232	0
31351907603127	29228	0
31351907604265	29226	0
31351907604267	29224	0
31351908430512	29223	0
31353077600950	29222	0
31353077600951	29219	0
31353094378165	29218	0
31353094378167	29215	0
31356062061239	29214	0
31356062061495	29213	0
31356198154841	29212	0
31356200251481	29207	0
31357389345463	29206	0
31357389345719	29205	0
31357391442103	29198	0
31360291798962	29197	0
31360493122738	29196	0
31360495219888	29195	0
31361633982130	29194	0
31403240970162	29193	0
31403291234999	29192	0
31419548934744	29191	0
31419817370200	29190	0
31419821761240	29188	0
31419821765336	29186	0
31419821773496	29184	0
31419821775400	29182	0
31421528253180	29179	0
31421528507094	29178	0
31421528507126	29177	0
31421545284309	29176	0
31421545284341	29175	0
31421562049240	29174	0
31421562049272	29173	0
31421796942550	29172	0
31421796942566	29171	0
31421797073590	29170	0
31421813719765	29169	0
31421813719781	29168	0
31421813850805	29167	0
31421830484696	29166	0
31421830484712	29165	0
31421830615736	29164	0
31421830636120	29163	0
31424112337496	29162	0
31424114434136	29160	0
31426125603416	29159	0
31426127700056	29152	0
31831765017176	29151	0
31832234779286	29150	0
31832244544124	29147	0
31832519991941	29146	0
31832771388060	29144	0
31832779313846	29143	0
31832779317942	29142	0
31832788226741	29141	0
31832788230837	29140	0
31832805298872	29138	0
31840791160466	29137	0
31841327830706	29136	0
31841327834802	29135	0
31849918060722	29133	0
32121960548322	29132	0
32121960548329	29131	0
32121960563428	29130	0
32121960563938	29129	0
32121960564194	29128	0
32124829495940	29127	0
32124829495956	29126	0
32125106578116	29124	0
32125106582212	29122	0
32126171648740	29121	0
32126180307684	29119	0
32126180311780	29117	0
32126181360356	29114	0
32126181361892	29113	0
32126182396644	29110	0
32126255518441	29109	0
32127866172020	29107	0
32127866356340	29101	0
32127881101940	29097	0
32129409763778	29090	0
32129409829314	29085	0
32130476327540	35993	0
32130476327550	35989	0
32130476327652	35985	0
32130476327654	35983	0
32130483309026	29084	0
32130483374562	29083	0
32130483374818	29081	0
32130493104868	29078	0
32130493104869	29076	0
32130550055550	29075	0
32130550056930	29074	0
32130550482914	29073	0
32130550489828	29071	0
32130556019428	29068	0
32130556772578	29065	0
32134761575076	29064	0
32134761575140	29062	0
32134761577186	29061	0
32134761577188	29060	0
32134772323044	29055	0
32134778342114	29052	0
32134778342119	29051	0
32134794691246	29049	0
32134795119330	29047	0
32134795119334	29046	0
32134795123426	29044	0
32139056235156	29043	0
32139056235166	29042	0
32139056235236	29041	0
32139056237026	29040	0
32139056237028	29039	0
32139064165092	29035	0
32139064165094	29033	0
32139089658526	29032	0
32139089658600	29031	0
32139106501858	29030	0
32140733964996	29025	0
32140733969092	29022	0
32143360160452	29018	0
32143360160484	29015	0
32143368014562	29014	0
32157913821924	29013	0
32157913826020	29012	0
32157913826026	29011	0
32157930603236	29010	0
32157930668772	29009	0
32157930914532	29008	0
32157930914534	29007	0
32157937484516	29002	0
32157937484521	29001	0
32158199104228	29000	0
32158199104229	28999	0
32158199104738	28998	0
32158467343080	28997	0
32158467343081	28996	0
32158662050420	28995	0
32158662050532	28994	0
32158662050534	28993	0
32158662050535	28990	0
32158920458916	28989	0
32158920458980	28988	0
32158920458986	28986	0
32159189201556	28984	0
32159189201636	28983	0
32159189201641	28981	0
32159222747880	28980	0
32159222747881	28979	0
32159466287812	28975	0
32159466287844	28974	0
32194974988009	28973	0
32194974995177	28972	0
32198129236421	28971	0
32198129301957	28970	0
32198144047557	28965	0
32199202781669	28964	0
32199202847205	28963	0
32199202847461	28962	0
32199212581605	28960	0
32199212581861	28958	0
32199212712165	28950	0
32199213595109	28945	0
32199269955557	28944	0
32203497814757	28941	0
32203497814759	28940	0
32203514591973	28937	0
32203514591974	28936	0
32203514600162	28934	0
32203514600163	28930	0
32212087487205	28929	0
32226918580965	28928	0
32226918581221	28927	0
32227942224616	28926	0
32227942224617	28925	0
32266798393794	28924	0
32266798393796	28923	0
32266798459330	28922	0
32266798459332	28921	0
32266813204932	28916	0
32267871939042	28915	0
32267871939044	28914	0
32267872004578	28913	0
32267872004580	28912	0
32267872004834	28911	0
32267872004836	28910	0
32267881727716	28907	0
32267881727972	28904	0
32267882752484	28899	0
32267989436386	28897	0
32267989443300	28895	0
32267991531750	28893	0
32267991533536	28892	0
32267991539940	28891	0
32272166972130	28890	0
32272166972132	28889	0
32272166976226	28888	0
32272166976228	28887	0
32272234068710	28886	0
32272234072802	28884	0
32272234072806	28883	0
32272236167334	28882	0
32272236167398	28880	0
32272236169952	28879	0
32272236169958	28877	0
32276461636066	28876	0
32276461636068	28875	0
32276469541860	28872	0
32276469565156	28867	0
32280764508900	28864	0
32295908819174	28862	0
32295908819176	28861	0
32295908819177	28860	0
32296067450596	28859	0
32296602984674	28858	0
32296602984676	28857	0
32296663793814	28854	0
32296663793894	28853	0
32296663793896	28852	0
32296663793897	28851	0
32296932032710	28848	0
32296932032742	28847	0
32314126914215	37193	0
32314126914247	37191	0
32314126914249	28846	0
32314126979751	28844	0
32314126979783	28843	0
32314126979785	28842	0
32314141725351	28839	0
32314141725357	28838	0
32314141725383	28834	0
32314141725385	28832	0
32315200393927	28831	0
32315200393959	28829	0
32315200459495	28828	0
32315200524967	28827	0
32315200525031	28825	0
32315200525033	28824	0
32315211272935	28821	0
32315211272937	28819	0
32315217236711	28818	0
32315217236712	28817	0
32315217244901	28816	0
32315217302247	28814	0
32315217302248	28813	0
32315217310437	28811	0
32315233817323	28810	0
32315233845989	28809	0
32315234079463	28808	0
32315234079464	28807	0
32315234079465	28806	0
32315234087653	28805	0
32315234087657	28803	0
32315234088169	28801	0
32315234091749	28800	0
32340886444258	28798	0
32340886444770	28796	0
32340886444775	28794	0
32340886452962	28793	0
32340886452964	28792	0
32340886452965	28790	0
32340903230178	28789	0
32340903230179	28788	0
32340903230181	28786	0
32340914106597	28781	0
32345264735719	28780	0
32345264800487	28779	0
32345267657703	28777	0
32345267684839	28775	0
32346624389829	38036	0
32346624455365	28770	0
32346626486469	38001	14
32346626552005	28757	0
32346639200965	28752	0
32346639331525	28737	0
32349476117218	28736	0
32349501944005	35907	0
32349501944037	35903	0
32363804062437	28735	0
32363804127973	28733	0
32363806159077	28732	0
32363806224613	28718	0
32363820663525	28717	0
32363820905189	28716	0
32363820905193	28715	0
32363820909285	28714	0
32363822760165	28713	0
32363823001829	28712	0
32363823001833	28711	0
32363823005925	28710	0
32364777200354	28709	0
32364777200359	28707	0
32364803834085	28706	0
32364803834087	28705	0
32365314070754	28704	0
32365608071365	38001	13
32365608071397	38017	0
32382259098278	28703	0
32382259282598	28702	0
32382274028198	28701	0
32382527533718	28700	0
32382795768518	28699	0
32382795772614	28698	0
32382796071590	28697	0
32382796071622	28696	0
32382796137126	28694	0
32382796137158	28693	0
32382810882726	28690	0
32382810882733	28688	0
32382810882758	28684	0
32383869502182	28683	0
32383869616870	28682	0
32383869682342	28681	0
32383869682406	28680	0
32383869686502	28679	0
32383879381734	28676	0
32383879398118	28674	0
32383879398120	28672	0
32383879399462	28671	0
32383879399470	28668	0
32383879399654	28666	0
32383880430310	28664	0
32383880434406	28662	0
32383936713448	28661	0
32383936717544	28660	0
32383936778984	28659	0
32383936783080	28658	0
32383953556200	28657	0
32383953556201	28656	0
32383953560296	28655	0
32383953560297	28654	0
32383953568485	28653	0
32383953568486	28652	0
32383953568998	28650	0
32388231684840	28649	0
32388231685096	28648	0
32388231750376	28647	0
32388231750632	28646	0
32388233781480	28638	0
32388233847016	28631	0
32388248527592	28630	0
32388248527593	28629	0
32388248527848	28628	0
32388248527849	28627	0
32388248535782	28626	0
32388248536038	28625	0
32388248536546	28624	0
32388250624232	28622	0
32388250624233	28620	0
32388250632422	28618	0
32388250633696	28617	0
32413900442594	28616	0
32413900458210	28615	0
32413900458466	28613	0
32413933865958	28612	0
32413933881574	28611	0
32413933881830	28610	0
32418299929288	28609	0
32418299929320	28607	0
32432540386021	28606	0
32432540386022	28605	0
32432542482661	28604	0
32432542482662	28603	0
32432808821476	28602	0
32432808821478	28601	0
32432808821734	28600	0
32432810918116	28599	0
32432810918118	28597	0
32432811966694	28595	0
32433792770280	28593	0
32434033547490	28592	0
32434067093734	28591	0
32450257154649	28590	0
32450257338969	28589	0
32450272084569	28588	0
32451246977769	28584	0
32451246977785	28577	0
32451247108809	28571	0
32451247174345	28566	0
32451261919945	28561	0
32451515544265	38116	0
32451515609801	28556	0
32451530355373	28554	0
32451530355401	28549	0
32452589155049	28544	0
32452589163238	28543	0
32452589163239	28540	0
32452599902953	28539	0
32452599911142	28537	0
32452599911143	28533	0
32452605940453	28532	0
32452605940455	28529	0
32452616688357	28527	0
32452616688359	28523	0
32452672668393	28521	0
32452672668905	28517	0
32452673032935	38432	0
32452673032937	38431	0
32452673037033	28516	0
32452673040985	38427	0
32452673041125	38425	0
32452673041129	38423	0
32452673041641	28514	0
32452677497545	38459	0
32452677497577	38454	0
32452677497579	38452	0
32452677518055	38447	0
32452677518057	38442	0
32452677519145	38434	0
32452677519150	38373	5
32452677519337	38389	0
32452678283497	38385	0
32452678284000	38381	0
32452678284009	38378	0
32456900907751	28513	0
32456900908007	28512	0
32456903004391	28505	0
32456911655655	28503	0
32456911655911	28501	0
32456968004329	28500	0
32456968004585	28499	0
32456968008281	28498	0
32456968008425	28497	0
32456968008681	28496	0
32456970100969	28494	0
32456970104921	28489	0
32456970105065	28487	0
32461145537250	28486	0
32461145544418	28485	0
32461262960361	28484	0
32461262960617	28483	0
32461262975721	28481	0
32461262975977	28480	0
32461262976226	28479	0
32461262976233	28477	0
32461265072361	28475	0
32461265073376	28474	0
32461265073385	28473	0
32461265356521	28468	0
32461265356777	28462	0
32461266120937	28457	0
32486965154503	28456	0
32486965154535	28454	0
32501259485929	28453	0
32501259858521	28451	0
32501259858661	28450	0
32501259858665	28449	0
32501261582569	28448	0
32501261955161	28443	0
32501261955301	28442	0
32501261955305	28441	0
32501527726057	28440	0
32501530675177	28438	0
32501796225767	28437	0
32501796225769	28436	0
32501800157927	28435	0
32501800157929	28434	0
32502786585316	28433	0
32502786585321	28432	0
32502788681956	28431	0
32502788681961	28422	0
32502805446887	28421	0
32502805446889	28420	0
32520235025094	28419	0
32520235090630	28418	0
32520249836230	28415	0
32520251802309	28414	0
32520251867845	28413	0
32520266613445	28409	0
32520268567240	35809	0
32520268632776	28408	0
32520283378376	28403	0
32521308324586	28400	0
32521308570342	28399	0
32521308635878	28398	0
32521325347557	28397	0
32521325413093	28396	0
32521342112488	28395	0
32521342178024	28394	0
32521342180072	28392	0
32529865013986	28391	0
32529932106472	28390	0
32571790754538	28389	0
32588164018813	28386	0
32590028108521	28383	0
32590028112614	28382	0
32590028116710	28381	0
32590028116711	28378	0
32590044639973	28377	0
32590044644069	28376	0
32590044889829	28375	0
32590044893925	28374	0
32590044893927	28371	0
32590061654760	28370	0
32590061654761	28369	0
32590061671141	28368	0
32590061671142	28367	0
32590061671654	28363	0
32590078063337	28361	0
32590078063849	28359	0
32590078067433	28357	0
32590078067945	28355	0
32590078431975	28353	0
32590078431977	28352	0
32590078436073	28351	0
32590082912999	28349	0
32590082913001	28346	0
32590082917095	28343	0
32590082917097	28340	0
32594339861223	28339	0
32594339861479	28338	0
32594341957863	28335	0
32594356638438	28334	0
32594356638694	28333	0
32594358735078	28326	0
32594373403369	28325	0
32594373403625	28324	0
32594375500009	28313	0
32598584243938	28312	0
32598584248034	28311	0
32598584497890	28310	0
32598591836386	28307	0
32598651606242	28303	0
32598653703392	28302	0
32602962769385	28301	0
32602962773481	28300	0
32602965426409	28299	0
32602965718505	28297	0
32602965722601	28295	0
32602966766313	28293	0
32602966770409	28291	0
32607174416610	28289	0
32607174416866	28288	0
32607174432482	28287	0
32607174432484	28286	0
32607207985892	28285	0
32607210082532	28284	0
32638648488677	28283	0
32638648488678	28282	0
32638650585317	28281	0
32638650585318	28280	0
32638664880873	28279	0
32638664884969	28278	0
32638666977513	28277	0
32638666981609	28276	0
32639386241506	28275	0
33220633227869	28272	0
33220633227988	28269	0
33220633228498	28266	0
33220633228754	28263	0
33224341123716	28262	0
33224341123732	28261	0
33224352920196	28260	0
33224352920212	28259	0
33224618209988	28257	0
33224618210004	28255	0
33224877863556	28254	0
33224877863565	28253	0
33224877863636	28252	0
33224877865170	28251	0
33224877865172	28250	0
33224878166708	28249	0
33224878166740	28248	0
33224886645460	28242	0
33224887694036	28237	0
33224887695572	28236	0
33224945259226	28235	0
33227377799796	28232	0
33227377984116	28230	0
33228921326066	28223	0
33228921457090	28221	0
33228921457106	28219	0
33229182661236	28216	0
33229182661245	28211	0
33229182661332	28207	0
33229182661334	28205	0
33229189892562	28203	0
33229189892818	28201	0
33229199438548	28197	0
33229199438549	28195	0
33229200376018	28191	0
33231696089844	28183	0
33231696098004	28179	0
33233468093092	28178	0
33233468093108	28177	0
33233468093140	28175	0
33233468095186	28174	0
33233468095188	28173	0
33233484860114	28170	0
33233484860119	28169	0
33233501024941	28167	0
33233501027026	28164	0
33233501637330	28162	0
33233501637334	28161	0
33233501641426	28159	0
33240245588724	28154	0
33240245596868	28152	0
33240245596884	28149	0
33244524290772	28147	0
33244524290774	28146	0
33244524290775	28145	0
33244540564148	28144	0
33244540564180	28139	0
33244540564186	28138	0
33244557341396	28137	0
33244557406932	28134	0
33244557837012	28132	0
33244557837014	28130	0
33244564222676	28122	0
33244564222681	28121	0
33244825842388	28118	0
33244825842389	28115	0
33244825842898	28112	0
33245094081240	28109	0
33245094081241	28108	0
33245288788596	28106	0
33245288788692	28103	0
33245288788694	28101	0
33245288788695	28096	0
33245547197092	28095	0
33245547197108	28094	0
33245547197140	28091	0
33245547197146	28088	0
33245564455810	28086	0
33293664728794	28085	0
33293664735962	28084	0
33297640798709	28083	0
33297640929733	28082	0
33297640929749	28081	0
33297909365205	28080	0
33297909365461	28079	0
33297918915285	28077	0
33297918915541	28075	0
33297919045845	28068	0
33297919848661	28066	0
33300677474549	28062	0
33300677605589	28059	0
33302204332757	28056	0
33302204332759	28055	0
33302221109973	28052	0
33302221109974	28051	0
33302221118162	28049	0
33302221118163	28043	0
33313545319125	28040	0
33313545319381	28037	0
33314283928453	28034	0
33366309956082	28033	0
33366309956084	28032	0
33366310087106	28031	0
33366310087108	28030	0
33366310087122	28029	0
33366310087124	28028	0
33366578522578	28027	0
33366578522580	28026	0
33366578522834	28025	0
33366578522836	28024	0
33366588061396	28021	0
33366588061652	28018	0
33366589006034	28016	0
33366589006036	28014	0
33370873490130	28013	0
33370873490132	28012	0
33370873494226	28011	0
33370873494228	28010	0
33370939849430	28009	0
33370940586710	28008	0
33370940590802	28006	0
33370940590806	28005	0
33370942685350	28004	0
33370942685366	28003	0
33370942685398	28001	0
33370942687952	28000	0
33370942687958	27998	0
33382535741654	27994	0
33382535741656	27991	0
33382535741657	27990	0
33382694188756	27986	0
33382953085826	27984	0
33382953085828	27981	0
33412883501815	27979	0
33412883501817	27978	0
33412883501818	27977	0
33412883632796	27976	0
33412883632855	27974	0
33412883632857	27973	0
33412883632858	27972	0
33413638476455	37214	11
33413638476535	37217	0
33413638476537	27971	0
33413638476538	37216	0
33413638607527	27969	0
33413638607559	27968	0
33413638607561	27967	0
33413638607575	27966	0
33413638607577	27965	0
33413638607578	27964	0
33413906715351	27958	0
33413906715383	27957	0
33413906756309	27956	0
33413906756311	27953	0
33413906756823	27950	0
33413906757079	27947	0
33413907042983	27946	0
33413907042999	27945	0
33413907043031	27943	0
33413907043033	27942	0
33413907043034	27941	0
33413923820215	27940	0
33413923820216	27939	0
33413923820247	27937	0
33413923820248	27936	0
33413923820250	27935	0
33413923828405	27934	0
33413923828437	27932	0
33413923828442	27930	0
33413923828954	27928	0
33437579571957	27926	0
33437579702997	27924	0
33437581668597	27901	0
33437581799637	27893	0
33439592962226	27892	0
33439592962258	27890	0
33439592962770	27888	0
33439592962775	27886	0
33439592970962	27885	0
33439592970964	27884	0
33439592970965	27882	0
33439609748178	27881	0
33439609748179	27880	0
33439609748181	27878	0
33446136083141	27876	0
33446136083157	27874	0
33446138179781	27872	0
33446138179797	27866	0
33447109155538	27865	0
33447109155543	27863	0
33447109155986	27862	0
33450414285525	27861	0
33450414285527	27860	0
33450416382165	27859	0
33450416382167	27858	0
33450431050421	27856	0
33450431050453	27853	0
33450431050458	27852	0
33450433147061	27841	0
33450433147093	27831	0
33450433147098	27830	0
33450447401685	27827	0
33450447827669	27825	0
33450447827673	27824	0
33450447831765	27822	0
33450449498325	27812	0
33450449924309	27802	0
33450449924313	27801	0
33450449928405	27789	0
33451404122834	27788	0
33451404122839	27786	0
33451414606034	27783	0
33451414606039	27778	0
33451430572245	27771	0
33451430572247	27769	0
33451672558466	27767	0
33481770660566	27766	0
33481770660568	27764	0
33481770726054	27763	0
33481770910374	27762	0
33481781465846	27761	0
33481781465848	27754	0
33482039161494	27753	0
33482050957974	27752	0
33482050959398	27751	0
33482307400390	27750	0
33482307400406	27749	0
33482307633830	27746	0
33482307633910	27745	0
33482307633914	27739	0
33482307764902	27737	0
33482307764934	27736	0
33482307764950	27735	0
33482307764954	27733	0
33482575835830	27732	0
33482575835862	27731	0
33482575901398	27730	0
33482575902934	27726	0
33482576200358	27725	0
33482576200374	27724	0
33482576200406	27723	0
33482576200410	27721	0
33482576204470	27720	0
33482576204502	27719	0
33482585703126	27712	0
33482585703158	27711	0
33482585731798	27709	0
33482585731800	27705	0
33482585733158	27704	0
33482585733165	27701	0
33482585733334	27699	0
33482586685654	27695	0
33482586686160	27694	0
33482586686166	27692	0
33482643296952	27691	0
33482643296984	27690	0
33482643296986	27689	0
33482643301048	27688	0
33482643301080	27687	0
33482643301082	27686	0
33486938268344	27685	0
33486938268376	27684	0
33486938268378	27683	0
33486938268600	27682	0
33486938268632	27681	0
33486938268634	27680	0
33486940364984	27671	0
33486940365016	27664	0
33486940365018	27662	0
33519167308501	27660	0
33519167308502	27658	0
33519169405141	27655	0
33519169405142	27648	0
33519435743956	27645	0
33519435743958	27643	0
33519435744214	27641	0
33519437840596	27634	0
33519437840598	27623	0
33519438889174	27621	0
33549768782425	27620	0
33549768966745	27619	0
33549785600757	27618	0
33549785600759	27616	0
33549785601271	27614	0
33549785731676	27613	0
33549785731797	27612	0
33549785731799	27610	0
33549785732311	27608	0
33550758605561	27603	0
33550758671097	27597	0
33550758802121	27595	0
33550758802137	27593	0
33550770402041	27586	0
33551027106553	27581	0
33551027106554	27575	0
33551027237577	27573	0
33551027237593	27571	0
33551027237594	27569	0
33551295378134	27568	0
33551295378135	27564	0
33551295673049	27559	0
33551295673050	27557	0
33551295681206	27556	0
33551295681207	27553	0
33551295681238	27552	0
33551295681239	27549	0
33551312155349	27546	0
33551312155351	27542	0
33551312458421	27541	0
33551312458423	27538	0
33551312458453	27537	0
33551312458455	27534	0
33555607122647	27533	0
33555607122903	27532	0
33555607425719	27531	0
33555607425751	27530	0
33555607425975	27529	0
33555607426007	27528	0
33555609219287	27516	0
33555609522359	27511	0
33555609522391	27504	0
33559851759314	27500	0
33559851759570	27499	0
33559852055250	27498	0
33559852062386	27497	0
33559852062418	27496	0
33584011254866	27495	0
33587886224089	27494	0
33587886781017	27492	0
33587886781141	27490	0
33587886781145	27489	0
33587888320729	27488	0
33587888877657	27483	0
33587888877781	27480	0
33587888877785	27479	0
33588154464217	27478	0
33588157413337	27476	0
33588422963927	27471	0
33588422963929	27470	0
33588426896087	27465	0
33588426896089	27464	0
33618777920248	27462	0
33618777920250	27455	0
33618777928408	27453	0
33618777928410	27450	0
33619746222810	27447	0
33619746583290	27441	0
33619746587382	27440	0
33619746587386	27434	0
33619746714330	27432	0
33619746718406	27431	0
33619746718422	27430	0
33619746718426	27428	0
33619763364597	27427	0
33619763364602	27416	0
33619763495621	27415	0
33619763495637	27414	0
33619763495642	27411	0
33619780129528	36066	0
33619780129530	36065	0
33619780260552	27410	0
33619780260568	27409	0
33619780260570	27408	0
33620014658266	27405	0
33620015149786	27403	0
33620015153846	27402	0
33620015153878	27401	0
33620015153882	27399	0
33620031931061	27398	0
33620031931093	27397	0
33620031931098	27394	0
33620048695992	27393	0
33620048696024	27392	0
33620048696026	27391	0
33620048698072	27389	0
33624058331898	27382	0
33624058332154	27376	0
33624058462938	27374	0
33624058463194	27372	0
33624060428538	27345	0
33624060559578	27342	0
33624326898394	27340	0
33624326898650	27338	0
33624328995034	27335	0
33628571531986	27334	0
33628638624472	27333	0
33628640836312	27327	0
33656555938392	27325	0
33656555938517	27324	0
33656555938518	27323	0
33656555938520	27322	0
33656558035032	27310	0
33656558035157	27309	0
33656558035158	27308	0
33656558035160	27307	0
33657293503186	27306	0
33657293503192	27303	0
33687660901078	27302	0
33687660901079	27299	0
33687660901081	27295	0
33688734626521	27292	0
33688734630614	27291	0
33688734634619	27288	0
33688734634710	27287	0
33688734634711	27284	0
33688750977749	27282	0
33688751407829	27281	0
33688751411925	27280	0
33688751411927	27277	0
33688768172760	27276	0
33688768172761	27275	0
33688768189019	27274	0
33688768189141	27273	0
33688768189142	27272	0
33688768189654	27268	0
33688784401113	27266	0
33688784401625	27262	0
33688784949975	27260	0
33688784949977	27259	0
33688784954073	27258	0
33688789250775	27253	0
33688789250777	27247	0
33693046379223	27246	0
33693046379479	27245	0
33693048475863	27242	0
33693063156315	27241	0
33693063156438	27240	0
33693063156694	27239	0
33693065252955	27231	0
33693065253078	27224	0
33693079921369	27223	0
33693079921625	27222	0
33693082018009	27211	0
33696217282258	27210	0
33696217282265	27206	0
33697290581714	27205	0
33697291015890	27204	0
33697298354386	27201	0
33697358124242	27197	0
33697360221392	27196	0
33701669107161	27195	0
33701671944409	27194	0
33701672056281	27192	0
33701673104089	27187	0
33705880934610	27185	0
33705880934866	27184	0
33705880950482	27183	0
33705880950484	27182	0
33705914503892	27181	0
33705916600532	27180	0
33755910619736	27179	0
33755910619738	27178	0
33755910619770	27176	0
33755910620282	27174	0
33756380381818	27172	0
33756380381846	27171	0
33756648293114	27168	0
33756648297210	27163	0
33756648305370	27160	0
33756648817274	27158	0
33756665594501	27157	0
33764936763026	27156	0
33772553618010	27155	0
33772553618026	27154	0
33772553619002	27153	0
33772555714650	27152	0
33772555714666	27151	0
34319406876578	27150	0
34323864543876	27149	0
34323864543892	27148	0
34324129833668	27146	0
34324389728948	27145	0
34324668781284	27144	0
34326923092596	27143	0
34328433019330	27141	0
34328969693666	27140	0
34331224498852	27138	0
34332979655332	27137	0
34332979655348	27136	0
34333258707684	27134	0
34335512584852	27133	0
34336049875298	27131	0
34339757220548	27129	0
34344052187828	27128	0
34344800412276	27126	0
34345058820772	27125	0
34345058820788	27124	0
34348347142884	36003	0
34348387570404	27120	0
34397152491973	27119	0
34397689166309	27118	0
34397699979749	27117	0
34465821649346	27116	0
34465821649348	27115	0
34466358323682	27114	0
34466358323684	27113	0
34466369137124	27112	0
34470454247590	27111	0
34470454247606	27110	0
34473490923670	27108	0
34474955926500	36452	0
34486358720742	27105	0
34512411710183	27104	0
34512411972263	27103	0
34512680407691	27102	0
34512680407719	27101	0
34513150104231	27099	0
34513150169767	27098	0
34513150169799	27097	0
34513150169801	27096	0
34513162883751	27091	0
34513162883759	27090	0
34513418343127	27088	0
34513418343143	27087	0
34513418605223	27086	0
34513418605239	27085	0
34513435382455	27084	0
34513435382456	27083	0
34513435390645	27082	0
34513686778567	27080	0
34513686778575	27079	0
34513686778599	27078	0
34513686844135	27077	0
34513697657575	27075	0
34513697657577	27074	0
34513703621351	27073	0
34513703621352	27072	0
34513703629541	27071	0
34513720201935	27070	0
34513720201963	27069	0
34537108042405	27068	0
34537110139045	27067	0
34539104524466	27066	0
34539400491237	27064	0
34541403009685	27062	0
34541405106325	27052	0
34543754042343	27050	0
34545647645381	27048	0
34545649742021	37999	0
34546620718226	27047	0
34581562581654	27046	0
34581562583078	27045	0
34581819024070	27044	0
34581819261606	27042	0
34581819327142	27041	0
34581819327174	27040	0
34581832041126	27035	0
34581832041135	27031	0
34582087762598	27030	0
34582087762614	27029	0
34582087766710	27028	0
34582097330902	27026	0
34582097330918	27025	0
34582154859192	27024	0
34582154863288	27023	0
34582356001510	27022	0
34582365766374	27020	0
34582366814950	27019	0
34582366819046	27018	0
34582423098088	27017	0
34582423102184	27016	0
34586449830584	27015	0
34586449830840	27014	0
34586451927224	27003	0
34586718069480	27002	0
34586718069736	27001	0
34586720166120	26992	0
34612386827234	26991	0
34612420250598	26990	0
34624226091240	26988	0
34649314071131	26987	0
34650270233321	26985	0
34650270364361	26983	0
34650538799817	26981	0
34650551513775	26977	0
34650807243446	26976	0
34650807243447	26973	0
34650824020661	26972	0
34650824020663	26969	0
34651075408591	26967	0
34651086287593	26966	0
34651086295782	26965	0
34651086295783	26962	0
34651103072997	38320	0
34651103072999	38317	0
34651163882185	38413	0
34651163882191	38411	0
34651163882217	38407	0
34651163882219	38405	0
34655118987959	26961	0
34655118988215	26960	0
34655121084599	26952	0
34655398040295	26951	0
34655398040551	26950	0
34659363624626	26949	0
34683522817106	26948	0
34692246311655	26947	0
34692250243815	26946	0
34718033551960	26945	0
34718301987416	26944	0
34718306312936	26942	0
34719258280646	26941	0
34719275057861	26940	0
34719291822792	26939	0
34719526716086	26938	0
34719543493301	26937	0
34719560258232	26936	0
34719794701007	26933	0
34719794954982	26932	0
34719811732197	26931	0
34719828497128	26930	0
34722596954712	26929	0
34722599051352	37080	0
34760434942698	26928	0
34760435073258	26927	0
34786752651867	26926	0
34786753024603	26925	0
34786753024635	26923	0
34786753025147	26921	0
34787025805963	26919	0
34787025807659	26917	0
34787185177215	26914	0
34787289879163	26913	0
34788246196859	26910	0
34788279751259	26909	0
34792574718555	26908	0
34792576815195	36427	0
34803396022875	26907	0
34803396022891	26906	0
34803396023867	26905	0
34803398119515	26904	0
34803398119531	26903	0
34829098201833	26902	0
34829100298473	26901	0
34856159920874	26898	0
34857241584358	26897	0
34857288770279	26896	0
34857305535210	26892	0
34878674806754	26891	0
34924141654616	26890	0
34924158046811	26889	0
34924158046815	26888	0
34924158050907	26887	0
34924431200907	26885	0
34924431200911	26883	0
34924431205003	26881	0
34924611162751	26877	0
34924611416726	26876	0
34924879401647	26873	0
34925147837087	26871	0
34933167797906	26870	0
34949810796626	26869	0
41234592657845	26868	0
41234626081205	26867	0
41234894516645	26866	0
41235162501566	26863	0
41235162755541	26862	0
41235347628489	26861	0
41235347632581	26860	0
41235347632585	26857	0
41235359424969	26856	0
41235359429065	26855	0
41235359494601	26854	0
41235615867385	26853	0
41235615871477	26852	0
41235615871481	26849	0
41235632263676	26846	0
41235883934185	26843	0
41235884302825	26842	0
41235884306917	26841	0
41235884306921	26839	0
41235917476331	26836	0
41235917730277	26835	0
41282692357361	26830	0
41290220993577	26828	0
41294512815913	26826	0
41298807782953	26825	0
41299335356081	26822	0
41302485094762	26821	0
41302485160298	26820	0
41302501859693	26819	0
41302501925229	26818	0
41302506840428	26815	0
41302549045614	26814	0
41302549111150	26813	0
41303613997418	26810	0
41304620630378	26807	0
41353828347233	26803	0
41353840209192	26802	0
41353840209249	26801	0
41362426998568	26798	0
41362426998625	26792	0
41366721965608	26791	0
41366721965665	26790	0
41371226321257	26788	0
41371226321285	26787	0
41371494167033	26784	0
41371494756713	26782	0
41371527721433	26779	0
41372484039129	26776	0
41372484592089	26775	0
41372753027529	26774	0
41372764824009	26773	0
41372764826393	26772	0
41373020893657	35636	0
41373020893689	35632	0
41373021266425	26771	0
41373289329113	35667	0
41373289329129	35664	0
41373289333225	26769	0
41373289701865	26768	0
41373299600153	35657	0
41373299618153	35653	0
41373299683689	26767	0
41373299814729	35648	0
41373356429803	26764	0
41373360427499	26761	0
41373360493035	26759	0
41436778372651	26757	0
41439945421164	26753	0
41439945793900	26750	0
41439945793925	26749	0
41439945793932	26746	0
41439962186095	26742	0
41439978963310	26738	0
41439979217285	26737	0
41440213660060	26734	0
41440230424991	26731	0
41440247202206	26728	0
41440482095500	26725	0
41440482648460	26724	0
41440498860431	26721	0
41440515637646	26718	0
41441471930876	26716	0
41441472520556	26713	0
41441484317036	26712	0
41441484382572	26711	0
41441484513612	26710	0
41441740366332	26708	0
41442008809961	26706	0
41442008809962	26704	0
41442025587178	26701	0
41442025652714	26698	0
41475709904684	26697	0
41499856850785	26691	0
41500125089681	26687	0
41500393525121	26683	0
41500397588266	26681	0
41508626747753	26680	0
41508626747755	26679	0
41508626747787	26677	0
41508626813289	26676	0
41508626813291	26675	0
41508626813323	26674	0
41508687556973	38607	0
41508687556975	38606	0
41508687622509	38601	0
41508687622511	38600	0
41508698509701	26673	0
41508704334189	26672	0
41508704334190	26671	0
41508704342379	26670	0
41508704399725	26669	0
41508704399726	26668	0
41508704407915	26667	0
41508949897629	35432	0
41508949897631	26664	0
41508966674845	26661	0
41508966674846	26658	0
41509235118475	26656	0
41509503553931	26654	0
41509503684971	26651	0
41510459847161	26648	0
41510728282601	26646	0
41539329120299	26644	0
41548980336881	26640	0
41549248772321	26638	0
41572877254241	26637	0
41573139529361	26634	0
41577334423913	26631	0
41577334423941	26630	0
41577350816108	26627	0
41577350820204	26624	0
41577417916782	26620	0
41577423810926	26619	0
41577423815022	26618	0
41577423876462	26617	0
41577423880558	26616	0
41577424863598	26613	0
41577424929134	26611	0
41577619055004	38494	12
41577619059100	38499	0
41577686151582	26608	0
41577686155678	26605	0
41577686155694	26602	0
41577693299054	26601	0
41577693299070	26599	0
41577693364590	26598	0
41577693364606	26597	0
41577693495630	26596	0
41577954591118	26593	0
41577954591150	26589	0
41577954656686	26584	0
41577954894222	26583	0
41577958588846	26579	0
41577958654382	26577	0
41578228048318	26576	0
41578228050974	26575	0
41579447763374	26573	0
41579481317774	26571	0
41579481448814	26569	0
41609385527342	26568	0
41613680494382	26566	0
41620116326753	26561	0
41620364052846	26556	0
41620364118382	26554	0
41620365166958	26548	0
41620367001966	26547	0
41622267283758	26546	0
41646053716329	26543	0
41646053716357	26542	0
41646070288751	26539	0
41646070296940	26536	0
41646070296941	26533	0
41646087074157	26529	0
41646087139693	26525	0
41646087139717	26524	0
41646087139725	26521	0
41646092972395	26520	0
41646092972397	26517	0
41646093037931	26516	0
41646093037933	26514	0
41646338527647	26511	0
41646338535836	26508	0
41646338535837	26505	0
41646355313053	26502	0
41646355313069	26499	0
41646355575149	26496	0
41646355575165	26491	0
41646623748491	26489	0
41646623748493	26486	0
41646623748525	26482	0
41646623814061	26477	0
41646627746221	26473	0
41646627811757	26471	0
41647093510573	26469	0
41647093510601	26467	0
41647361946029	26465	0
41647362208109	26462	0
41677299709997	26461	0
41681594677037	26459	0
41685882435761	26456	0
41685886499373	26453	0
41689033210221	26448	0
41689033275757	26446	0
41689034324333	26440	0
41689036159341	26439	0
41693136354401	26436	0
41693398629521	26433	0
41714789769580	26430	0
41714806612357	26429	0
41714812445035	26428	0
41714812510571	26427	0
41714829209966	26426	0
41714829275502	26425	0
41715058008476	26422	0
41715091550622	35328	0
41715343221131	26420	0
41715360293262	26419	0
41715633447358	35360	0
41715812983241	26417	0
41757564004705	26414	0
41766144830305	26410	0
41766150794081	26409	0
41766681504641	26407	0
41819010060666	26406	0
41819463176571	26405	0
41819463176572	26403	0
41819731415423	26401	0
41820016693626	26400	0
41831056232871	26398	0
41831056235121	26396	0
41839679394247	26394	0
41839679396977	26392	0
41843924029943	26390	0
41843924033393	26388	0
41848218997117	26387	0
41848218997223	26386	0
42403125612922	26385	0
42404132245882	26384	0
42420602905537	26379	0
42420868195313	26373	0
42470989517179	26372	0
42470989582715	26371	0
42471006359931	26370	0
42471006359932	26369	0
42471022940543	26367	0
42472868172267	26366	0
42526634783601	26362	0
42531118145403	26361	0
42535212572273	26360	0
42535222621041	26357	0
42539725836666	26356	0
42539725836668	26355	0
42539725836700	26354	0
42539725838972	26352	0
42539759260026	26351	0
42539994272122	26350	0
42539994272124	26349	0
42539994272140	26348	0
42540027695482	26347	0
42541000905082	26346	0
42541000905084	26345	0
42541012709722	26344	0
42541012709724	26343	0
42541537280490	26340	0
42541537644922	26339	0
42541538329066	26336	0
42558714004458	26334	0
42558715053034	37092	0
42575209650801	26333	0
42575209650812	26330	0
42575221597041	26329	0
42575221597052	26326	0
42575746390641	26325	0
42604149365372	26324	0
42608461762941	26323	0
42608461762943	26320	0
42608478540157	26319	0
42608478540158	26318	0
42609020227931	26316	0
42610005135867	26315	0
42610273571307	26314	0
42625419367281	26310	0
42625687606177	26307	0
42625956041617	26304	0
42644632788347	26303	0
42672651394417	26302	0
42672651394673	26299	0
42677131235706	26297	0
42677131235708	26296	0
42677131235740	26295	0
42677198016894	26294	0
42677198019710	26293	0
42677198082430	26292	0
42677198082462	26291	0
42677204926814	33074	0
42677204926846	33070	0
42677204992382	26290	0
42677205057918	33063	0
42677205058430	33058	0
42677466284462	26287	0
42677466517886	26286	0
42677466517902	26285	0
42677467333038	26280	0
42677734756798	26279	0
42678003192238	26278	0
42678003257724	26277	0
42678003257726	26276	0
42678009164124	26275	0
42678009164126	26274	0
42678976467326	26273	0
42679009890684	26272	0
42679009890686	26271	0
42694133924721	26265	0
42694384599934	26264	0
42694384665470	38204	2
42694643008430	26260	0
42694644057006	37162	0
42713192186737	26257	0
42713192186750	26253	0
42713349473150	26251	0
42713350521726	38204	3
42745867161981	26250	0
42745867161983	26249	0
42745867165565	26246	0
42745867202941	26243	0
42745868251517	26238	0
42746135441837	26235	0
42746136490413	26230	0
42763043926909	26227	0
42763044975485	26224	0
42763312165805	26220	0
42763313214381	37148	0
42781106369393	26217	0
42781106369405	26212	0
42814570058106	26210	0
42814586638717	26209	0
42814586638718	26208	0
42814603415934	26207	0
42814603481470	26206	0
42814603481502	26205	0
42814871916926	26204	0
42814871916942	26203	0
42815140155838	26202	0
42815878549886	26201	0
42832111330193	26198	0
42861847403134	26197	0
42865931969393	26195	0
42905334509931	26193	0
42905334509932	26191	0
42905368056171	26189	0
42905636798826	26187	0
42906089914731	26185	0
42906089914732	26183	0
42906358153583	38001	4
42906626343278	26181	0
42906643431786	26179	0
42923177501059	26177	0
42923715899779	26176	0
42925462618477	26175	0
42925467599212	26174	0
42925467599286	26173	0
42925501022646	26172	0
42925501025121	26171	0
42925509804398	26169	0
42929762138721	26167	0
42929762566566	26165	0
42929795684961	26164	0
42934007202262	26163	0
42934007205217	26162	0
42934080864623	38001	4
42934097641838	26160	0
42934097641942	26158	0
42938301739371	26157	0
42938313965931	26155	0
42938313966022	26153	0
42938330743146	26151	0
42939283075459	26149	0
42942596697953	26148	0
42946891665771	26147	0
42946891907558	26146	0
42946891910753	26145	0
42946901803371	26144	0
42946948989292	26143	0
42947873001859	26142	0
43158510948739	26141	0
43159505097155	26140	0
43197988299649	26135	0
43198526698369	26134	0
43214093874049	26132	0
43222683800449	26131	0
43569695482219	26130	0
43569695486315	26129	0
43569695486317	26126	0
43569695850859	26125	0
43569695854955	26124	0
43569695916395	26123	0
43569695920491	26122	0
43569707712875	26119	0
43569707712877	26118	0
43569707716971	26115	0
43569707716973	26114	0
43569712247150	34522	0
43569712247151	34521	0
43569712263531	34517	0
43569712263532	26113	0
43569712693611	26112	0
43569712693612	26111	0
43569712697707	26110	0
43569712697708	26109	0
43569712705897	26108	0
43569729024365	34510	0
43569729024367	34509	0
43569729028463	26107	0
43569729274223	26106	0
43569729278319	26105	0
43569745801581	26104	0
43569745801582	26103	0
43569745805678	26102	0
43569745809771	26101	0
43571721179587	26100	0
43572255961475	26099	0
43572256092515	26098	0
43572379685355	26096	0
43572379800043	26095	0
43589368853345	26094	0
43593116912481	26089	0
43593653652321	26085	0
43593663820641	26084	0
43625328721505	26083	0
43625328721761	26082	0
43625328737121	26081	0
43625328737377	26077	0
43625341301601	26072	0
43629623689057	26071	0
43629623693153	26070	0
43629821529963	26065	0
43629821534059	26060	0
43629824479083	26059	0
43629824483179	26058	0
43629824970603	26057	0
43633918656097	26056	0
43633918905953	26055	0
43633918910049	26054	0
43633929139041	37629	0
43638431740268	26053	0
43638431742572	26050	0
43638431805804	26049	0
43638432170346	37793	0
43638432170348	37792	0
43638432174444	26048	0
43638432178540	37788	0
43638432178572	37786	0
43638448505199	26047	0
43638448570735	26046	0
43638465282414	26045	0
43638465347950	26044	0
43638465593706	37779	0
43639365878147	26041	0
43639366926723	26040	0
43639366930819	26039	0
43639505351052	26037	0
43639505899916	26036	0
43639505904012	26035	0
43639506952588	26032	0
43639522115983	26030	0
43639538893198	26028	0
43640440660355	26027	0
43640440660364	26024	0
43656682627980	26018	0
43656683676556	26009	0
43698343169889	26008	0
43698343235425	26007	0
43699416780673	26005	0
43699480743810	26004	0
43699480743811	26003	0
43699481792387	25996	0
43702638140001	25995	0
43702856190572	25994	0
43707100877163	37963	0
43707100877167	37962	0
43707100877307	37960	0
43707100881259	34337	0
43707100885355	37956	0
43707100885357	37955	0
43707101249899	34279	0
43707101315435	25993	0
43707101318507	25990	0
43707113111915	37946	0
43707113111917	37945	0
43707113114902	37892	6
43707113114907	37921	0
43707113114987	37916	0
43707113132393	37914	0
43707113132395	37911	0
43707113132427	37909	0
43707113460043	37905	0
43707113460067	37903	0
43707113460075	37901	0
43707113460587	37897	0
43707167977837	33969	0
43707167977839	33933	0
43707173941613	33925	0
43707173941615	33922	0
43707184755053	25989	0
43707184755054	25988	0
43707184763243	37936	0
43707190718829	25985	0
43707190718830	25982	0
43707190727019	25979	0
43708086407555	25978	0
43708086407563	25976	0
43708086407587	25975	0
43708258374027	25973	0
43708354843011	25972	0
43708354843019	25970	0
43708354843027	25969	0
43708354974051	25968	0
43708354974059	25965	0
43708526809483	25963	0
43708526940523	25961	0
43709422285299	25958	0
43709516763643	25957	0
43709690720739	25955	0
43709785199083	25954	0
43725467734881	25953	0
43725467734891	25950	0
43725467735339	25949	0
43725703664491	25945	0
43725704713067	36812	0
43729762702177	25944	0
43729762702187	25941	0
43729998631787	25937	0
43729999680363	36800	0
43730001776747	36034	0
43730001777003	36793	0
43731259526507	25936	0
43731260018027	25934	0
43771357609569	25933	0
43771357616737	25932	0
43771521895787	36370	0
43771521896043	25928	0
43771522241387	25924	0
43771523289963	25916	0
43771524844907	25915	0
43771524845163	25914	0
43771525336427	25913	0
43771525336683	25912	0
43771525386347	25911	0
43771525386603	25910	0
43775820349806	34326	0
43775820349807	25909	0
43775820357995	34319	0
43775820357996	34318	0
43775820362091	25908	0
43775820362092	25907	0
43775820792171	25906	0
43775820792172	25905	0
43775820808553	25904	0
43775837135212	34123	0
43775837139308	25903	0
43775837200748	34111	0
43775837204844	25902	0
43775837569386	25899	0
43775837569388	25898	0
43775837573484	25897	0
43775904231790	25896	0
43775904235886	25895	0
43775904235950	25894	0
43775904301422	25893	0
43775904416110	25892	0
43775910195566	25889	0
43775910199662	25886	0
43775911231852	33647	0
43775911231854	33644	0
43775911234582	33639	0
43775911234590	33638	0
43775911234670	33634	0
43775911248238	33626	0
43776977846670	25884	0
43776977846702	25882	0
43776978145678	25881	0
43776978149774	25880	0
43776979198350	25876	0
43777246384574	25875	0
43777514820014	25874	0
43778504573326	25872	0
43778504704366	25870	0
43794154873742	25864	0
43794155922318	25854	0
43795681428334	25852	0
43795682476910	25850	0
43798469606497	25845	0
43798721203310	25843	0
43799976395630	25841	0
43799977444206	25839	0
43799979540590	36521	0
43799979540846	36518	0
43818602695521	25835	0
43818602695777	25834	0
43818602711393	25833	0
43818850421614	25829	0
43818850421870	25824	0
43818850437486	25819	0
43818853370734	25818	0
43818853370990	25817	0
43818853386606	25816	0
43844539826543	25815	0
43844539830635	33580	0
43844539830639	33579	0
43844539838827	25814	0
43844539838828	25813	0
43844539838829	25812	0
43844540072303	25811	0
43844540100969	25810	0
43844556607855	33570	0
43844556616044	25809	0
43844556616045	25806	0
43844556673391	25805	0
43844556681580	25804	0
43844556681581	25803	0
43844573393259	25802	0
43844573393261	25799	0
43844573393325	25798	0
43844573458797	25797	0
43844573524333	25794	0
43844573524365	25793	0
43844579357035	25790	0
43844579357037	25785	0
43845521166723	32187	0
43845521166735	32184	0
43845521174915	25783	0
43845521174925	25780	0
43845647004043	25778	0
43845647004045	25776	0
43845647004077	25774	0
43846055948739	25772	0
43867189083233	25769	0
43867725953633	25766	0
43867725953645	25762	0
43883027036769	25757	0
43887519567725	25750	0
43887519594861	25745	0
43887522516845	25744	0
43887522543981	25743	0
43891616701025	25742	0
43891616701039	25738	0
43891616709217	25735	0
43891616709229	25732	0
43891616709729	25729	0
43913259303278	34370	0
43913259307371	33791	0
43913259311467	34366	0
43913259311468	34365	0
43913276088684	25728	0
43913276154220	25727	0
43913276391786	33749	0
43913292865899	34357	0
43913298829675	25724	0
43913309630830	33778	0
43913309815150	33742	0
43913315594606	33678	0
43913316630892	33734	0
43913316630894	33731	0
43914240643459	32233	0
43914240647555	25723	0
43914241696131	25721	0
43914366476683	25719	0
43914383544718	25718	0
43914383548814	25717	0
43914384597390	25714	0
43914510131587	25713	0
43914510131603	25712	0
43914510262627	25711	0
43914651783614	33770	0
43914775421379	25709	0
43931560272782	25705	0
43931561321358	25699	0
43931623023457	25698	0
43935917990753	25697	0
43956041517921	25693	0
43960336177761	25692	0
43960336181857	25691	0
43960554228334	25690	0
43964631149153	25689	0
43964631149409	25688	0
43964631214945	25687	0
43965704760193	25685	0
43965768723330	25684	0
43965768723331	25683	0
43965769771907	25681	0
44004846563740	25679	0
44004863144351	25677	0
44009269096819	25676	0
44009804239219	25675	0
44024961954205	25674	0
44024978731420	25673	0
44024995496351	31877	0
44025012273566	25672	0
44027004285340	25671	0
44027269575071	25669	0
44027538010526	25667	0
44039083880905	25665	0
44043375702521	25663	0
44257154552179	25662	0
44327011312030	25661	0
44327011316126	25660	0
44327011565982	25659	0
44327546085848	25658	0
44382597631121	25653	0
44382597631122	25650	0
44382833560722	25649	0
44386889453457	25644	0
44386889453458	25641	0
44391184420497	25640	0
44391184420498	25639	0
44737943282172	25638	0
44737943302556	25637	0
44737943433580	25636	0
44737943433596	25635	0
44737943802220	25634	0
44737943802236	25633	0
44737943806316	25632	0
44737943806332	25631	0
44737960067487	25630	0
44737960198511	25629	0
44737960198527	25628	0
44737976844702	25627	0
44737976975726	25626	0
44737976975742	25625	0
44738211869052	25622	0
44738212237692	25620	0
44738212241788	25618	0
44738212917628	25615	0
44738213286268	25613	0
44738213290364	25611	0
44738228633983	25608	0
44738229682559	25605	0
44738245411198	25602	0
44738246459774	25599	0
44739968856476	25598	0
44739968858652	25597	0
44739968864636	25596	0
44739968868732	25595	0
44757065114924	25594	0
44757592687585	25589	0
44761884509921	25586	0
44766179476961	25585	0
44797854732177	25584	0
44797854863201	25583	0
44797854863217	25582	0
44798123298673	25578	0
44798124347249	25577	0
44798124347250	25576	0
44806679540125	33915	0
44806679540127	33914	0
44806696317341	25575	0
44806696317342	25574	0
44807866470803	25573	0
44807866536339	25572	0
44807883026845	25571	0
44807883029785	25570	0
44807883029787	25569	0
44807883051387	25568	0
44807883051414	25567	0
44807883313555	25566	0
44807883313556	25565	0
44824979297169	25563	0
44824979297579	25562	0
44824979297681	25561	0
44824979297682	25560	0
44825215227282	25559	0
44829262183825	25557	0
44870869171857	25556	0
44872211355025	25555	0
44875348697500	35509	0
44875348701596	35505	0
44875348828524	34100	0
44875348828540	34098	0
44875348832620	25554	0
44875348832636	25553	0
44875349201260	25552	0
44875349201276	35500	0
44875415794078	25551	0
44875415798174	25550	0
44875415798190	25549	0
44875415929198	25548	0
44875415929214	25547	0
44875422876014	25544	0
44875422876030	25541	0
44875423138126	25538	0
44875617263996	33311	0
44875617268092	25536	0
44875617636732	33256	0
44875618312572	38591	0
44875618316668	25534	0
44875618685308	25531	0
44875684364670	25528	0
44875685413246	25525	0
44875691311448	25524	0
44875691311454	25521	0
44875691311486	25517	0
44875691377022	25514	0
44877026513276	25513	0
44877026513278	25512	0
44877939440670	25511	0
44877939458430	25509	0
44878033146236	25508	0
44878033146238	25507	0
44895035704622	25505	0
44897981660305	25503	0
44898232335518	25502	0
44918113816465	25501	0
44918113827985	25500	0
44918362325918	25497	0
44918363374494	25494	0
44918365424798	25493	0
44918365470878	25492	0
44918365471134	25491	0
44920798168465	25490	0
44920798168478	25489	0
44920878627998	25487	0
44944068170143	25486	0
44944068178332	25485	0
44944068178333	25484	0
44944068301167	25483	0
44944068301183	25482	0
44944068309356	25481	0
44944068309357	25480	0
44944068309372	25479	0
44944068309373	25478	0
44944084955549	25477	0
44944084955565	25476	0
44944085086573	25475	0
44944085086589	25474	0
44944085152109	25472	0
44944085152125	25471	0
44944336736639	25469	0
44944336744828	25467	0
44944336744829	25465	0
44944337785215	25463	0
44944337793404	25461	0
44944337793405	25459	0
44944353522045	25456	0
44944353587581	25453	0
44944354570621	25450	0
44944354636157	25447	0
44945853611805	25446	0
44945853641085	25444	0
44962409149329	25437	0
44962677388225	25432	0
44962945823665	25426	0
44962949887277	25424	0
44966700941201	25419	0
44966700971665	25415	0
44966969210561	25412	0
44967237646001	25410	0
44970995938705	25406	0
44971264177601	25403	0
44971532613041	25400	0
44986833293201	25399	0
44986833304721	25398	0
44987031483293	25395	0
44987032531869	25392	0
44987034570653	25391	0
44987034628253	25390	0
44987034628509	25389	0
44991128272017	25388	0
45012787650972	25387	0
45012787781996	25386	0
45012787782012	25385	0
45012821193118	25384	0
45013056217468	25382	0
45013057266044	25380	0
45014021759379	25379	0
45014021824915	25378	0
45014038311326	31790	0
45014038314521	31787	0
45014038339990	31781	0
45014038602131	31776	0
45014038602132	31775	0
45014842577278	27819	0
45031134585745	25376	0
45031134586257	25375	0
45031134586258	25374	0
45031396860865	25369	0
45035420417681	25364	0
45035688683201	25361	0
45039983650241	25360	0
45055562212241	25357	0
45064142842721	25356	0
45064142842737	25355	0
45064411278193	25353	0
45064412326769	25352	0
45064412326770	25351	0
45100224279457	38204	15
45100368233377	25349	0
45104660054378	25347	0
45108955022753	25346	0
45113518215565	25345	0
45113518215566	25344	0
45113631023500	25342	0
45113896313231	37340	14
45114164748686	25340	0
45114273190285	25339	0
45114273190286	25338	0
45128785822118	25336	0
45129053827493	25334	0
45129087373733	25333	0
45131345658278	25331	0
45147451785638	25329	0
45357922316707	37583	0
45357922316709	37582	0
45357922317221	37574	0
45358067306915	25326	0
45358335545811	25323	0
45359090520547	25321	0
45403724116897	25318	0
45403724116901	25310	0
45403726205857	25309	0
45403726205861	25306	0
45403928589221	25302	0
45403929637797	38204	0
45403962135461	25298	0
45403963184037	38255	0
45406240146341	25297	0
45406240211877	38204	0
45406240637861	25295	0
45422346273701	25294	0
45422346339237	37461	0
45422346765221	25292	0
45425670463885	25290	0
45425670898061	25289	0
45425717649806	25287	0
45481304149030	25284	0
45481304149121	25280	0
45481304149122	25277	0
45481540078722	25276	0
45485784715138	25275	0
45495327715747	25272	0
45495327715749	25271	0
45495484961197	30962	0
45495484961199	25270	0
45495484961231	25269	0
45495501738413	25268	0
45495501738414	25267	0
45495502066087	25266	0
45495502074277	25265	0
45495502078373	25264	0
45495770173869	25263	0
45495770173870	25262	0
45495770173886	25261	0
45495770304909	25260	0
45495770304910	25259	0
45495770304983	25258	0
45495770313173	25257	0
45495866782147	25256	0
45495866782149	25255	0
45496525148589	25254	0
45496525148590	25253	0
45496525148651	25252	0
45496525279629	25251	0
45496525279630	25250	0
45496525279719	25249	0
45496525287909	25248	0
45543300029681	25245	0
45543568465313	25244	0
45547863432161	25243	0
45547863432609	25242	0
45555379625377	25239	0
45555379625889	25236	0
45555379625921	25235	0
45559674592673	25234	0
45559674592929	25233	0
45559943028385	25232	0
45559943028401	25231	0
45559943159425	25230	0
45906191233389	30863	0
45906191233391	25229	0
45906208010605	25228	0
45906208010606	25227	0
45906208018795	25226	0
45906476454309	25225	0
45906476585349	25224	0
45906573054307	25223	0
45906573054339	25222	0
45906573054341	25221	0
45906745020805	25220	0
45906747117955	25219	0
45908472934901	25218	0
45908741370341	25217	0
45923685815137	25216	0
45923685815169	25213	0
45923685815681	25212	0
45923685815682	25211	0
45923921745282	25210	0
45929847109361	25205	0
45930115544801	25203	0
45938705587585	25202	0
45970380865121	25201	0
45970917873025	25200	0
45970919969665	25199	0
45974927425966	25198	0
45974927487342	25197	0
45974927491438	25196	0
45974927491502	25195	0
45974927671662	25194	0
45974931358126	25191	0
45975195926949	25190	0
45975195926958	25187	0
45975196975534	25184	0
45976387117477	25183	0
45976387121573	25182	0
45976387551653	25180	0
45976538075566	25179	0
45976540905902	25178	0
45977460851109	25177	0
45977460851118	25175	0
45993469903777	25169	0
45993720578990	25168	0
45993720644526	38204	0
45994637575086	25166	0
45994638623662	38204	1
45997761291937	25162	0
45997761296033	25158	0
45998012892846	25156	0
45998835025569	25153	0
45998835025582	25150	0
46002056693153	25148	0
46002304419246	25147	0
46002307368366	25146	0
46007425064065	25145	0
46007425064078	25143	0
46043596583341	25142	0
46043596648811	25141	0
46043596648813	25139	0
46043596648877	25138	0
46043596779885	25136	0
46043596779901	25135	0
46043596779917	25134	0
46043600498461	25133	0
46043600515501	25130	0
46043600974157	25128	0
46043865084325	25127	0
46043865084333	25124	0
46043865215357	25122	0
46043865215365	25121	0
46043865215373	25119	0
46043866132909	25116	0
46043866263933	25114	0
46043866263949	25112	0
46044133650797	25110	0
46044133650821	25109	0
46044133650829	25106	0
46044133651853	25104	0
46044134699405	25100	0
46044135747971	25099	0
46044135747981	25095	0
46044135748493	25092	0
46045106598309	25091	0
46045106598317	25088	0
46045106598341	25087	0
46045375033765	25086	0
46045375033773	25083	0
46045375033781	25082	0
46045375164805	25081	0
46045375164813	25076	0
46061310374765	25072	0
46061310374797	25068	0
46061310375298	25067	0
46061310375309	25065	0
46061311423341	25059	0
46061311423373	25053	0
46061311423885	25051	0
46062283322285	25049	0
46062284370861	25047	0
46062458565933	25046	0
46062551757741	25044	0
46062551888781	25040	0
46062552806317	25038	0
46062552937357	36395	0
46066480772769	25034	0
46066480772781	25031	0
46066480772801	25028	0
46066749208225	25025	0
46066749208237	25022	0
46066749208241	25020	0
46071044306305	25019	0
46071044306317	25018	0
46075339235201	25017	0
46075339235213	25014	0
46075339273601	25013	0
46075339273613	25012	0
46075341370241	25008	0
46075341370253	25007	0
46090639965281	25005	0
46112316121451	25004	0
46112332886382	25003	0
46112333070702	30779	0
46112584556965	25002	0
46112584688005	25001	0
46112853123461	25000	0
46112855220611	24999	0
46113826070949	24998	0
46113826070981	24997	0
46113826374053	30770	0
46130029847938	24996	0
46130908726177	36547	0
46135200245409	24993	0
46135200245441	24990	0
46139495515553	24985	0
46144058711681	24984	0
46163654404961	24983	0
46199040897937	24981	0
46199041143697	24979	0
46203332720273	24977	0
46203332964713	24975	0
46203332966033	24973	0
46215412314518	24972	0
46215412560278	24971	0
46217421349267	24970	0
46217972396438	24969	0
46232612606399	30447	0
46232629383614	24968	0
46235175702974	24967	0
46237553701267	24965	0
46237570281878	24963	0
46246141538707	24961	0
46246158119318	24959	0
46247255301809	24958	0
46457720230323	30151	0
46457721278899	24956	0
46457989714355	24955	0
46457989714371	24954	0
46457989845395	24953	0
46458255004147	24951	0
46492232147857	24950	0
46492332786581	24949	0
46492866884501	24948	0
46492866950037	36354	0
46512364499857	24943	0
46520952337297	37721	0
46522130063026	24942	0
46522130063027	24941	0
46522131111603	36140	0
46526439330230	38532	0
46526439702966	38526	0
46526440378806	24938	0
46526440751542	24936	0
46526567244222	24933	0
46526567244250	24932	0
46526708814262	24931	0
46526708814278	24930	0
46526709186998	24929	0
46526709187014	24928	0
46526709318038	24927	0
46526974104054	24926	0
46526974476790	24924	0
46527243596182	24923	0
46560951624593	24922	0
46576520744230	24921	0
46580815711270	24918	0
46585107533606	24913	0
46589402500646	24912	0
46590849162934	24910	0
46590849535666	24909	0
46590849535670	24907	0
46590850584246	24905	0
46594174701982	24904	0
46594174701983	24903	0
46594174702071	24902	0
46594174742933	24901	0
46594174964124	24900	0
46594174964151	24899	0
46594174988693	24898	0
46594191479199	24897	0
46594191544735	24896	0
46594208256414	24895	0
46594208256471	24894	0
46594208387511	24893	0
46595281801662	24892	0
46595281867198	24891	0
46595378475411	24890	0
46595378475413	24889	0
46645496470929	24888	0
46654086143377	24885	0
46654086143889	24882	0
46658381110673	24881	0
46658381110929	24880	0
46658381176465	24879	0
46659454656177	24878	0
46659454721713	24877	0
46662088782262	24876	0
46662088884726	24875	0
46662088913302	24874	0
46662089146806	24873	0
46662089150902	24872	0
46662089159062	24871	0
46662122328502	24870	0
46662122439126	24869	0
46662122570166	24868	0
46662122574262	24867	0
46663828332979	24864	0
46663829381555	24861	0
46663844725174	31724	0
46663844729270	31719	0
46663845773750	24859	0
46663845777846	24857	0
46664001343934	24856	0
46664001348030	24855	0
46664002396606	24852	0
46664097817011	24851	0
46664097817027	24850	0
46664097948051	24849	0
46664114209206	24848	0
46664114209222	24847	0
46664114213302	24846	0
46664114213318	24845	0
46664363106803	24842	0
46664379498998	24840	0
46664379499002	24839	0
46664379503094	24838	0
46664648995222	31706	0
46664648996886	31703	0
46680941093809	24833	0
46680942142385	24829	0
46681178071998	24825	0
46681179120574	24819	0
46681210577841	24818	0
46681210577857	24817	0
46681210708881	24816	0
46681475867633	24811	0
46728174198449	24810	0
46728174202545	24809	0
46728175251121	24808	0
46728175251122	24807	0
46728238165682	24806	0
46728238165683	24805	0
46728239214259	37214	4
46728254557878	24803	0
46728254561974	24801	0
47074439049630	24800	0
47074439053726	24799	0
47074439115118	24798	0
47074439119214	24797	0
47074439184750	24796	0
47074439184766	24795	0
47074439299438	24794	0
47074442973630	24793	0
47074442976286	24792	0
47074707620222	24790	0
47074708668798	24788	0
47074712465758	24787	0
47074712469850	24786	0
47074712469854	24784	0
47074976055662	24782	0
47075244290462	24780	0
47075244294558	24778	0
47075244593534	24777	0
47075244593566	24776	0
47075247239582	24774	0
47075247243678	24772	0
47075247735198	24771	0
47076989292990	24770	0
47076989424030	24769	0
47092152779630	24765	0
47092153828206	24759	0
47092175987601	24754	0
47092175991697	24750	0
47092176237457	24746	0
47092176241553	24743	0
47092426912670	24742	0
47092426916766	24741	0
47092426978206	24740	0
47092426982302	24739	0
47092427588510	24737	0
47096467809937	38494	11
47096467814033	24733	0
47096468059793	24729	0
47096468063889	24726	0
47096718735006	24725	0
47096718739102	24724	0
47096719410846	24722	0
47144874799542	24719	0
47144886661557	24718	0
47144886727093	24717	0
47144903463359	24716	0
47144903504309	24715	0
47144903504310	24714	0
47144904552886	24711	0
47160895468433	24707	0
47160895533969	24703	0
47161969079217	24699	0
47162080228278	24695	0
47162081276854	24689	0
47165187290769	24685	0
47165187356305	24681	0
47166260836017	24680	0
47166260901553	24679	0
47166260901809	24676	0
47166375195826	24675	0
47170555868593	24673	0
47170555869105	24668	0
47170556917681	24665	0
47170556917682	24662	0
47170619832242	24661	0
47170619832243	24660	0
47170620880819	24656	0
47211844448670	33813	0
47211844514158	31410	0
47211844698478	24655	0
47211848372670	35402	0
47212117864798	31326	0
47212239905123	24652	0
47212508144019	24649	0
47212524724602	24648	0
47212524724630	24646	0
47212649689502	31397	0
47212649992574	31366	0
47212649992606	31364	0
47212652638622	38566	0
47212653134238	38561	0
47213622940094	24645	0
47213891375550	27527	0
47213891506590	27522	0
47229352665953	24642	0
47229614941073	24639	0
47229832311710	24638	0
47229832377246	36350	0
47229832987550	24636	0
47233906763409	24633	0
47234124134046	37395	0
47234124809886	24631	0
47263166097329	24630	0
47263702967729	24629	0
47263705064369	24628	0
47299820151745	24627	0
47304086102472	24625	0
47304102879596	24623	0
47304102879687	24621	0
47308335980995	24619	0
47308397848001	24617	0
47308409643356	24615	0
47312654279052	24613	0
47316949246332	24612	0
47316949246406	24611	0
47316954227141	24610	0
47319239344559	38001	2
47319256121774	24608	0
47321534189999	38001	2
47336314827206	24607	0
47336314827207	24606	0
47336326930886	24604	0
47336326930887	24602	0
47336437031366	24600	0
47337237533127	24598	0
47556536848803	38001	1
47556536848815	38021	0
47556553626019	24595	0
47556553691555	24594	0
47557501342147	24593	0
47557501407683	24590	0
47557517943235	24589	0
47557518184899	24588	0
47557518184903	24587	0
47557518188995	24586	0
47587448740033	24585	0
47587448740034	24584	0
47587448740035	24583	0
47591828988869	24576	0
47591830037445	24565	0
47591843734469	24564	0
47591843800005	24563	0
47611583177669	24562	0
47611583243205	38184	14
47620726480545	24561	0
47620726480546	24560	0
47620726480547	24559	0
47626220442054	24558	0
47626220446150	24557	0
47626220446152	24554	0
47626220814790	24553	0
47626220880326	24552	0
47626237206985	24551	0
47626237223366	24550	0
47626237223367	24549	0
47626237657542	24548	0
47626237657543	24547	0
47626237665731	24546	0
47626237665732	24545	0
47688911179302	24543	0
47693703041479	33197	0
47693703041487	33005	0
47693703172511	24542	0
47693703172519	33191	0
47693703172527	24541	0
47693719818695	24538	0
47693719818711	24537	0
47693719949735	24535	0
47693720015271	24534	0
47693971607951	24533	0
47693971607975	24531	0
47693971607983	24530	0
47693988385191	24528	0
47693988450727	24527	0
47694884073923	24524	0
47694884073925	24521	0
47694890037699	24520	0
47694890037701	24519	0
47694944555463	29368	0
47694944555471	24518	0
47694944555495	29366	0
47694944555511	29364	0
47694944559047	29360	0
47694944883111	29343	0
47694944883143	29339	0
47694944883145	24517	0
47694944903621	29335	0
47694944903623	29332	0
47694944904647	29327	0
47694956700103	24516	0
47694956700951	24515	0
47694956700956	24514	0
47694956701127	24513	0
47694956765639	24512	0
47694957134279	24511	0
47694957138371	24510	0
47694957138375	24509	0
47695152312819	24506	0
47695152312821	24503	0
47695212990919	24502	0
47695212990927	24501	0
47695212990935	24500	0
47695212990967	24498	0
47695213121959	28645	0
47695213121967	28644	0
47695213122039	26998	0
47695213122041	24497	0
47695420748259	24495	0
47695420748261	24493	0
47695481426375	24492	0
47695481426391	24491	0
47695481426407	24489	0
47695481557415	24488	0
47695481557479	24486	0
47695481557481	24485	0
47695481622951	29320	0
47695491474711	24484	0
47733465372865	24481	0
47733733611761	24478	0
47734002047201	24476	0
47749302738881	24475	0
47749302738887	24472	0
47749302777281	24471	0
47749302777287	24470	0
47749554374087	24469	0
47749554393287	24468	0
47749554393543	24467	0
47753597706177	24466	0
47753597706183	24463	0
47757892804241	24462	0
47757892804257	24461	0
47757892804263	24459	0
47758161239681	24458	0
47758161239713	24457	0
47758161239719	24455	0
47761617355174	38001	3
47761617355183	38019	0
47761634132390	24452	0
47761634197926	24451	0
47762535899555	24448	0
47762550026662	24445	0
47762551062950	38001	2
47762552111526	24444	0
47762552115622	24443	0
47762691084719	24442	0
47762691088815	24441	0
47762692137391	24438	0
47763609444803	24437	0
47763609510339	24436	0
47763625836966	29477	0
47763625836998	29475	0
47763625841094	24435	0
47763625845190	29471	0
47763625845192	29470	0
47764160610726	29462	0
47779648660385	24431	0
47779867812783	24426	0
47779868861359	24414	0
47780722205633	24413	0
47780722271169	24412	0
47817216948417	24411	0
47817216948422	24408	0
47817468545222	24406	0
47822665928614	24404	0
47825806986913	24403	0
47825806986918	24400	0
47826880716449	24399	0
47826880720545	24398	0
47826881769121	24397	0
47826881769122	24396	0
47826944683682	24395	0
47826944683683	24394	0
47826945732259	36194	0
47830336835951	24393	0
47832328737219	24392	0
47832328741315	24391	0
47832328987075	24390	0
47832328991171	24389	0
47832328991173	24388	0
47832345309641	24387	0
47832345317830	24386	0
47832345317831	24385	0
47832345321926	24384	0
47832345321927	24383	0
47832345768387	24382	0
47832345768388	24381	0
47832350298565	24380	0
47832350298567	24377	0
47832350302661	24376	0
47832350302663	24373	0
47832362095047	24372	0
47832362099143	24371	0
47832362160583	24370	0
47832362164679	24369	0
47832362533319	24368	0
47832618537461	24367	0
47832618537463	24364	0
47832886972901	24363	0
47832886972903	24361	0
47849441747905	24360	0
47849441752001	24359	0
47849527022535	24354	0
47849527026631	24349	0
47849528071111	24342	0
47849528075207	24334	0
47849541768135	24333	0
47849541772231	24332	0
47849541833671	24331	0
47849541837767	24330	0
47849542386631	24329	0
47849795261431	24323	0
47849796310007	24313	0
47850063696871	24311	0
47850064745447	24309	0
47853724139457	24304	0
47853724473025	24301	0
47853724477121	24297	0
47853724477377	24292	0
47853736719297	24291	0
47853736719553	24290	0
47853736719554	24289	0
47853992711921	24284	0
47854261147361	24282	0
47885936424897	24281	0
47894526467681	24280	0
48242552918383	24279	0
48242552926573	24278	0
48242552926662	24277	0
48242552926663	24276	0
48242553057641	24275	0
48242553057702	24274	0
48242553057703	24273	0
48243029111139	24270	0
48243563884963	24267	0
48243563884965	24266	0
48243593245061	24265	0
48243593245093	24264	0
48243593245095	24261	0
48260141871969	24258	0
48260407030721	24255	0
48260407161745	24253	0
48260407161761	24250	0
48260675597217	24243	0
48260676645793	24236	0
48260676646305	24235	0
48260676646306	24234	0
48260769969063	24230	0
48260771017639	24224	0
48264698853057	24221	0
48264698984081	24219	0
48264698984097	24216	0
48264967419553	24213	0
48264967419809	24210	0
48264971613089	24207	0
48264971613345	24204	0
48264971613346	24201	0
48269262386561	24200	0
48269262386593	24197	0
48269262387105	24192	0
48269263435681	24189	0
48269263435682	24186	0
48269326350242	24185	0
48269326350243	24184	0
48269327398819	24178	0
48276778579873	24177	0
48276778580321	24176	0
48281073547169	24175	0
48281077740449	24172	0
48311272399302	24171	0
48311272399303	24170	0
48313374319046	24168	0
48313419846087	24166	0
48329126503361	24163	0
48333418325697	24160	0
48343350401217	24158	0
48398492816305	24156	0
48398636770225	24155	0
48402926195051	24154	0
48402926196401	24153	0
48407226077531	24151	0
48411360612747	24149	0
48411516426417	24148	0
48422953669046	24146	0
48422953669047	24145	0
48423059161526	24144	0
48423063769526	24142	0
48425564201395	24140	0
48425592521141	24139	0
48425609286072	24138	0
48425626063287	24137	0
48445713011126	24136	0
48445724873141	24135	0
48655800029555	24133	0
48656065188307	24132	0
48656065319331	24131	0
48656065319347	24130	0
48656190853555	24129	0
48656190853557	24128	0
48656190854069	24125	0
48656333754803	24123	0
48656334803379	24122	0
48656334807475	30409	0
48686391187634	24121	0
48686391187635	24120	0
48686392236211	24118	0
48698209915829	24117	0
48698209981365	36028	0
48698210714549	24115	0
48700374999985	38142	0
48700467282869	38133	0
48700468331445	38110	0
48720599634869	24108	0
48720600683445	24095	0
48724249391574	24094	0
48724926779798	24093	0
48724926779830	24092	0
48724926779832	24090	0
48725053628862	24089	0
48725053657526	24088	0
48725053658651	24087	0
48725054276022	24086	0
48725054284211	24085	0
48725054284212	24084	0
48769094476721	24081	0
48793231446487	24080	0
48793231511966	24079	0
48793231512023	24078	0
48793231643047	24077	0
48793231643063	24076	0
48793238361367	24075	0
48793499947406	24074	0
48793499947479	24073	0
48793499947480	24072	0
48793500078503	24071	0
48793500078519	24070	0
48793500078520	24069	0
48793596252595	24066	0
48793596252597	24065	0
48793768186302	24064	0
48793768219061	30067	0
48793768513975	24063	0
48793768513976	24062	0
48793768522133	24061	0
48793768522165	24060	0
48794724618711	24059	0
48794724618743	24057	0
48794724684247	28637	0
48794724684279	24056	0
48794741461463	28323	0
48794741461464	24055	0
48794741461495	24054	0
48794741461496	24053	0
48794741469653	28319	0
48794741469685	24052	0
48794993054167	24051	0
48794993054183	24049	0
48794993119703	24048	0
48794993119719	24047	0
48794993250727	24046	0
48794993250743	24045	0
48795009896919	24044	0
48795009896920	24043	0
48795009896935	24042	0
48795009896936	24041	0
48795009905109	24040	0
48795009905125	24039	0
48795010027959	24038	0
48795010027960	24037	0
48795010036149	24036	0
48833513740465	24035	0
48837808707761	24034	0
48837808719281	24033	0
48837942904247	24032	0
48837942923447	24031	0
48837942923703	24030	0
48853109399441	24028	0
48853377834881	24025	0
48853646073777	24021	0
48857404366481	24020	0
48857672801921	24019	0
48857941040817	24018	0
48857941071281	24017	0
48861045060054	24016	0
48861045060056	24015	0
48861045305814	24014	0
48861045305816	24013	0
48861057110454	24012	0
48861057110456	24011	0
48861145584054	24010	0
48861145694678	24009	0
48861145825702	24008	0
48861145825718	24007	0
48861145829814	24006	0
48861152510422	24003	0
48861152532502	24002	0
48862063743398	24001	0
48862063743414	24000	0
48862063743416	23999	0
48862219424216	23998	0
48862219428312	23997	0
48862219555256	23996	0
48862219559352	23995	0
48862220476888	23992	0
48862220607928	23990	0
48862332178838	30264	0
48862332178870	30262	0
48862332178872	30261	0
48862332180502	30258	0
48862332180507	30256	0
48862332180662	30253	0
48862487990712	23989	0
48862487994808	23988	0
48862489043384	23986	0
48863400657366	28729	0
48863400657398	28725	0
48863400657404	28724	0
48863460938200	23985	0
48863460938232	23984	0
48863460942296	28430	0
48863460942328	28428	0
48863461990872	38369	0
48863461990904	38364	0
48863669092822	23982	0
48863669092838	23979	0
48863729373656	23978	0
48863729373672	23977	0
48863729377752	23976	0
48863729377768	23975	0
48863729504696	23974	0
48863729508792	23973	0
48863730426328	23971	0
48863730426344	23969	0
48863730557368	23966	0
48879396152280	23962	0
48879396283320	23960	0
48879397200856	36559	0
48879397331896	23958	0
48879664718776	23956	0
48879665767352	23954	0
48880637666264	23947	0
48880637666296	23941	0
48880638714840	23929	0
48880638714872	23920	0
48880906101720	23918	0
48880906101736	23916	0
48880906232760	37199	0
48880907150296	23914	0
48880907150312	23912	0
48880907281336	37185	0
48903843844017	23911	0
48903843844022	23908	0
48903855790262	23905	0
48904091719862	23903	0
48904092353462	23901	0
48904093402038	23899	0
48904094668982	23898	0
48904095467702	23897	0
48904095498422	23896	0
48904095498678	23895	0
48906528184497	23894	0
48906528196017	23893	0
48926740961462	23891	0
48929865306550	23890	0
48929865306551	23889	0
48930133742005	23888	0
48930133742007	23886	0
48930134790583	23884	0
48931035074995	23882	0
48931051655606	23881	0
48931051655607	23880	0
48931068432823	23879	0
48931068498359	23878	0
48931207467447	23877	0
48931207475637	23876	0
48931209572787	23875	0
48932398666165	23874	0
48932398666167	23871	0
48948248105911	23870	0
48948248171447	36025	0
48949575390135	23866	0
48949576438711	35803	0
48952430657457	23862	0
48952679167154	23861	0
48953772840625	37433	0
48998584648046	23860	0
48998584648150	23859	0
48998584779114	23858	0
48998584779190	23857	0
49000849572309	28332	0
49000849572341	23856	0
49000866337240	28511	0
49000866337272	23855	0
49001118007765	23854	0
49001118007781	23853	0
49001118138805	23852	0
49001134772696	23851	0
49001134772712	23850	0
49001134903736	29924	0
49017931924433	37274	0
49017931924465	23844	0
49018200359889	36637	0
49018200359905	23841	0
49018200490929	36630	0
49026518713809	23840	0
49026518713841	23839	0
49026787149265	23838	0
49026787149281	23837	0
49026787280305	23836	0
49058462535521	23831	0
49062757502561	23830	0
49411545883004	23829	0
49411824279941	23828	0
49412064502195	23825	0
49412080652726	29812	0
49412080656822	23824	0
49412092514741	23823	0
49412092518837	23822	0
49412109586872	29839	0
49428638196625	23820	0
49429177263025	23816	0
49432930018961	23814	0
49433466689201	23813	0
49433466693297	23812	0
49437493421441	23811	0
49442056919217	23809	0
49445009615201	23808	0
49499404534753	23806	0
49503696109934	23805	0
49503696111329	23804	0
49503696351721	23802	0
49507991324129	23801	0
49512286278121	23800	0
49516504138110	23798	0
49516504138214	23796	0
49520825883361	23794	0
49525091975654	23792	0
49543944585706	23791	0
49543961674214	23790	0
49543965295081	23789	0
49544229863909	23788	0
49544673280483	23787	0
49544689861094	23786	0
49544689861095	23785	0
49545208422883	23784	0
49545253507560	23783	0
49545253507561	23782	0
49755719487891	23779	0
49755987726787	23776	0
49757103608291	23773	0
49757103608297	23772	0
49791398626277	23771	0
49791398691813	38204	2
49795590544097	23768	0
49795590544098	23766	0
49795590544099	23764	0
49795700644578	23763	0
49795700644579	23762	0
49795701693155	36462	0
49819104625637	23758	0
49819105674213	38204	2
49819484079073	23757	0
49820019221473	23756	0
49824438960534	23753	0
49824707199430	23750	0
49824723591597	23749	0
49824723591625	23746	0
49825775337958	23743	0
49825775337960	23741	0
49825776374246	23738	0
49825793139177	23737	0
49860175480802	23736	0
49864420117218	23735	0
49864420117222	23733	0
49864421165798	23731	0
49888738698209	23730	0
49893108117907	23727	0
49893108117909	23724	0
49893370393027	38493	0
49893370393029	38492	0
49893370458563	23723	0
49893370458565	23722	0
49893431202215	29300	0
49893431202247	29298	0
49893431202249	23721	0
49893431267751	23719	0
49893431267783	23718	0
49893431267785	23717	0
49894444003811	23715	0
49894444003813	23713	0
49894504681927	23712	0
49894504681959	23710	0
49894504747495	23709	0
49894504812967	23708	0
49894504813031	23706	0
49894504813033	23705	0
49894521524711	23704	0
49894521524712	23703	0
49894521532901	23702	0
49894521590247	23700	0
49894521590248	23699	0
49894521598437	23698	0
49894538105323	23697	0
49894538133989	23696	0
49894538367463	23695	0
49894538367464	23694	0
49894538367465	23693	0
49894538375653	23692	0
49894538375657	23690	0
49894538379749	23689	0
49933025302753	23687	0
49933025303265	23685	0
49933025303271	23683	0
49933025311457	23681	0
49933025311461	23680	0
49933089274594	23679	0
49933089274595	23678	0
49933089274597	23676	0
49933090323171	23674	0
49933090323173	23672	0
49937450780135	23671	0
49937453702119	23670	0
49937453729255	23669	0
49941614975713	23668	0
49956916058849	23667	0
49956916058855	23665	0
49956922836455	23664	0
49957452929249	23663	0
49960573501926	34549	0
49960573501942	34547	0
49960573632966	34534	0
49960573698502	23662	0
49960585494982	23659	0
49961559155107	23657	0
49961575367078	23656	0
49961827590547	23653	0
49962095829443	23649	0
49962112221606	23646	0
49962112221613	23645	0
49962112221638	23642	0
49963180720614	27921	0
49963180736998	27916	0
49963180737000	27915	0
49963180738582	27912	0
49963180738590	27910	0
49963180738790	27907	0
49963181769190	23640	0
49963181773286	23638	0
49963241001448	23637	0
49963241005544	23636	0
49963241066984	23635	0
49963241071080	23634	0
49963242054120	23631	0
49963242119656	23628	0
49963257844200	23627	0
49963257844201	23626	0
49963257848296	23625	0
49963257848297	23624	0
49963257856485	23623	0
49963257856486	23622	0
49963258896872	23620	0
49963258896873	23618	0
49963258905062	23617	0
49978671915937	23615	0
49978940351377	23611	0
49979208590273	23605	0
49980417729512	23601	0
49980417795048	23597	0
49980418778088	23591	0
49980418843624	23585	0
49980434572264	23583	0
49980434572265	23581	0
49980434580454	23579	0
49980434580962	23578	0
49980435620840	23576	0
49980435620841	23574	0
49980435629030	23572	0
50006119910374	23570	0
50006119925990	23568	0
50006119926246	23566	0
50024837007590	23565	0
50024994866150	23563	0
50024995914726	38325	0
50024998011110	37016	0
50024998011366	37013	0
50026172405985	23562	0
50029293007209	23561	0
50029293191529	23560	0
50029304988009	23559	0
50029304989465	23558	0
50029573423449	23557	0
50030563258825	23555	0
50030831694253	23554	0
50030831694281	23552	0
50031884669411	23549	0
50031901241833	23548	0
50031901250022	23546	0
50031901250023	23544	0
50031910228453	23543	0
50031910228455	23540	0
50031918027239	23539	0
50031918092775	23537	0
50031976956393	23535	0
50031977320935	27371	0
50031977320937	27370	0
50031977325033	23534	0
50031977329125	27366	0
50031977329129	27364	0
50031978373609	23532	0
50031978377705	23530	0
50031979426275	27358	0
50031979426281	27355	0
50031979426793	27351	0
50049086952423	23526	0
50049088000999	23520	0
50049097700327	23519	0
50049097765863	36685	0
50049154049001	23517	0
50049154053097	23515	0
50049155097577	23513	0
50049155101673	23511	0
50053284395745	23509	0
50053284402913	23506	0
50053449020393	23504	0
50053449020642	23503	0
50053449020649	23501	0
50053450068969	23499	0
50053450069225	23498	0
50053451400937	23497	0
50053451401193	23496	0
50053452138217	23494	0
50053452138473	23492	0
50053452165353	23491	0
50053452165609	23490	0
50093713770473	23488	0
50093716719593	23487	0
50093717456873	23486	0
50094893986785	23485	0
50094893986793	23484	0
50099551175110	23481	0
50099556090309	23480	0
50099556155845	23479	0
50099572855240	29204	0
50099572920776	23478	0
50100629635557	23477	0
50100629701093	23476	0
50100646400488	23475	0
50100646466024	23474	0
50100646468328	23472	0
50116638442433	23466	0
50116638507969	23462	0
50117711987681	23459	0
50117712053217	23455	0
50122003872481	23453	0
50122121284328	23451	0
50125225231809	23450	0
50125225297345	23449	0
50126298777057	23448	0
50126298842593	23447	0
50166698406249	23446	0
50166698520937	29158	0
50166698586473	23445	0
50166698590569	23444	0
50166710382953	23441	0
50166710382957	23440	0
50166710387049	23439	0
50167465357693	23438	0
50169319821795	23435	0
50169319821797	23434	0
50169348927973	23433	0
50169348932069	23432	0
50169349177829	23431	0
50169349181925	23430	0
50169349181927	23427	0
50169365942760	23426	0
50169365942761	23425	0
50169365959141	23424	0
50169365959142	23423	0
50169367007718	23422	0
50169382351337	23420	0
50169382355433	23418	0
50169382719975	23416	0
50169382719977	23415	0
50169382724073	23414	0
50169383772649	23411	0
50186431529953	23407	0
50186431534049	23403	0
50186432582625	23398	0
50186432583137	23397	0
50186432583138	23396	0
50186525905895	23393	0
50186526954471	23390	0
50186542683110	23386	0
50186543731686	23380	0
50186559448041	23375	0
50186560496617	23366	0
50190723102433	23365	0
50190723106529	23364	0
50190723356385	23363	0
50190727549921	23360	0
50190727550177	23359	0
50190727550178	23358	0
50190837650658	23357	0
50195018319329	23356	0
50195018323425	23355	0
50195148813801	23354	0
50195148817897	23353	0
50195151762921	23352	0
50195151767017	23351	0
50195152504297	23350	0
50199313275105	23348	0
50199313275361	23347	0
50199313290721	23346	0
50199313290977	23345	0
50199314339553	23344	0
50199314339554	23343	0
50199315387361	23340	0
50230988360161	23339	0
50230992868321	23338	0
50598048138193	23336	0
50602369020269	23334	0
50602369020375	23332	0
50602386092506	23330	0
50606604517843	23329	0
50606663988689	23327	0
50610976018906	23326	0
50615194444243	23324	0
50615210471805	23322	0
50615210471894	23320	0
50619532401361	23318	0
50630555050454	23317	0
50630555050455	23316	0
50630571323866	23315	0
50630588596694	23313	0
50630592033241	23312	0
50630856602069	23310	0
50631300018643	23308	0
50631316599254	23306	0
50631316599255	23304	0
50855228166547	23302	0
50855746175443	23301	0
50855746175445	23300	0
50855746175957	23297	0
50855762940371	23293	0
50855762940376	23292	0
50885710272721	23291	0
50885710272722	23290	0
50885710272723	23289	0
50890005242833	23287	0
50890104959957	23286	0
50890105025493	23285	0
50890105881557	23283	0
50894297062097	23280	0
50894297062098	23278	0
50894297062099	23276	0
50894407162578	23275	0
50894407162579	23274	0
50894408211155	36446	0
50905572418513	23273	0
50905572418517	23270	0
50905731363797	23267	0
50905732412373	23264	0
50906110817233	23261	0
50923946897814	23260	0
50923947639190	23258	0
50924481671638	23255	0
50924481671640	23252	0
50924482413014	23250	0
50924482413016	23249	0
50958724712401	23247	0
50958724712402	23245	0
50958724719569	23243	0
50963125893846	23241	0
50963126635218	23240	0
50963126635222	23238	0
50963127683798	23236	0
50965974567206	23233	0
50970266389542	23231	0
50974561356582	23230	0
50992187789815	23228	0
50992187789817	23227	0
50992187789818	23226	0
50992187920796	23225	0
50992187920855	23223	0
50992187920857	23222	0
50992187920858	23221	0
50992616796563	23219	0
50992616796565	23217	0
50992881955315	23216	0
50992881955317	23215	0
50992882086339	23214	0
50992882086341	23213	0
50992882086355	23212	0
50992882086357	23211	0
50992942764455	27012	0
50992942764535	27010	0
50992942764537	23210	0
50992942764538	27009	0
50992942895527	23208	0
50992942895559	23207	0
50992942895561	23206	0
50992942895575	23205	0
50992942895577	23204	0
50992942895578	23203	0
50993150521811	23201	0
50993150521813	23199	0
50993151570387	23198	0
50993151570389	23197	0
50993151574483	23196	0
50993151574485	23195	0
50993211003351	23192	0
50993211003383	23191	0
50993211044309	23190	0
50993211044311	23187	0
50993211045335	23184	0
50993211330983	23183	0
50993211330999	23182	0
50993211331031	23180	0
50993211331033	23179	0
50993211331034	23178	0
50993228108215	23177	0
50993228108216	23176	0
50993228108247	23174	0
50993228108248	23173	0
50993228108250	23172	0
50993228116405	23171	0
50993228116437	23170	0
50993228116442	23168	0
51031731820721	23167	0
51031731820753	23165	0
51031731821265	23163	0
51031731821271	23161	0
51031731829457	23159	0
51031731829461	23158	0
51031795792594	23157	0
51031795792595	23156	0
51031795792597	23154	0
51031796841171	23152	0
51031796841173	23150	0
51039248014033	23149	0
51039248014039	23147	0
51039248014481	23146	0
51043542981329	23145	0
51043542981335	23143	0
51043549574615	23142	0
51043811416961	23140	0
51060068315606	23139	0
51060068315608	23138	0
51060068561366	23137	0
51060068561368	23136	0
51060085129718	23135	0
51060085195254	23132	0
51060085326278	23131	0
51060085326294	23128	0
51060101730806	23127	0
51060101738966	23126	0
51060101972470	23125	0
51060101972474	23124	0
51060101976566	23123	0
51060102103510	23122	0
51060102103514	23121	0
51060102107606	23120	0
51061082804726	27061	0
51061082804728	27060	0
51061336269203	23118	0
51061352296854	23117	0
51061352298518	23116	0
51061871043027	23114	0
51061871043032	23113	0
51061871051219	23112	0
51061871051221	23111	0
51061871051222	23108	0
51061887042006	38001	4
51061887042038	38015	0
51061887070678	38012	0
51061887070680	38011	0
51061887072278	38008	0
51061887072285	38001	4
51061887072470	38003	0
51061887828435	38030	0
51061887828436	38029	0
51061887828438	38026	0
51061947584952	23107	0
51061947584984	23106	0
51061947584986	23105	0
51061947589048	23104	0
51061947589080	23103	0
51061947589082	23102	0
51061948637624	23099	0
51061948637656	23096	0
51061948637658	23094	0
51078449030033	23092	0
51078983803857	23090	0
51078983803864	23089	0
51078983812049	23086	0
51078983812054	23083	0
51078983812561	23082	0
51078983812562	23081	0
51079124313016	23077	0
51079124313048	23073	0
51079124313050	23071	0
51079125361592	23065	0
51079125361624	23059	0
51079125361626	23057	0
51102867098609	23056	0
51102867098614	23052	0
51111463745750	23051	0
51111464502225	23048	0
51111464502230	23044	0
51111621788630	23042	0
51111622837206	38311	0
51111624933590	38048	0
51111624933846	38001	5
51128804634985	23041	0
51128804819305	23040	0
51128821453302	23039	0
51128821453303	23038	0
51128821584236	23037	0
51128821584342	23036	0
51128821584343	23035	0
51129089888757	23034	0
51129089888759	23032	0
51129090019797	23031	0
51129090019799	23029	0
51129090937335	23027	0
51129091068375	23025	0
51130071740921	23023	0
51130616443349	23020	0
51130616443351	23016	0
51130616746421	23015	0
51130616746423	23012	0
51130616746453	23011	0
51130616746455	23008	0
51147793167319	23002	0
51147793470391	22998	0
51147793470423	22994	0
51147794215895	22984	0
51147794518967	22979	0
51147794518999	22973	0
51151990617809	22967	0
51151990618065	22964	0
51151990913745	22962	0
51151990920881	22959	0
51151990920913	22956	0
51175881677921	22955	0
51180176648145	22954	0
51180340508633	22952	0
51180343457753	22951	0
51180344379353	22950	0
51197540553210	22949	0
51197540561370	22948	0
51197540925802	36436	0
51197540925942	36434	0
51197540925946	36433	0
51197541056874	22945	0
51197541056876	22944	0
51197541056982	22943	0
51197541056986	22942	0
51197969932643	22939	0
51199067652597	22938	0
51199067652602	22935	0
51199067783621	22934	0
51199067783637	22933	0
51199067783642	22931	0
51199084417528	26959	0
51199084417530	26958	0
51199084548552	22930	0
51199084548568	22929	0
51199084548570	22928	0
51199336219061	22927	0
51199336219093	22926	0
51199336219098	22923	0
51199352983992	22922	0
51199352984024	22921	0
51199352984026	22920	0
51199352986328	22918	0
51215082693473	22915	0
51215082693928	22913	0
51216150004721	22909	0
51216150004730	22903	0
51216150135745	22901	0
51216150135761	22898	0
51216150135770	22895	0
51216244376570	22890	0
51216244507610	22888	0
51216245425146	38373	15
51216245556186	38399	0
51216418571185	22885	0
51216418571217	22881	0
51216418571226	22878	0
51216512943066	22876	0
51216513991642	22874	0
51220710390481	22872	0
51220826880728	22871	0
51220827802328	22869	0
51224736794097	22868	0
51224736794106	22867	0
51224736925121	22866	0
51224736925137	22865	0
51224736925146	22864	0
51225005360561	22863	0
51225005360593	22862	0
51225005360602	22861	0
51248895621841	22860	0
51248896117601	22857	0
51248896124881	22856	0
51249432995281	22855	0
51249432995288	22854	0
51249435091921	22853	0
51249435091928	22852	0
51266210034025	22851	0
51266210214249	22850	0
51266210214358	22849	0
51266210214359	22848	0
51266210214361	22847	0
51266210218345	22846	0
51268026339795	22843	0
51268026339797	22842	0
51268055265749	22840	0
51268055695829	22839	0
51268055699925	22838	0
51268055699927	22835	0
51268072460760	22834	0
51268072460761	22833	0
51268072477141	22832	0
51268072477142	22831	0
51268073525718	22830	0
51268088689113	22828	0
51268089237975	22826	0
51268089237977	22825	0
51268089242073	22824	0
51268090290649	22821	0
51284064318417	22818	0
51284064318425	22814	0
51285138047953	22810	0
51285138052049	22806	0
51285139100625	22801	0
51285139100971	22800	0
51285139101137	22799	0
51285139101138	22798	0
51285232423895	22795	0
51285233472471	22792	0
51285249201110	22788	0
51285250249686	22782	0
51285265966041	22777	0
51285267014617	22768	0
51288356140753	22765	0
51288356140761	22762	0
51289429440209	22761	0
51289429874385	22760	0
51289434067921	22757	0
51289434068177	22756	0
51289434068178	22755	0
51289544168658	22754	0
51293724837329	22753	0
51293724841425	22752	0
51293855151577	22751	0
51293858100697	22750	0
51293859022297	22749	0
51298019793105	22747	0
51298019793361	22746	0
51298019808721	22745	0
51298019808977	22744	0
51298020857553	22743	0
51298020857554	22742	0
51298021905361	22739	0
51334929555958	22738	0
51334929555959	22737	0
51334929686892	22736	0
51334929686998	22735	0
51334929686999	22734	0
51334929695081	22733	0
51334929695082	22732	0
51334945948154	22731	0
51334945952250	22730	0
51334945960410	22729	0
51334946472298	22728	0
51334946472314	22727	0
51335214907770	22725	0
51335215956346	22723	0
51335969882501	22722	0
51352783799185	22720	0
51353053283626	22719	0
51357075621521	22717	0
51361639024001	22716	0
51369155078129	22715	0
51369155209169	22714	0
51369155217761	22713	0
51954549936547	22712	0
52023458521494	22711	0
52023744749999	22710	0
52024262758886	22709	0
52024279523817	22708	0
52069777951782	22706	0
52091715998183	33366	0
52091716260263	22705	0
52091984695691	22704	0
52091984695719	22703	0
52092393648579	22702	0
52092393648581	22701	0
52092454392231	27677	0
52092454457767	22700	0
52092454457799	22699	0
52092454457801	22698	0
52092722631127	22696	0
52092722631143	22695	0
52092722893223	22694	0
52092722893239	22693	0
52092739670455	22692	0
52092739670456	22691	0
52092739678645	22690	0
52092991066567	22688	0
52092991066575	22687	0
52092991066599	22686	0
52092991132135	27670	0
52093007909351	27221	0
52093007909352	22685	0
52093007917541	27217	0
52093024489935	22684	0
52093024489963	22683	0
52131243382961	22682	0
52135940086759	22681	0
52138759576721	22680	0
52159596757478	34309	0
52159596888518	34304	0
52159630442918	34297	0
52160863920534	31768	0
52160863922198	31765	0
52161133380006	27848	0
52161133380015	27847	0
52161398669782	28768	0
52161398669798	28766	0
52161459147192	22679	0
52161459151288	22678	0
52161460199864	22675	0
52161667105254	27899	0
52161668153830	27837	0
52161668157926	27808	0
52161727386088	22674	0
52161727390184	22673	0
52161728438760	22670	0
52178635875256	37224	0
52178636923832	37214	5
52178904114152	22666	0
52178905162728	22660	0
52204606295014	22658	0
52228349923691	22657	0
52229852852655	22656	0
52230128308661	22655	0
52230128308663	22652	0
52230371054051	27640	0
52230387626473	27800	0
52230387634662	27796	0
52230387634663	27795	0
52230404411879	27654	0
52230404477415	27629	0
52247305032631	22648	0
52247306081207	36059	0
52247584084967	22647	0
52247584150503	36682	0
52251502483121	37442	0
52275393240161	22646	0
52297052553578	27237	0
52297052619114	22645	0
52297069396330	22644	0
52297069396331	22643	0
52298579345861	22642	0
52298596110792	22641	0
52298847781301	22640	0
52298864546232	29945	0
52299116020197	27230	0
52299132785128	27510	0
52315661697985	22638	0
52315930133425	36654	0
52316198372321	37247	0
52324248487361	22637	0
52324516922801	22636	0
52324785161697	22635	0
52365721776489	22634	0
52365731541353	27317	0
52365731541359	27316	0
52365788504427	22633	0
52365788873067	22632	0
52365788877163	35595	0
52365788877179	35593	0
52365792350699	35587	0
52365792373019	35582	0
52365793071435	35577	0
52366057312635	22630	0
52366058361211	22628	0
52366486516095	22627	0
52366594167163	22626	0
52384650663211	22625	0
52434457575914	34449	0
52436542923238	22624	0
52503160476015	22623	0
52503160729961	22622	0
52503193899371	22621	0
52503193899375	22620	0
52503193903467	22619	0
52503194272107	22618	0
52503636783459	22617	0
52520749544289	22616	0
52521014834065	22613	0
52525306656401	36232	0
53235464362807	22612	0
53235999136567	22611	0
53247119285303	22610	0
53304133520182	22609	0
53304668293942	22608	0
53308752489720	22607	0
53313255083318	22606	0
53325334679094	22605	0
53325395488440	22604	0
53350694352048	22603	0
53350727775408	22602	0
53350996210848	22601	0
53351264449744	31749	0
53351449326784	37218	0
53351449326793	37214	15
53351462040777	22600	0
53351462106313	22599	0
53351717565680	22598	0
53351717565689	22597	0
53351986001120	22596	0
53351986001129	22595	0
53352019424480	22594	0
53384932588601	22593	0
53389224410937	22592	0
53393519377977	22591	0
53420118484160	22590	0
53420118484168	22589	0
53420131198152	22588	0
53420131263688	22587	0
53420396487928	22586	0
53420396553464	22585	0
53487596450928	22584	0
53488569521360	22583	0
53488837956800	22582	0
53489106195696	22581	0
53489374631136	22580	0
53489463039211	22579	0
53489463104747	30171	0
53498049828587	22578	0
53525698682747	22577	0
53558093923552	22576	0
53566718985962	22575	0
53594367840122	22574	0
53625068639344	30223	0
53625611212347	22573	0
53634040715323	22572	0
53693795910782	22571	0
53693795911230	22570	0
53693795976318	22569	0
53694061200558	22568	0
53694061266094	22567	0
53698353022894	22566	0
53704097122366	22565	0
53762457269360	22564	0
53762457269373	22563	0
53762730357933	22562	0
53762730423469	22561	0
53762910385296	22560	0
53763178624192	22559	0
53763447059632	22558	0
53767022180269	22557	0
53772011305021	22556	0
53831176742000	30238	0
53831898096832	22555	0
59489529563618	22552	0
59491962784370	22549	0
59493505764594	22546	0
59500585946226	22543	0
59500591910002	22541	0
59501122620562	22538	0
59504830582642	22535	0
59505098821538	22532	0
59510148763314	22530	0
60121156001659	22529	0
60123303448443	22528	0
60131910220412	22525	0
60131910834812	22523	0
60133722277098	32548	0
60133724373482	22522	0
60133724373738	32543	0
60138019340522	22518	0
60138019341034	37076	0
60164122475132	22517	0
60164123089532	22516	0
60164123108476	22515	0
60164125205116	22513	0
60167407426172	22512	0
60167407445116	22511	0
60189825159034	22510	0
60189825287418	22509	0
60189825290074	22508	0
60189827384058	22506	0
60189827387162	22504	0
60194120254698	22503	0
60194122351338	22501	0
60196334668412	22500	0
60205501370427	22498	0
60232792235387	22497	0
60232805014907	28274	0
60232805045371	28271	0
60232805175931	28268	0
60232805241467	28265	0
60236818091387	22496	0
60269383015550	22495	0
60269391036798	22494	0
60269391037054	22493	0
60269391102334	22492	0
60269391102590	22491	0
60269651281070	32715	0
60269653377454	22490	0
60269653377710	32709	0
60273686003838	22486	0
60273686004350	22482	0
60273686069310	22481	0
60273686069374	22478	0
60273686069886	22475	0
60273948344494	22469	0
60273948345006	37134	0
60301603134590	30695	0
60301603161214	30690	0
60301603291774	30684	0
60301603357310	30680	0
60305378008190	30677	0
60305378034814	30673	0
60305535451774	22468	0
60305535517310	22467	0
60305537613950	38594	0
60305539383934	30670	0
60310185034910	22466	0
60310185036126	22465	0
60310187131550	22463	0
60310187133214	22461	0
60338052161405	22458	0
60338052199549	22455	0
60338054295933	22454	0
60338054296189	22451	0
60338320438445	32691	0
60338322534829	22450	0
60338322535085	32685	0
60342349262973	22444	0
60342349263485	22438	0
60342617501869	22432	0
60342617502381	38494	2
60370264108925	22431	0
60373292179325	22428	0
60373292217469	22426	0
60378854192285	22425	0
60378854193501	22424	0
60378856288925	22422	0
60378856290589	22420	0
60454032706174	22419	0
60567007528130	22417	0
60584729862274	22415	0
60584729862784	22413	0
60600373085314	22410	0
60608922476674	22408	0
60608922477184	22406	0
61164564681963	34943	0
61185314690247	22405	0
61186039612651	36243	0
61220667692283	22404	0
61224962659563	22403	0
61231690347660	34797	0
61231692997004	22402	0
61231692997260	22401	0
61231707112591	34936	0
61231723889806	34930	0
61235987964044	22398	0
61235987964556	22395	0
61250749397612	22391	0
61250749834380	27458	0
61253165712524	22385	0
61254034171020	32161	0
61293698917516	35260	0
61296114795660	22384	0
61296116523660	22383	0
61300443370635	34786	0
61300711806091	34780	0
61319418533115	31500	0
61319418973547	22379	0
61319431753035	32157	0
61319431753067	32152	0
61319431771275	32147	0
61319432163947	31485	0
61319432164379	31481	0
61321679918219	28246	0
61321679918247	28244	0
61321948353675	28240	0
61322184675947	31467	0
61322186772587	38585	0
61323015795959	31223	0
61323176576251	22373	0
61323284231399	31220	0
61323445011691	22371	0
61323445013867	22369	0
61336665371789	34676	0
61336665371791	22368	0
61336682149005	34771	0
61336682149006	22367	0
61336682157195	34767	0
61362368074891	35256	0
61369162843278	35124	0
61369162843310	35120	0
61369165242766	22366	0
61369165243022	22365	0
61370689569934	35251	0
61373460209806	22361	0
61373460210318	22357	0
61388221891758	22355	0
61388229872718	32141	0
61388229872750	32137	0
61390637958286	22351	0
61390906197182	22348	0
61390906199150	22345	0
61391174632622	22342	0
61392004746318	32132	0
61392004746350	32129	0
61392162439790	22341	0
61392164536430	38582	0
61405334529164	34672	0
61405334533260	22340	0
61405337182860	22339	0
61405401625742	22338	0
61405401629838	22337	0
61405401629870	22334	0
61409361003660	22333	0
61409361003662	22331	0
61409362731660	22330	0
61409362731662	22329	0
61409696597134	22328	0
61409696597150	22327	0
61437832000651	22325	0
61437832000653	35107	0
61437832000685	35103	0
61456891049133	22323	0
61456891180173	22319	0
61459114677391	38204	11
61459114685581	29760	0
61459649459399	22318	0
61459918917453	32124	0
61459918917485	32118	0
61474054001807	38204	12
61474054009996	22317	0
61474054009997	38208	0
61474070787211	22316	0
61474070787213	22313	0
61474070787245	22310	0
61478365754509	22309	0
61478365754525	22308	0
61506551473291	34925	0
61506570641806	22307	0
61506570642062	22306	0
61510865608846	22303	0
61510865609358	22300	0
61528043357326	22297	0
61528311596222	36854	0
61528368932039	29112	0
61542773482636	34920	0
61542790259851	34916	0
61542807024782	34994	0
61597074748574	22295	0
61626041047935	22294	0
61626057825150	22293	0
61631270165651	22291	0
61631270165652	22289	0
61634580651900	22288	0
61635561987987	22286	0
61635561987988	22284	0
61638875618940	22283	0
61639856955027	22282	0
61639856955028	22281	0
61671356600434	38092	0
61671356600944	38001	11
61686187625330	22279	0
61690449169010	22277	0
61690449203314	22275	0
61690449203824	22273	0
61694760520562	36152	0
61694760520575	22272	0
61694777297778	22269	0
61694777297790	22268	0
61699005156978	22267	0
61699005157234	22265	0
61699005214834	22263	0
61699005215344	22261	0
61699016397424	35901	0
61699016688754	22258	0
61699072265074	22256	0
61699072265330	22254	0
61699072330866	22252	0
61699079311984	38001	11
61699989638290	22250	0
61699989638291	22248	0
61699989638292	22246	0
61700145876114	22243	0
61703300124530	22240	0
61703300124540	22239	0
61703316901746	22236	0
61703316967282	22234	0
61704281460626	22232	0
61704281460627	22230	0
61704281460628	22228	0
61707595091570	22226	0
61707595091580	22225	0
61707595141234	22224	0
61707595141744	22223	0
61708576427666	22222	0
61708576427667	22221	0
61708576427668	22220	0
61919153616028	29878	0
61919154107548	22218	0
61919170688159	22215	0
61959402157213	22214	0
61959415428253	28234	0
61959418934428	22213	0
61959419425948	22212	0
61959435699359	22211	0
61959452476574	22210	0
61959462614174	29103	0
61962703762588	22209	0
61962969052319	22207	0
61963237487774	29099	0
61963428627613	22206	0
61963428627614	36238	0
61974783358153	22204	0
61975021685908	22201	0
61979075179769	22199	0
61983578064028	22198	0
62330396865660	34759	0
62330397234300	22196	0
62330397238396	22194	0
62330398962044	22193	0
62330398962300	22192	0
62330399330684	22191	0
62330399330940	22190	0
62330399334780	22189	0
62330399335036	22188	0
62330413630591	34904	0
62330415726975	22187	0
62330415727231	22186	0
62330430407806	34898	0
62330432504190	22185	0
62330432504446	22184	0
62334693929084	22180	0
62334693929596	22176	0
62334694297724	22173	0
62334694298236	22170	0
62334694301820	22167	0
62334694302332	22164	0
62334710694015	22160	0
62334710694527	22156	0
62334727471230	22152	0
62334727471742	22148	0
62336450142268	22147	0
62350261089404	22146	0
62350261449884	22145	0
62350261458044	22144	0
62350261462140	22143	0
62350277854335	22142	0
62350294631550	22141	0
62353545786524	22140	0
62353545787980	22139	0
62353545794684	22138	0
62353545798780	22137	0
62354556056700	22136	0
62354556425340	22135	0
62354556429436	22134	0
62354558153340	28225	0
62354558521980	22132	0
62354558526076	22130	0
62354572821631	22129	0
62354574918271	29092	0
62354589598846	22128	0
62354591695486	29087	0
62357840761980	22127	0
62357840766076	22126	0
62388781436820	22125	0
62388781567860	22124	0
62390310391665	22123	0
62390310391666	22122	0
62390327168880	22121	0
62390327168882	38580	0
62394818925180	22120	0
62394818929276	22119	0
62394821313660	22118	0
62394822857340	22117	0
62394822861436	22116	0
62400056229268	22115	0
62400069357971	22114	0
62400069357972	22113	0
62400069358228	33844	0
62404364324923	22112	0
62404364325011	22111	0
62404364325012	22110	0
62404364325524	37524	0
62421459956893	28218	0
62421459959113	28215	0
62421459959115	28214	0
62421459981435	28210	0
62425754948731	28200	0
62425994941051	28194	0
62461795876500	34462	0
62464478139028	22109	0
62464480185748	22108	0
62464480186004	22106	0
62464480235668	38578	0
62467802260604	34664	0
62467802264700	22104	0
62467802633340	35217	0
62467804356988	36043	0
62467804357244	36040	0
62467804361084	22103	0
62467804361340	22102	0
62467804729724	22101	0
62467804729980	22100	0
62467869361278	35092	0
62467871457662	22099	0
62467871457918	22098	0
62467877421438	22097	0
62467877421694	35086	0
62468775214228	22095	0
62468775705748	22093	0
62472099324028	37939	0
62472099324540	37892	13
62472099328124	22090	0
62472099328636	22087	0
62472099696764	22083	0
62472099697276	22079	0
62472166424702	22075	0
62472166425214	22071	0
62472172388478	22064	0
62472172388990	37847	0
62474420731966	22062	0
62487666484348	36771	0
62487666488444	22061	0
62487666848924	22060	0
62487666857084	22059	0
62487733585022	22058	0
62487733695646	22057	0
62487741496398	30647	0
62487741514878	30642	0
62490686325884	22056	0
62490686325886	22055	0
62491516369998	30637	0
62491516388478	30633	0
62491692958844	22054	0
62491692958846	22053	0
62491961451644	30728	0
62491961455740	22052	0
62491961824380	22051	0
62491963548284	30722	0
62491963552380	22049	0
62491963921020	31194	0
62492028552318	22048	0
62492030648958	30626	0
62492036482174	30621	0
62494981293180	22047	0
62494981293182	22046	0
62495811355774	30616	0
62495987926140	22045	0
62495987926142	22044	0
62495989469820	31191	0
62495989469822	31190	0
62509040521108	33596	0
62509040532628	22043	0
62509041024148	22042	0
62509208224926	22041	0
62509208290462	22040	0
62509208290718	22039	0
62509210387102	22037	0
62509211090078	34641	0
62509212157086	22034	0
62510816608894	22033	0
62510816608926	22032	0
62510820541054	22031	0
62510820541086	22030	0
62512985963678	34636	0
62512987030686	22028	0
62513064952468	22027	0
62513064952478	22026	0
62513067003028	22025	0
62513067003038	22023	0
62513067049108	38576	0
62513067049118	38574	0
62536521733247	34989	0
62536521741436	22021	0
62536521741437	34984	0
62536523829631	22020	0
62536523829887	22019	0
62536523837820	22018	0
62536523837821	22017	0
62536523838076	22016	0
62536523838077	22015	0
62536538518653	35080	0
62536538584189	22012	0
62536540615037	22011	0
62536540615293	22010	0
62536540680573	22009	0
62536540680829	22008	0
62537494690964	34146	0
62537494986644	30365	0
62540818796671	22005	0
62540818797183	22002	0
62540818804860	21999	0
62540818804861	21996	0
62540818805372	21993	0
62540818805373	21990	0
62540835582077	21986	0
62540835582589	21982	0
62540835647613	21978	0
62540835648125	21974	0
62542334914621	21972	0
62556385956991	21971	0
62556385965180	21970	0
62556385965181	21969	0
62556402742397	21968	0
62556402807933	21967	0
62559430541133	21966	0
62559430571133	21964	0
62560680924287	21963	0
62560680932476	21962	0
62560680932477	21961	0
62560683020927	29747	0
62560683029116	21959	0
62560683029117	29743	0
62560697709693	21958	0
62560697775229	21957	0
62560699806333	30609	0
62560699871869	21953	0
62563725538429	21951	0
62577759997844	21950	0
62577760009364	21949	0
62577877382301	21948	0
62577877447837	21947	0
62577877448093	21946	0
62577879544477	21944	0
62577880235933	34631	0
62577881314461	21941	0
62579485766269	21940	0
62579485766301	21939	0
62579489698429	21938	0
62579489698461	21937	0
62582054976660	21936	0
62605241214076	34893	0
62605243310460	21935	0
62605243310716	30914	0
62606214463124	30356	0
62606224646547	21934	0
62606224646548	21933	0
62606224646804	34042	0
62609538277500	37966	0
62609538278012	37889	0
62610519613587	36409	0
62610519613588	36408	0
62610519614100	37563	0
62625105437820	30903	0
62625139094686	21932	0
62627615241374	35995	0
62627615243849	35992	0
62628419507326	31186	0
62629400405116	30894	0
62629402501756	30888	0
62632714474622	31180	0
62646489965204	34028	0
62652516962942	21931	0
62652520895102	21930	0
62655069547380	31047	0
62656598371185	21929	0
62656598371186	21928	0
62656615148400	21927	0
62656615148402	38572	0
62730133970051	21925	0
62734378606467	21923	0
62765569737890	21920	0
62765837976786	21917	0
62766592951522	21914	0
62769861560226	21912	0
62769861591202	21910	0
62769861591712	21908	0
62770129799122	21906	0
62770884773858	21904	0
62774156527266	21902	0
62774424766162	21900	0
62775179740898	21898	0
62789960396962	21896	0
62789960397472	21894	0
62789993943202	38542	0
62789993943712	38539	0
62792268022432	21892	0
62798583958642	21890	0
62798583958658	21888	0
62798852394114	21885	0
62798853442690	21883	0
62798853442691	21881	0
62802828464034	21879	0
62802828595058	21877	0
62802828595074	21875	0
62803097030530	21872	0
62803098079106	21870	0
62803098079107	21868	0
62808374149792	21866	0
63017843356813	29861	0
63017860441228	27166	0
63018967598246	29431	0
63063225595556	21862	0
63063226025126	27757	0
63063259141796	21861	0
63064897680550	28185	0
63064899769510	28181	0
63065105040550	21855	0
63067045135526	33545	0
63071849180292	30121	0
63073489691846	21853	0
63073489691848	21851	0
63073728201926	21848	0
63073728203908	21845	0
63076093816708	30114	0
63077781513462	30597	0
63077781513464	30595	0
63077972837622	21839	0
63077972840324	21833	0
63082267804813	21832	0
63082267804902	21831	0
63083151262886	33540	0
63498933162371	21830	0
63503228129411	21829	0
63522036954361	21825	0
63522305389801	21823	0
63526948285828	21822	0
63526961599108	28166	0
63530974449028	21821	0
63567380923566	35071	0
63567383019950	21820	0
63567383020206	33412	0
63571677986990	21816	0
63571677987502	37420	0
63587245147310	33404	0
63587245147822	33399	0
63587249996974	30579	0
63590197888174	21814	0
63590197888686	21811	0
63591024870574	30573	0
63594494460590	21810	0
63595667455108	21809	0
63595835186318	21808	0
63599693925508	21807	0
63599693925518	21803	0
63636050080941	35064	0
63636050211965	21801	0
63636050211981	21799	0
63636052177325	21798	0
63636052177581	33393	0
63636052308349	21797	0
63636052308365	21796	0
63636052308605	21795	0
63636052308621	21794	0
63636318302093	34398	0
63636318647437	21792	0
63636318647693	21790	0
63636320743821	21789	0
63636320744077	21787	0
63636321792387	21786	0
63636321792397	21785	0
63636321792653	21783	0
63640347144365	21779	0
63640347144877	37413	0
63640347275389	21777	0
63640347275405	21774	0
63640347275901	21772	0
63640347275917	21769	0
63640615710861	21764	0
63640615711373	21759	0
63640616759427	21758	0
63640616759437	21754	0
63640616759949	21750	0
63655914304685	33387	0
63655914305197	33382	0
63655914435709	21749	0
63655914435725	21747	0
63655919136589	36589	0
63655919154349	36533	0
63655919678493	21744	0
63658670617773	21741	0
63658670617801	21739	0
63658939053229	21736	0
63660209403005	21735	0
63660209403021	21734	0
63660209403277	21733	0
63660211499645	21731	0
63660211499661	21729	0
63660211500829	21727	0
63664386931844	21726	0
63664504332173	21725	0
63664504370317	21721	0
63664504370573	21720	0
63664506466957	21718	0
63664506467869	21717	0
63664506974093	30561	0
63664507515533	21714	0
63667606057604	21713	0
63667606057613	21712	0
63667608096644	21711	0
63667608096653	21699	0
63667608154244	38570	0
63667608154253	38555	0
63705041265027	21698	0
63709336232067	21697	0
63727390090441	29057	0
63736327573124	21696	0
63750424134830	33537	0
63752030913710	21695	0
63796629640382	21692	0
63800921888702	21690	0
63839442378422	21689	0
63865222661298	38204	8
63865223709874	21686	0
63865492145330	21684	0
63865492145346	21682	0
63865492276370	21680	0
63865757435122	21677	0
63869641361330	21674	0
63869641361342	21672	0
63869641361362	21670	0
63878894760592	37340	5
63898095520882	21668	0
63907188901522	21666	0
63907190998162	21664	0
63908161851058	21661	0
63908161851062	21660	0
64117371696310	32610	0
64117371827350	32328	0
64117372073110	32605	0
64117405242550	32599	0
64117640262806	21658	0
64117640263316	21656	0
64117640508566	21654	0
64117640509076	21652	0
64118613210294	32317	0
64118613210326	32313	0
64118613513398	28587	0
64118613578934	28580	0
64118613578966	27606	0
64118882014390	29259	0
64118882014406	27600	0
64119150253302	28574	0
64119418504422	32515	0
64119418688742	28569	0
64119418754230	29253	0
64149852517526	21651	0
64149852518036	21650	0
64149852763286	21649	0
64149852763796	21648	0
64153671873686	29726	0
64166931588278	38288	0
64166931592374	21647	0
64166931592406	21645	0
64166931961014	27592	0
64166931961046	27590	0
64166943691958	38204	9
64166944740534	38242	0
64168928019638	38204	9
64168928019647	21644	0
64168944796854	21639	0
64168944796862	21638	0
64168944796886	21635	0
64170958062774	21633	0
64170958062782	21631	0
64170958062806	21629	0
64170958062822	21627	0
64171226559670	21626	0
64171226559686	21625	0
64171239707830	32981	0
64171239707846	32976	0
64171239715990	32969	0
64173001323670	21623	0
64173239764150	21620	0
64173239764166	21617	0
64173269759126	21615	0
64175521514742	21614	0
64175531529462	37471	0
64179816482022	21613	0
64179816486070	33709	0
64179816666342	28565	0
64179827553430	33699	0
64181589161110	29714	0
64181796144310	37118	0
64181796275350	21611	0
64181857596566	29709	0
64182064710806	21609	0
64182064711316	21607	0
64183037658294	21605	0
64183037658326	21604	0
64183037658342	21603	0
64183037660852	21602	0
64183037660854	21601	0
64256188441022	21600	0
64256188441278	21599	0
64260483408062	21596	0
64260483408574	21593	0
64260595744822	21592	0
64304490046143	21591	0
64304506823358	21590	0
64320361295537	21589	0
64320361295538	21588	0
64320378072752	21587	0
64320378072754	38552	0
64320443059892	21585	0
64320443059894	21584	0
64666892616830	21582	0
64666894713214	21581	0
64666894713470	21580	0
64667429287070	21577	0
64667429291166	21574	0
64671189680254	21572	0
64671189680766	21570	0
64686756840574	21569	0
64686756951198	21568	0
64686761612478	32959	0
64686761614414	32953	0
64688904406142	21567	0
64688904406174	21564	0
64688904406686	21561	0
64690536486078	32947	0
64690536488014	32943	0
64690649105598	21559	0
64690649236638	37317	0
64691051807870	21558	0
64691053904510	21556	0
64691053905694	21554	0
64699643945630	21553	0
64699645473950	21549	0
64699645478046	21546	0
64703420347550	21544	0
64703420351646	21542	0
64703514849950	21541	0
64703514854046	21540	0
64737088500918	21537	0
64737090597302	21536	0
64737090597558	21535	0
64741385564342	21532	0
64741385564854	21529	0
64755342103743	38204	10
64758450656447	38204	9
64758450659147	38234	0
64758450659149	38228	0
64758561240242	21528	0
64758563275967	21520	0
64758563337392	21519	0
64762742962097	21518	0
64762742962098	21517	0
64762759739312	21513	0
64762759739314	38544	0
64771334534301	21508	0
64771429036701	21507	0
64804834686110	34965	0
64824162350238	29231	0
64824167011518	32929	0
64826101654650	29038	0
64826309805182	21506	0
64826309805214	21504	0
64826309805726	21502	0
64827170133182	32924	0
64827170135627	32919	0
64827282752702	21500	0
64827438568638	32914	0
64827551188158	21498	0
64827551319198	37312	0
64837049344670	21497	0
64837050872990	29685	0
64854126355638	21496	0
64854128452278	21495	0
64895319196847	21492	0
64895319807151	21490	0
64895335974062	21487	0
64896283878600	21485	0
64896300655815	21483	0
64896301143239	21482	0
64899611629487	21480	0
64900596110787	21478	0
64904840747203	21476	0
64904840747204	21475	0
64964039279778	21472	0
64964039279791	21470	0
64964056056994	21467	0
64964056122530	21465	0
64965003773122	21463	0
64965003838658	21460	0
64965020615874	21457	0
64965020615879	21456	0
64968331102114	36175	0
64968331102127	21454	0
64968347879330	21451	0
64968347944866	21449	0
64969304051650	21446	0
64969304416450	37705	0
64969304416960	37691	0
64969315583170	21444	0
64969315583426	21442	0
64969315583427	21440	0
64973560219842	21438	0
64973560219843	21436	0
64973560219844	21435	0
64977871610560	21433	0
64997607213250	21431	0
64997611053760	21429	0
64998144083650	21427	0
64998146180290	21425	0
65217436828847	32485	0
65217453606062	32479	0
65218393642182	27584	0
65218393646278	27578	0
65218393646280	27444	0
65218410082244	31256	0
65218410423494	27742	0
65218410423495	27437	0
65218423710147	21424	0
65218423710148	21423	0
65218423710404	21422	0
65218661881078	38119	0
65218930132198	32474	0
65218930316518	28559	0
65222718677187	21421	0
65222718677188	21420	0
65222718677700	21417	0
65252648723580	21416	0
65252648723654	21415	0
65253558514854	21414	0
65253558699174	21413	0
65253569393830	28156	0
65253570430118	29027	0
65253571478694	29024	0
65253571482790	28151	0
65253675922607	21412	0
65257048310950	21411	0
65257048310982	21405	0
65257316549798	21404	0
65257316549807	21394	0
65257316549878	21388	0
65257584985254	21387	0
65257584985318	21385	0
65257585050790	21384	0
65270738187462	21383	0
65270738252998	26980	0
65270751335622	32909	0
65270751339718	32902	0
65270751339720	32101	0
65270754996164	27038	0
65270755030214	27034	0
65270755030215	21382	0
65270768116934	33522	0
65270768116935	32095	0
65270768624324	33518	0
65270878217414	33513	0
65272506676422	21380	0
65272512947398	32084	0
65272512947400	32082	0
65272751391942	21377	0
65272751457478	21374	0
65273019892934	21371	0
65273019892935	21368	0
65273019893444	21365	0
65275033142518	21364	0
65275049963460	21363	0
65276801631478	21362	0
65279328109798	21361	0
65279328294118	28553	0
65279345061540	28687	0
65281096598758	21360	0
65287129554887	31249	0
65287129900231	27424	0
65287129900487	27419	0
65287142810055	21359	0
65287142810311	21358	0
65287143182787	21357	0
65287143182791	21356	0
65287143183047	21355	0
65291437777095	21353	0
65291437777607	21349	0
65291438149687	21348	0
65291438149827	21347	0
65291438149831	21345	0
65291438150343	21342	0
65291972923447	21340	0
65322395399343	21339	0
65339474468807	21338	0
65339474506951	21337	0
65339474507207	21336	0
65339487593671	32073	0
65339487593927	32067	0
65339487724231	32060	0
65339488096967	21334	0
65341737292487	21333	0
65341739369671	21330	0
65341739369927	21329	0
65341739389127	38520	0
65343769436103	21328	0
65348064534183	28412	0
65354878181807	21327	0
65354878182063	21326	0
65359173148847	21323	0
65359173149359	21320	0
65408143653060	21319	0
65408143653062	21318	0
65410728747720	21317	0
65416733691556	28407	0
65416733691558	28406	0
65419067813537	21316	0
65419067813538	21315	0
65419084590752	21314	0
65419084590754	38518	0
65419149577892	21312	0
65419149577894	21311	0
65424518184900	37214	14
65424531812803	21310	0
65424531812804	21309	0
65424531813060	21308	0
65424548204999	21307	0
65424548205255	21306	0
65424548209095	21305	0
65424548209351	21304	0
65428826779843	21303	0
65428826779844	21302	0
65428826780356	21298	0
65428843172039	21296	0
65428843172551	21293	0
65428843176135	21291	0
65428843176647	21288	0
65442654352591	21287	0
65442654483631	21286	0
65445922239689	21285	0
65445922247879	21284	0
65445922251975	21283	0
65445922252620	21282	0
65445922763969	21281	0
65445922763970	21280	0
65445939541184	21279	0
65445939541186	38516	0
65476863098820	27094	0
65476876726980	34616	0
65476893119175	21277	0
65476893123271	21275	0
65478402938055	21273	0
65478402942151	21271	0
65478638998215	21270	0
65478639002311	21269	0
65478641452231	21266	0
65478642930375	21265	0
65478642934471	21264	0
65481158066116	21263	0
65485453164196	28837	0
65835761127332	21260	0
65854870582471	21259	0
65854870713511	21258	0
65857156990127	21256	0
65857156992842	21254	0
65857156994223	21252	0
65857157002413	21250	0
65857157657761	21249	0
65857157657762	21248	0
65857174434976	21244	0
65857174434978	38509	0
65861449480097	21243	0
65861449480098	21242	0
65861466257312	21237	0
65861466257314	38494	1
65863410186436	21236	0
65872000221092	21235	0
65872033805478	21234	0
65872035902118	21233	0
65923590055111	33215	0
65925876466862	29020	0
65927079658695	21231	0
65932129659076	31592	0
65935619262660	21229	0
65940719697572	21228	0
65994990212280	21226	0
65995117762227	21225	0
65999412729267	21223	0
66003704551603	21221	0
66063302460530	21219	0
66063567619282	21217	0
66063567750306	21215	0
66063567750322	21213	0
66063836185778	21210	0
66063837234354	21207	0
66063837234866	21206	0
66063837234867	21205	0
66067859441618	21203	0
66067859572642	21201	0
66067859572658	21199	0
66068128008114	21197	0
66068128008370	21195	0
66068132201650	21193	0
66068132201906	21191	0
66068132201907	21189	0
66072422975122	21188	0
66072422975154	21186	0
66072422975666	21183	0
66072424024242	21181	0
66072424024243	21179	0
66073395922642	21177	0
66073395922674	21175	0
66073664358098	21173	0
66073664358114	21171	0
66073664489138	37176	0
66079939168434	21170	0
66079939168882	21169	0
66084234135730	21168	0
66084237791920	38001	9
66084238329010	21166	0
66086532636850	38077	0
66086532637360	38001	9
66101313212274	21164	0
66105608179314	21163	0
66316428498102	32294	0
66317233739444	31436	0
66317240328627	21162	0
66317240328628	21161	0
66317240328884	27729	0
66318442009782	27562	0
66321535295667	38073	0
66321535295668	38072	0
66321535296180	38001	8
66348909291988	30796	0
66353070322902	21160	0
66353083110566	28143	0
66353083110582	28141	0
66357096678566	21159	0
66357096678582	21158	0
66357378077846	32279	0
66357378077878	32275	0
66357378077880	32274	0
66357381918644	27715	0
66357394855094	33504	0
66357394855095	28136	0
66357499364534	27708	0
66357504955574	33498	0
66357505647284	33492	0
66359139685526	28128	0
66359139685558	28125	0
66359139685560	28124	0
66359378379926	21156	0
66359378379958	21154	0
66359378379960	21153	0
66361391645846	21150	0
66361391645878	21147	0
66361391645880	21146	0
66361406350004	27698	0
66361408423094	37453	0
66361408423095	21145	0
66361408446644	38486	0
66376313255126	38184	7
66376313255158	38187	0
66378839741622	21144	0
66380608222422	31176	0
66380608222438	31174	0
66381412488374	33485	0
66389719994423	21142	0
66426101391287	21141	0
66426114331831	28120	0
66426114332087	28117	0
66426114462391	28114	0
66430125822647	21140	0
66430127899831	21139	0
66430127900087	21138	0
66430127919287	38484	0
66454406521304	21137	0
66454406521560	30786	0
66454406652344	21136	0
66454406652600	21135	0
66454675087800	21134	0
66454675088056	21133	0
66455648035288	21132	0
66455648035320	21131	0
66455648035544	21130	0
66455648035576	21129	0
66455916470744	21128	0
66455916470760	21127	0
66455916471000	21126	0
66455916471016	21125	0
66455916601784	21124	0
66455916602040	27271	0
66458701488344	37871	0
66458701488856	37866	0
66458701619384	21122	0
66458701619896	21120	0
66458970054840	21118	0
66458970055352	21116	0
66459943002328	21113	0
66459943002360	21110	0
66459943002840	21107	0
66459943002872	21104	0
66460150759478	21101	0
66460211437784	21099	0
66460211437800	21097	0
66460211438296	21095	0
66460211438312	21093	0
66460211568824	37667	0
66460211569336	37662	0
66494770548660	21092	0
66494770548662	21091	0
66494783477942	28111	0
66494938318006	21090	0
66494940406456	21089	0
66494940414646	21088	0
66498794980020	21087	0
66498794980022	21086	0
66498797045940	21085	0
66498797045942	21084	0
66498797076660	38482	0
66498797076662	38481	0
66512019481304	21082	0
66512019481336	21080	0
66512019484440	21078	0
66516314448600	21077	0
66516314448616	21076	0
66516314451480	21075	0
66522318738615	35207	0
66522320834999	21074	0
66522320835255	27265	0
66523224702900	27961	0
66523254542775	21073	0
66523254543031	34708	0
66523395617203	21072	0
66526615802039	38086	0
66526615802551	38001	10
66527549509815	21070	0
66527549510327	38001	9
66527690584243	21069	0
66542182962359	27252	0
66544628585655	28105	0
66544628586313	28100	0
66544628586315	28099	0
66544865211570	21068	0
66544867280055	21067	0
66544867308720	21066	0
66587663323831	21065	0
66610768114904	21064	0
66610768225528	21063	0
66610768356568	21062	0
66610768360664	21061	0
66610781148344	28093	0
66610781149768	28090	0
66614526149848	21060	0
66614526149880	21059	0
66614794585304	21058	0
66614794585320	21057	0
66614794716344	21056	0
67025122813052	21055	0
67025769399480	21053	0
67034325780660	21051	0
67095838770408	21049	0
67095885956329	21048	0
67095886566633	21047	0
67100178388969	21046	0
67104473356009	21045	0
67108769372131	21044	0
67113012959974	21043	0
67163221918866	21040	0
67163490157762	21037	0
67164606039266	21033	0
67164606039273	21031	0
67168897861602	21030	0
67168897861609	21029	0
67168897892578	21027	0
67168897893088	21025	0
67173175985890	21023	0
67173176051426	21020	0
67173192828642	21017	0
67173192828649	21016	0
67177426502368	36888	0
67177487795938	21014	0
67177487796194	21013	0
67177487818978	21011	0
67177487819488	21009	0
67177488844770	21008	0
67177488844771	21006	0
67177489892578	21003	0
67181732432610	20999	0
67181732432614	20998	0
67205136433378	20997	0
67205136433888	20996	0
67416611419286	30038	0
67416879654086	32196	0
67416879658182	20993	0
67417953387750	32671	0
67417953572070	30032	0
67417986811114	32666	0
67418003654372	20992	0
67418003895529	30022	0
67418003899622	30101	0
67452203615358	30545	0
67452203615462	30542	0
67452361532132	20991	0
67452363605222	20989	0
67452363605732	20987	0
67452363605988	20985	0
67452363628772	38475	0
67452581770406	20984	0
67452581954726	20983	0
67452594734246	20982	0
67456608240806	20981	0
67456608240870	20979	0
67456608242404	20977	0
67456608242406	20976	0
67456876922006	20975	0
67456889701526	20974	0
67458651309206	20973	0
67460791452902	33473	0
67461171811526	34418	0
67461171877062	20972	0
67461184656582	32877	0
67462939993286	27122	0
67462939997382	20970	0
67478351365350	32659	0
67478351549670	30018	0
67478359295206	32867	0
67478359295208	32655	0
67478360331494	32861	0
67478384788714	32651	0
67478401631972	20969	0
67478401873129	30009	0
67478401877222	30093	0
67480119850214	31165	0
67480119854310	31162	0
67480120902886	32027	0
67480120902888	32026	0
67480280892646	37008	0
67480280892648	37007	0
67480280892649	20968	0
67480389338342	30529	0
67480389338343	30528	0
67481035867286	37302	0
67481035867366	37300	0
67481035867368	20967	0
67481035867369	37297	0
67481304106182	20964	0
67481304106214	20963	0
67486723372265	29998	0
67529636889319	20962	0
67547121349865	29989	0
67549108815079	30523	0
67549108815335	30520	0
67555428098536	20961	0
67555428098792	20960	0
67555428164072	20959	0
67555428164328	20958	0
67555442853094	20956	0
67555444941288	20955	0
67555444941289	20954	0
67555444941544	20953	0
67555444941545	20952	0
67555444949478	20951	0
67555444949734	20950	0
67559723065576	20947	0
67559723066088	20944	0
67559723131112	20941	0
67559723131624	20938	0
67559739908328	20936	0
67559739908329	20934	0
67559739908840	20932	0
67559739908841	20930	0
67559739916518	20928	0
67559739917030	20926	0
67598646403784	20925	0
67598646469320	20924	0
67602672018120	20923	0
67602672018152	20922	0
67615764695270	32023	0
67615826076392	20921	0
67615826141928	31159	0
67615840830694	20920	0
67615842919144	32020	0
67615842919145	20919	0
67615842927334	32017	0
67618441267428	20918	0
67618441267430	20917	0
67624078441188	30338	0
67624104137191	20916	0
67624104137447	35199	0
67624161888233	20915	0
67624161953001	35051	0
67624162325737	30331	0
67624164418025	20914	0
67624164418281	20913	0
67624164422121	20912	0
67624164422377	30327	0
67624165470691	20911	0
67624165470697	20910	0
67624165470953	30322	0
67627044859961	20907	0
67628399104231	20903	0
67628399104743	37995	0
67628459385065	20901	0
67628459385577	20899	0
67628459389161	20896	0
67628459389673	36424	0
67628460437731	20895	0
67628460437737	20892	0
67628460438249	36418	0
67641610630377	31742	0
67641610630393	31740	0
67641610761417	31687	0
67641610826953	20891	0
67641623606473	30512	0
67641623627593	30507	0
67641624261657	20889	0
67644140188873	20887	0
67644408624301	20886	0
67644408624329	20884	0
67645478171881	31155	0
67645478180071	31151	0
67645635064553	20883	0
67645635065058	20882	0
67645635065065	20881	0
67645636113641	38471	0
67645637133543	20880	0
67645637133545	20878	0
67645637134057	20876	0
67645637134313	20874	0
67645637161193	38468	0
67645637162208	20873	0
67645637162217	38464	0
67667326440135	20871	0
67668836259015	20869	0
67671337243335	20868	0
67671337243367	20867	0
67684476418788	30317	0
67684502115047	35192	0
67684559865833	20866	0
67684559930601	35047	0
67684560303337	30311	0
67684562395881	20865	0
67684562399977	34595	0
67684562814953	34589	0
67684563448553	34585	0
67686011933927	31144	0
67686168314599	35043	0
67686168314601	35042	0
67686170887399	20864	0
67686170887401	20863	0
67686172246759	30502	0
67686172246761	30501	0
67687158674148	30300	0
67687158674153	30297	0
67687160770788	38462	0
67687160770793	38358	0
67692797917924	20861	0
67692831464168	20859	0
67710279918792	26895	0
67710279984328	20858	0
67710292763848	30495	0
67713232667848	20857	0
67713232733384	20856	0
67714306213096	20855	0
67714306278632	20854	0
67714306280168	20852	0
67753195895524	20851	0
67753229441768	20850	0
67756068340970	33465	0
67756162843370	20849	0
67761517087204	20848	0
67761550955750	35300	0
67761553052134	20847	0
67761553052390	20846	0
67761567347945	20844	0
67761567352041	20842	0
67761569817065	20841	0
67761569817321	20840	0
67765848019174	20837	0
67765848019686	20834	0
67765864784105	20831	0
67765864784617	20828	0
67781042287741	20827	0
67782912939243	36938	0
67782912947433	32838	0
67782912951529	36933	0
67782912952654	36929	0
67782913594593	36921	0
67782913594594	36918	0
67782930371808	37289	0
67782930371810	38351	0
67783023695074	20826	0
67783025755368	20825	0
67783025755369	37284	0
67783025792224	37268	0
67783042532583	20823	0
67783042532585	20820	0
67787337499881	20819	0
67787337500137	20818	0
67787338855145	20817	0
67787338859241	20816	0
67791500383969	20815	0
67791500383970	20814	0
67791517161184	20813	0
67791517161186	38346	0
67791580074724	20812	0
67791582136548	20810	0
67791582136804	20809	0
67791582171364	38344	0
67821915064804	20808	0
67821948933350	35294	0
67821951029990	32835	0
67821965325545	20807	0
67821965329641	20806	0
67821967794921	33462	0
67823982523625	20805	0
67823982527721	20804	0
68194545104088	20802	0
68194545898712	20801	0
68203102279891	20800	0
68203102279892	20799	0
68203163096794	20798	0
68211719477974	20797	0
68262730597522	20794	0
68263265371346	20790	0
68263265371352	20789	0
68267570557138	20786	0
68267570557648	20783	0
68271821752530	20782	0
68271821752531	20780	0
68271821752532	20779	0
68271882569394	20777	0
68271882569426	20774	0
68271882569434	20773	0
68276132836048	20770	0
68278895315186	20768	0
68278895446226	20766	0
68280438950610	20762	0
68280438950614	20761	0
68287451827314	20759	0
68291763171538	20757	0
68291763172048	20755	0
68515384644854	38204	11
68515384653014	38217	0
68516123047062	29983	0
68516391285958	20753	0
68516391285974	20750	0
68516659721398	20748	0
68516659721430	20745	0
68516659786966	29979	0
68516660090038	20743	0
68516660090070	29973	0
68516676564182	30086	0
68516676564183	20740	0
68516693144794	20738	0
68516693636314	29967	0
68550909949053	20736	0
68550909949142	20734	0
68552093398182	20733	0
68552093578454	20732	0
68552093582502	20731	0
68552102171894	38204	11
68555314758822	20730	0
68555314758838	20729	0
68555314758870	20727	0
68555314760404	20725	0
68555314760406	20724	0
68556388549782	20723	0
68556398195862	20719	0
68556405173236	29402	0
68558159803542	20717	0
68560683504838	20716	0
68560683504854	20715	0
68562451617014	20713	0
68562451625158	20711	0
68562451625174	20709	0
68564978103478	20708	0
68564978103510	20707	0
68564978472118	20705	0
68564978472150	20704	0
68564978476246	20703	0
68564978476248	20702	0
68564986033366	32827	0
68564986033368	32011	0
68564995253462	30978	0
68564995253463	20701	0
68565011526874	20700	0
68565012018394	20699	0
68565028370132	20698	0
68565028795609	20697	0
68565028799702	20693	0
68566746592470	20688	0
68566747641046	32004	0
68566747641048	32002	0
68566907815126	37000	0
68566907815128	36998	0
68566907815129	20687	0
68567016076502	20685	0
68567016076503	20683	0
68585396040919	20680	0
68585396041175	20677	0
68585413113050	29961	0
68625124645879	20676	0
68633714730199	20675	0
68633714730455	20674	0
68633731495130	20673	0
68633748272345	20672	0
68635735553239	20670	0
68635735553495	20668	0
68654065187028	20667	0
68654065187030	20666	0
68654073872851	20665	0
68654073872852	20664	0
68654073872854	20663	0
68654073873108	20662	0
68654073873110	20661	0
68654134682040	20660	0
68654134682072	20659	0
68654134682074	20658	0
68654134682296	20657	0
68654134682328	20656	0
68654134682330	20655	0
68658368839734	20654	0
68658368839891	20653	0
68658368839892	20652	0
68658368839894	20649	0
68658368840404	20646	0
68658368840406	20643	0
68658429649080	20640	0
68658429649112	20637	0
68658429649114	20635	0
68658429649592	20632	0
68658429649624	20629	0
68658429649626	20627	0
68693793803252	20626	0
68693793803254	20625	0
68698158097096	20624	0
68698158097112	20623	0
68698158099480	20622	0
68702391433430	36694	0
68702392255188	31998	0
68702392255190	31996	0
68702453064376	20620	0
68702453064408	20618	0
68702453064410	20617	0
68702467753174	20614	0
68702469841624	31992	0
68702469841625	20613	0
68702469849814	31988	0
68721274885367	35187	0
68721275016407	35182	0
68721276981751	20612	0
68721276982007	20611	0
68721277112791	20610	0
68721277113047	20609	0
68722784959188	30282	0
68725571948791	20606	0
68725571949303	20603	0
68725572079831	20600	0
68725572080343	20597	0
68726553538617	20595	0
68741122258169	20594	0
68741122323705	20593	0
68741122454729	20592	0
68741122454745	20591	0
68741139100921	20590	0
68741139100922	20589	0
68741139109111	20588	0
68741139231961	20587	0
68741139231962	20586	0
68741139240151	20585	0
68743648670969	20583	0
68743648704329	20582	0
68766808373972	20581	0
68771103341268	20580	0
68771186603993	20579	0
68771186668761	20578	0
68771187225817	20577	0
68771189318361	20576	0
68771189322457	34580	0
68771189553113	34575	0
68771190371033	34571	0
68772795052759	20575	0
68772795052761	20574	0
68772797809879	20572	0
68772797809881	20571	0
68772798984919	20570	0
68772798984921	20569	0
68791503944404	20567	0
68791504435924	20565	0
68791537367768	20562	0
68791537982168	20560	0
68809791370456	20559	0
68809791481080	20558	0
68809791612104	20557	0
68809791612120	20556	0
68809791616216	20555	0
68809801245944	30488	0
68809801267784	30484	0
68809802097688	20553	0
68809858577658	20552	0
68809858581754	20551	0
68809858708698	20550	0
68809858712794	20549	0
68812744230136	20548	0
68812744230138	20540	0
68812744361160	20539	0
68812744361176	20538	0
68812744361178	20536	0
68813012796600	20535	0
68813012796632	20534	0
68813012796634	20532	0
68813012798168	20530	0
68814153549050	20529	0
68814153549306	20528	0
68814153680090	20527	0
68814153680346	20526	0
68814155645690	20524	0
68814155776730	29681	0
68839822326484	20523	0
68839822818004	20522	0
68839855749848	20521	0
68839856364248	20520	0
68839856383190	20519	0
68839856383192	20518	0
68839858479830	20517	0
68839858479832	34567	0
68841620306648	20515	0
68860223420884	20514	0
68860257473750	35286	0
68860259570134	20513	0
68860259570390	20512	0
68860273685721	20509	0
68860276335065	20508	0
68860276335321	20507	0
68864554537174	20504	0
68864554537686	20501	0
68864571302105	20498	0
68864571302617	20495	0
68878511092952	20494	0
68878511092953	20491	0
68878527870167	33329	0
68878527870169	33326	0
68881619260667	32819	0
68881619285209	32813	0
68881619286347	32806	0
68881619286349	32804	0
68881620112593	32798	0
68881620112594	32795	0
68881636889808	37260	0
68881636889810	38337	0
68881730213074	20490	0
68881732273368	20489	0
68881732273369	37255	0
68881732310224	37241	0
68881749050583	20487	0
68881749050585	20484	0
68882822837465	20483	0
68882822837721	20482	0
68882824934105	29677	0
68886044017881	20481	0
68886044018137	20480	0
68886045192921	20479	0
68887067474132	20478	0
68890206901969	20477	0
68890206901970	20476	0
68890223679184	20475	0
68890223679186	38332	0
68890286592724	20474	0
68890288654548	20472	0
68890288654804	20471	0
68890288689364	38330	0
68927399904378	35281	0
68927402000762	20470	0
68927402001018	20469	0
68931696967802	20466	0
68931696968314	20463	0
68947230434552	20462	0
68947230565592	20461	0
68947247211767	20460	0
68947247342807	20459	0
68947263976698	20458	0
68947264107738	20457	0
68947264128122	20456	0
68949533443322	20454	0
68949533447418	20452	0
68949533455578	20450	0
68949533457482	20448	0
68951559095418	20447	0
68951561192058	20445	0
68955856160282	20444	0
69362052367522	20442	0
69366344189858	36189	0
69371394131634	37210	0
69371662370530	20440	0
69386963389554	36645	0
69615902909638	32449	0
69616171652278	28547	0
69654826321062	20439	0
69654826321078	20438	0
69655909819542	34222	0
69657671427222	29004	0
69657862997142	20436	0
69660195067078	34435	0
69661963248838	20434	0
69664489727158	20433	0
69668793652454	32786	0
69670553171174	38179	0
69670730794214	20430	0
69753646244280	20429	0
69753646244536	28366	0
69753914483176	20428	0
69753914483432	20427	0
69757880401974	20426	0
69757941211320	37746	0
69757941211832	37741	0
69758209450216	20423	0
69758209450728	20420	0
69797669659336	20419	0
69797669661720	20418	0
69822590521831	38057	0
69822590522087	38054	0
69826885488871	38033	0
69826885489383	38001	11
69840633885929	20417	0
69840634016969	20416	0
69843160328009	28992	0
69843429782703	20415	0
69843964556521	36960	0
69843964564711	36956	0
69874935436007	35167	0
69876445254887	38067	0
69876618400487	35155	0
69876622332647	38001	12
69909303174344	20414	0
69909312891464	30476	0
69912255923400	20413	0
69912524358840	20412	0
69912792597736	20411	0
69943733421290	33449	0
69958242309243	35276	0
69958244405627	20410	0
69958244405883	28520	0
69962539372667	37796	0
69962539373179	37766	0
69978106532987	38446	0
69978110989547	38437	0
69978111011147	38373	8
69978111775771	38392	0
69980063446143	29663	0
69980253979771	20409	0
69981130888427	32772	0
69981399323855	36973	0
69981399323883	36970	0
69982401500283	20408	0
69982403596923	20406	0
69986698565147	20405	0
70012398646505	20404	0
70014415844585	20403	0
70049045071082	28977	0
70117764551855	20401	0
70827638724023	20400	0
70827638724039	20399	0
70828175463863	20398	0
70830675400103	20397	0
70839298561479	20396	0
70843543197175	20395	0
70847838164455	20394	0
70848844797399	20393	0
70848844797415	20392	0
70861854180304	20391	0
70862043972544	20390	0
70929998640048	20389	0
70930032063408	20388	0
70930300498848	20387	0
70930568737744	20386	0
70930753614784	20385	0
70930753614793	20384	0
70931021853680	20383	0
70931021853689	20382	0
70931290289120	20381	0
70931290289129	20380	0
70931323712480	20379	0
70974239241177	20378	0
70974239241193	20377	0
70977275917257	20376	0
70999432602560	20375	0
70999432602568	20374	0
70999697892336	38058	0
70999697892344	38001	2
71040895132632	20373	0
71045190099912	20372	0
71049434735608	38001	3
71053729702888	24597	0
71066632303488	20371	0
71068152075200	20370	0
71085068326361	20369	0
71085336761801	20368	0
71085605000697	20367	0
71085873436137	20366	0
71085883372825	24127	0
71090236920811	23781	0
71135351776128	20365	0
71135351776140	20364	0
71135385199488	20363	0
71153066382732	20362	0
71154068071708	37576	0
71158906078186	23778	0
71191185433484	25328	0
71204030763904	20361	0
71204030763915	20360	0
71204104491904	20359	0
71204785738640	20358	0
71222092354843	23299	0
71226384044939	23296	0
71259854590859	25325	0
71272740406144	20357	0
71273097315184	20356	0
71273097315198	20355	0
71290538628494	20354	0
71296361808782	24592	0
71307183113102	20353	0
71307183113118	20352	0
71341459698560	20351	0
71341493121920	20350	0
71341493121933	20349	0
71375852270477	20348	0
71375852270493	20347	0
71410212594560	20346	0
71410941027216	20345	0
71427944027534	20344	0
71922703432405	20343	0
71927150347703	20342	0
71927150347719	20341	0
71927162144183	20340	0
71927162144199	20339	0
71927427433975	20338	0
71927686284775	20337	0
71927687087543	20336	0
71930186102183	20335	0
71930187023783	20334	0
71930219648423	20333	0
71931729575157	20332	0
71931991885223	20331	0
71934522099159	20330	0
71936276211159	26002	0
71936276211175	20329	0
71938810185159	20328	0
71939346431125	20327	0
71943054820855	20326	0
71947349788135	20325	0
71948098012583	20324	0
71948356421079	20323	0
71948356421095	20322	0
71948372573877	20321	0
72000449047800	20320	0
72017092046520	20319	0
72069118205173	20318	0
72069118205175	20317	0
72073750803417	20316	0
72073750803433	20315	0
72073750805801	20314	0
72073750936841	20313	0
72076787479497	20312	0
72076787481641	20311	0
72076787612681	20310	0
72085761203893	20309	0
72085761203895	20308	0
72115691750863	20307	0
72115708528090	20306	0
72115709379850	20305	0
72115976963518	20304	0
72115976963546	20303	0
72116446725594	37214	9
72116446725626	20302	0
72116446725628	20301	0
72116715161050	20300	0
72116715161066	20299	0
72116716012810	20298	0
72116731938282	20297	0
72116731938283	20296	0
72116731946472	20295	0
72140404598232	20294	0
72140406694872	20293	0
72142401080293	20292	0
72144699565512	20291	0
72144701662152	20290	0
72148944201208	20289	0
72148946297848	20288	0
72148946300712	20287	0
72148946431752	20286	0
72149917274053	20285	0
72153239168488	20284	0
72153241265128	20283	0
72154480676533	20282	0
72184579028441	20281	0
72184579950041	20280	0
72184848385481	20279	0
72184860181961	20278	0
72184860183385	20277	0
72185115882969	20276	0
72185115883001	20275	0
72185116624377	20274	0
72185384318425	20273	0
72185384318441	20272	0
72185384322537	20271	0
72185385059817	20270	0
72185394804009	20269	0
72185394935049	20268	0
72185394957145	20267	0
72185395000585	20266	0
72185451415019	20265	0
72185451419115	20264	0
72189746386411	20263	0
72189746386667	20262	0
72189748483051	20261	0
72252577084812	20260	0
72252578006412	20259	0
72252593849743	20258	0
72252610626958	20257	0
72253566920188	20256	0
72253567902988	20255	0
72253579502892	20254	0
72253579633932	20253	0
72253579699468	20252	0
72253835355644	20251	0
72254103799273	20250	0
72254103799274	20249	0
72254120576488	20248	0
72254120576490	20247	0
72258415543786	20246	0
72258415544042	20245	0
72258417640426	20244	0
72262660180453	20243	0
72286819372933	20242	0
72290694899084	20241	0
72290696995724	20240	0
72321330107787	20239	0
72321598543243	20238	0
72321603786027	20237	0
72321603917067	20236	0
72321603982603	20235	0
72322554836473	20234	0
72322571613688	20233	0
72322588378619	20232	0
72322823271913	20231	0
72322840049128	20230	0
72322856814059	20229	0
72325893510539	20228	0
72325895607179	20227	0
72325895608363	20226	0
72325895739403	20225	0
72359364056459	24183	0
72359366153099	20224	0
72390049580430	20223	0
72390049580462	20222	0
72390049580974	20221	0
72390050252174	20220	0
72390323406270	20219	0
72390323407966	20218	0
72390586434990	20217	0
72391542752686	20216	0
72391576307086	20215	0
72395871274382	20214	0
72395873371022	20213	0
72400168339246	20212	0
72400168470286	20211	0
72406692578702	20210	0
72406692578718	20209	0
72406692579694	20208	0
72406694675342	20207	0
72406694675358	20206	0
72406694676782	20205	0
72406694807822	20204	0
72458718737803	20203	0
72458718737805	20202	0
72458718737837	20201	0
72458718738349	20200	0
72459188499885	20199	0
72459188499913	20198	0
72459456935341	20197	0
72459457590541	20196	0
72459473712568	20195	0
72467744881093	20194	0
72475361736077	20193	0
72475361736093	20192	0
72475361737069	20191	0
72475363832717	20190	0
72475363832733	20189	0
72475363834157	20188	0
72475363965197	20187	0
72527438210443	20186	0
72527455651214	20185	0
72527728805310	20184	0
72527907972553	20183	0
72536464353733	20182	0
72553107352453	20181	0
78119519525775	20180	0
78119536302990	20179	0
78128075906955	20178	0
78241619891073	20176	0
78241619956609	20174	0
78241643606913	20172	0
78241682805633	20170	0
78241682871169	20168	0
78244921435009	20166	0
78245459768193	20165	0
78245459833729	20164	0
78245938561969	20163	0
78245971985329	20162	0
78249210119089	20161	0
78249210119105	20160	0
78249219949489	20159	0
78249219949505	20158	0
78249485239281	20156	0
78249746858929	20155	0
78250233099169	20152	0
78250233529249	20150	0
78250266645409	20148	0
78254049690529	20146	0
78254477734865	20143	0
78254478164945	20141	0
78254566638545	20139	0
78258341512145	29810	0
78258341512161	20137	0
78258772702145	20135	0
78258782962625	20133	0
78261026943873	20131	0
78261027009409	20129	0
78261289284529	20127	0
78261289284545	20125	0
78263067657201	20123	0
78267362624481	20121	0
78267362870241	20120	0
78269616870273	20119	0
78269616935809	20118	0
78269879210929	27314	0
78270155817889	20116	0
78270421107665	20115	0
78270421107681	20114	0
78756751774187	20113	0
78761046741227	20110	0
78764337763287	20107	0
78764606198727	20104	0
78764874437623	20100	0
78765142873063	20097	0
78765338493931	20094	0
78765338498027	20091	0
78765338563563	20089	0
78765343900651	36229	0
78813123223307	20088	0
78823877439884	20087	0
78823877992844	20086	0
78823894204815	20085	0
78823910982030	20084	0
78828172406924	20080	0
78828172959884	20077	0
78828189171855	20073	0
78828205949070	20069	0
78832464163724	20065	0
78832464229260	20062	0
78832464782220	20059	0
78832470000524	20056	0
78832480928655	20052	0
78832480994191	20049	0
78832497705870	20045	0
78832497771406	20042	0
78833325679500	20036	0
78833335509900	20032	0
78833335575436	20029	0
78883788869505	20028	0
78883824127875	20022	0
78892630462859	20021	0
78892898898315	25075	0
78892899029355	25071	0
78896925429899	20018	0
78897193865355	25062	0
78897193996395	25056	0
78897193997579	36764	0
78897196094219	36755	0
78900981257099	20015	0
78900981322635	20013	0
78901217186699	20010	0
78901217252235	20008	0
78901239403515	20002	0
78901249692555	19999	0
78901249758091	19997	0
78901249889131	19994	0
78901485622155	31407	0
78901485687691	31402	0
78901485818731	31394	0
78901491061515	36748	0
78902475457531	19990	0
78902480864251	19987	0
78902743892971	19984	0
78902743895355	19981	0
78902749299691	19979	0
78954823734539	19978	0
78954825831179	19974	0
78961349935502	19973	0
78961349935534	19972	0
78961350238606	19971	0
78962876662158	19970	0
78962876793198	19969	0
78965644902542	19965	0
78965644902574	19961	0
78965645205646	19957	0
78967171629198	19954	0
78967171760238	19952	0
78967171761422	19950	0
78967173858062	19948	0
78969690899367	19945	0
78969936659342	19941	0
78969936659374	19936	0
78969936724878	19933	0
78969936724910	19930	0
78969937027982	19926	0
78969942246286	19922	0
78970210485182	19919	0
78970473513902	19915	0
78970478920622	19912	0
78971301053358	19908	0
78971306085438	19905	0
78971463385998	19902	0
78971463451534	19900	0
78971463582574	19898	0
78971468825358	19897	0
79002152126734	19896	0
79030019092875	19895	0
79030019092877	19894	0
79030019092909	19893	0
79034314059915	19890	0
79034314059917	19886	0
79034314059949	19882	0
79038410191783	19879	0
79038416016271	19875	0
79038416024461	19871	0
79038416081807	19868	0
79038416089997	19865	0
79038605816715	19862	0
79038605816717	19858	0
79038605816749	19853	0
79038605882251	19851	0
79038605882253	19848	0
79038605882285	19845	0
79038678356927	19839	0
79038946800557	19835	0
79039215236013	19831	0
79039215367053	19825	0
79039220256573	19821	0
79070821284109	19820	0
79098738565515	24768	0
79098755637646	19819	0
79103033532555	24762	0
79103050604686	19816	0
79107325289355	30860	0
79107325354891	30855	0
79107342427022	19813	0
79107347645326	19810	0
79107615884222	38494	8
79150076849025	19809	0
79150112107395	19807	0
79193513596316	19805	0
79193513596344	19804	0
79193530176927	19802	0
79193547019704	19801	0
79193798415823	24757	0
79194083628478	19799	0
79194553390588	19797	0
79212018341277	19796	0
79212018341278	26269	0
79231985680017	19795	0
79231985680019	19794	0
79232167777692	19793	0
79262275274142	19791	0
79262810047960	19790	0
79328246879089	19788	0
79331013030769	19786	0
79331548173169	19784	0
79345433342865	19783	0
79345433408401	19780	0
79345450185617	19777	0
79345450185628	19776	0
79345450185649	19775	0
79345483608977	19773	0
79345483609009	19772	0
79348721742737	19770	0
79348721742748	19768	0
79348721742769	19767	0
79348721742785	19766	0
79349258482577	19765	0
79349258482609	19764	0
79349458957213	19763	0
79349458957214	19761	0
79349745152913	19759	0
79349745152929	19757	0
79353561322353	19755	0
79358311371633	19752	0
79358368314305	19750	0
79358374286193	19747	0
79361052013513	19745	0
79361052015763	19743	0
79362612950001	19741	0
79366907917281	19740	0
79366924759953	19738	0
79369391076241	19737	0
79369391076321	19736	0
79369391076329	19735	0
79369391079057	19734	0
79369391079059	19733	0
79369608393628	19732	0
79369927816145	19731	0
79369927816161	19730	0
79932837295004	19727	0
79932847133564	19724	0
79932847137660	19721	0
79947011585292	19714	0
79947011953932	19713	0
79947011958024	19712	0
79947011958028	19707	0
79947028350223	19700	0
79947045127438	19695	0
79947045381384	19694	0
79950551565793	28967	0
79985666139404	19693	0
79992195087763	19692	0
79992205071763	19691	0
79996705559819	37510	0
80000761320315	19688	0
80000997249915	33810	0
80017957836176	35998	0
80017974416787	28070	0
80056583443857	19687	0
80056618614163	19686	0
80056618614419	19684	0
80060914564243	19683	0
80069470942108	19680	0
80069739377564	19677	0
80070812857246	19674	0
80070817727358	19670	0
80070991778684	34446	0
80070991778686	34444	0
80084222592280	24582	0
80084222592286	24578	0
80084416980236	36527	0
80084416984332	19665	0
80084417352972	19664	0
80084484080910	19659	0
80084491027720	24575	0
80084491027726	24567	0
80101394335134	19657	0
80101395383697	19656	0
80101395383710	19654	0
80101397134494	19653	0
80101663819022	19649	0
80101663819152	19648	0
80101663819166	19647	0
80105170257297	19646	0
80105170257310	35739	0
80105172008094	19645	0
80105205431443	19644	0
80105205431454	19642	0
80129633845139	19641	0
80138190222239	19637	0
80138731910013	19632	0
80153136452879	19627	0
80153136461068	19624	0
80153136461069	19620	0
80153153238285	19614	0
80153153303821	19606	0
80155368027537	19605	0
80155636266433	19604	0
80155904701873	19603	0
80170063492509	19601	0
80170064541073	19599	0
80170064541085	19597	0
80170066280349	19596	0
80170332976397	19592	0
80170332976528	19588	0
80170332976541	19587	0
80198353321619	19586	0
80198360360339	30207	0
80207714939806	19584	0
80207720846206	29501	0
80221855933708	36583	0
80224113124752	38204	4
80224129705363	28952	0
80224355739073	28947	0
80238784013713	33984	0
80239052449168	38204	5
80293327111585	19583	0
80293595321741	24249	0
80293595321742	19582	0
80294350296461	19581	0
80294350296462	19580	0
80297890289037	24242	0
80297890289038	19579	0
80298645263757	19578	0
80298645263758	19577	0
80315455905013	19575	0
80315724340645	19574	0
80317807308161	19573	0
80317807308163	19571	0
80317817138561	19570	0
80320019307493	19569	0
80320019307941	19568	0
80322101968001	19567	0
80322101968003	19565	0
80322317917317	19563	0
80322320014467	19562	0
80326403927937	38040	0
80326562553733	19560	0
80326564650883	19559	0
80327535500709	19557	0
80327535501221	19555	0
80327535501253	19554	0
80330698894977	28774	0
80330857518477	19553	0
80331830468005	19552	0
80331830468261	19551	0
80332098903717	19550	0
80332098903733	19549	0
80332099034757	24434	0
80366611858317	19547	0
80366611858318	19545	0
80367366833037	19543	0
80367366833038	19541	0
80384454296485	19539	0
80391039487106	19538	0
80391039487107	19537	0
80391039495296	19535	0
80395284123522	19534	0
80395284123523	19533	0
80395284131712	19531	0
80399579087757	19530	0
80400560423845	19528	0
80432059835265	35912	0
80432059839361	19526	0
80432059839373	19524	0
80432060081025	38001	2
80432060146561	19521	0
80432076616577	19518	0
80432076682113	19516	0
80432076923777	19514	0
80432076923788	19512	0
80432076927873	19510	0
80432110162817	19508	0
80432110347137	19506	0
80435079738241	34204	0
80435079738253	34201	0
80435079738321	34197	0
80435331335053	36368	0
80435331335054	19504	0
80435348480897	33642	0
80435348480908	33632	0
80435348480961	33624	0
80435885220737	33619	0
80436085695373	37485	0
80436085695374	37483	0
80436086309773	19502	0
80436086309774	19500	0
80449147302817	19497	0
80449147302821	19495	0
80449149391777	19493	0
80449149391781	19492	0
80449256354721	19489	0
80449256780705	19487	0
80449256784801	19485	0
80449257833377	19482	0
80449289900961	19480	0
80450925491073	29473	0
80450925491105	29468	0
80450927580033	29460	0
80450927580065	29458	0
80453072946081	19478	0
80453173281701	19476	0
80453173773221	19474	0
80455212704641	19472	0
80455212704721	19471	0
80455212704728	19469	0
80455212707201	19468	0
80455212707203	19467	0
80455221486465	28722	0
80455222535041	19464	0
80455222537601	19463	0
80455446602639	19462	0
80455463379854	19461	0
80455463379928	19460	0
80457879942081	19458	0
80459507364737	19456	0
80459507364801	19455	0
80459507367041	19454	0
80459507367043	19453	0
80459513328513	19450	0
80459517502337	19448	0
80459517502401	19446	0
80459517502408	19443	0
80459517506433	19441	0
80459758347208	19439	0
80459758963843	19437	0
80459758967939	38323	0
80462124577777	19435	0
80463809323905	38001	2
80463809324017	38009	0
80463809324024	38001	2
80463809326977	38024	0
80464002982904	19433	0
80464002985859	19431	0
80464003600259	19429	0
80464003604355	38309	0
80466419545057	19428	0
80468097291137	19427	0
80468103254913	27845	0
80468104291201	28764	0
80468104294017	28761	0
80468105339777	27870	0
80468105343873	27835	0
80468297950093	19426	0
80468297950184	19425	0
80468298564493	19424	0
80468314727308	19423	0
80469179073441	19421	0
80469279409061	19419	0
80469279900581	19417	0
80469439443921	19416	0
80469439443937	19415	0
80679666251171	19414	0
80679874163109	19413	0
80679874167205	19412	0
80680142402005	24233	0
80680897376741	19411	0
80684169130149	19408	0
80684169134245	19405	0
80684169135370	19402	0
80684437369045	24227	0
80685192343781	19400	0
80688222630821	19396	0
80688460952485	19393	0
80688460956581	19390	0
80688729191381	29836	0
80688761697221	19387	0
80689484166117	19385	0
80724132165025	28064	0
80724132595105	19383	0
80724165711265	28061	0
80724400600480	35979	0
80724401030560	19378	0
80724434146720	35976	0
80727967499680	19376	0
80727984080291	19374	0
80727984571811	35729	0
80733024189445	19369	0
80737268825861	19363	0
80744073627040	19361	0
80744090207651	19359	0
80744090699171	35724	0
81090901421443	19358	0
81090911589763	19357	0
81091117109637	26223	0
81091119206787	23282	0
81092845023733	19356	0
81093113459173	19355	0
81095412076677	37151	0
81095414173827	19354	0
81097139990773	19351	0
81097408426213	19349	0
81099457483663	19345	0
81099457491853	19341	0
81099467629453	19338	0
81099467631928	19335	0
81099467633549	19332	0
81099467641739	19329	0
81099467969413	19326	0
81099686781837	33576	0
81099686781839	19322	0
81099686785933	33567	0
81099686785935	19319	0
81099692311437	35777	0
81099692311439	19316	0
81099703559053	33788	0
81099703559054	19312	0
81099703563149	33782	0
81099703563150	19309	0
81099703571339	33775	0
81099703899013	33767	0
81099709088653	35973	0
81099709088654	19308	0
81099709141888	35966	0
81101431813109	19305	0
81101700248549	19303	0
81115007866241	28058	0
81115276301696	35963	0
81119302833537	28054	0
81119304930177	28045	0
81119571268992	35959	0
81119573365632	36448	0
81123112693123	19301	0
81123113307523	35720	0
81153779875333	19300	0
81155289961857	19299	0
81155292058497	19298	0
81155324947843	19297	0
81155324948099	19296	0
81155324952195	19295	0
81155325562243	35714	0
81155325562499	35709	0
81159620590723	19294	0
81159838641294	19293	0
81160759206309	25708	0
81160759210405	19292	0
81160759640485	19291	0
81160912994734	26137	0
81161832939941	26023	0
81161832939950	26021	0
81165054173349	25702	0
81165054177445	19287	0
81165054607525	19281	0
81166127906981	26015	0
81166127906990	26012	0
81168177275788	19277	0
81168423035788	34367	0
81168423035790	34361	0
81168423039886	19274	0
81168423043982	34353	0
81168423044014	34348	0
81168428565390	19273	0
81168428567694	19270	0
81168428630926	19269	0
81169345995685	33002	0
81169345999781	19265	0
81169346429861	19259	0
81169496769454	19257	0
81169502176174	19255	0
81170324308910	19251	0
81170419729317	33363	0
81170419729326	33360	0
81183995823374	19250	0
81186428781985	19249	0
81186676508078	35703	0
81186679457198	19248	0
81191799237774	35700	0
81191832784003	35697	0
81191832784014	35692	0
81228340067459	19247	0
81228504346509	37972	0
81228504692109	19244	0
81228505739629	19243	0
81228505739653	19242	0
81228505739661	19241	0
81228505740685	19239	0
81228507787149	19238	0
81228507836803	19237	0
81228507836813	19236	0
81228507837069	19235	0
81228507837325	19234	0
81229478687141	19233	0
81229478687149	19232	0
81229478687173	19231	0
81229747122597	19230	0
81229747122605	19229	0
81229747122613	19228	0
81229747253637	24430	0
81229747253645	24429	0
81232800706669	19225	0
81232800706693	19223	0
81232800706701	19218	0
81232800707853	19215	0
81232800707981	19212	0
81232802803843	19211	0
81232802803853	19209	0
81232802804365	19208	0
81232802804493	19207	0
81232802804621	19204	0
81233773654181	19200	0
81233773654189	19197	0
81233773654213	19194	0
81234042089637	19191	0
81234042089645	19188	0
81234042089653	19185	0
81234042220677	24422	0
81234042220685	24417	0
81236896437135	19181	0
81236896445325	19177	0
81236902400911	19171	0
81236902409101	19165	0
81237092180877	37957	0
81237092180879	37952	0
81237092183864	37892	3
81237092183869	37906	0
81237092183949	37894	0
81237092201355	19162	0
81237092201357	37930	0
81237092201389	37925	0
81237092529005	19159	0
81237092529029	19157	0
81237092529037	19153	0
81237092529549	19150	0
81237097710477	19149	0
81237097710479	19148	0
81237097713549	19145	0
81237097771149	19142	0
81237097771405	19141	0
81237097771789	19140	0
81237097771904	19139	0
81237097771917	19137	0
81237970056109	19133	0
81238065476517	19129	0
81238065476525	19126	0
81238065476549	19123	0
81238238491565	19119	0
81238238622605	19116	0
81238333911973	19113	0
81238333911981	19110	0
81238333911989	19107	0
81238334043013	30068	0
81238334043021	30062	0
81252395447693	19105	0
81252396496257	19104	0
81252396496269	19102	0
81252664931597	19099	0
81252664931712	19098	0
81252664931725	19097	0
81252664932109	19092	0
81255416395137	19091	0
81255416395149	35686	0
81256690414989	19089	0
81256691463553	19088	0
81256691463565	19086	0
81256693018509	30459	0
81256693559949	19085	0
81256693560193	19083	0
81256693560205	19081	0
81256959898893	19077	0
81256959899008	19076	0
81256959899021	19075	0
81256959899149	19071	0
81256961995533	19068	0
81256961995648	19066	0
81256961995661	19062	0
81259711362433	19061	0
81259711362445	35680	0
81259713408909	35677	0
81259713459073	19060	0
81259713459085	35670	0
81259746955139	35659	0
81259746955149	35642	0
81274038975493	19056	0
81275584052355	19050	0
81297225212293	26263	0
81297227309443	23770	0
81298198159781	25869	0
81298198159813	25867	0
81298198462885	23965	0
81301520179333	37165	0
81301522276483	19049	0
81302493126821	25861	0
81302493126853	25857	0
81302493429925	36562	0
81305622913934	28749	0
81305622916664	28745	0
81305811657613	34338	0
81305811657614	34334	0
81305811673995	33966	0
81305812001669	33960	0
81305817187213	19048	0
81305817187214	36218	0
81305817244544	36211	0
81305828434828	34320	0
81305828434830	34315	0
81305828438926	34120	0
81305833964430	36329	0
81305834029966	19047	0
81306784949157	33194	0
81306784949189	33188	0
81306785252261	29357	0
81321115968897	28943	0
81321384404352	36208	0
81321401222414	19046	0
81323867604385	19045	0
81325410936193	28939	0
81325413032833	28932	0
81325679371648	36204	0
81325681468288	36464	0
81328466431619	35627	0
81347053415173	19044	0
81348598476163	19038	0
81348598476419	19037	0
81348598492035	19036	0
81393106884030	19034	0
81393106884542	19032	0
81401814392725	23819	0
81402351263125	19031	0
81417517733311	19030	0
81417534510526	19029	0
81431610531509	19028	0
81431610597045	23614	0
81431627374261	19027	0
81431627374262	19026	0
81461831206334	19023	0
81461831206362	19021	0
81470546445205	19020	0
81486239302591	19019	0
81486256079806	19018	0
81531588309889	19016	0
81531588309905	19014	0
81531588547505	19012	0
81531588555649	19010	0
81531588555665	19008	0
81531621970865	19006	0
81534591603633	19005	0
81534591669169	19003	0
81534591669201	19001	0
81534842344382	18999	0
81534860104625	18997	0
81534860104641	18995	0
81535128343537	18993	0
81535396778977	18991	0
81535396844465	18989	0
81535883277201	18986	0
81535883522961	18983	0
81535884325777	18980	0
81535884571537	18977	0
81539165283217	18976	0
81539265921941	18975	0
81539699684209	27821	0
81539699684241	27817	0
81539800019861	18974	0
81552971502513	32421	0
81552972551089	18971	0
81554723955633	28447	0
81554723959729	18970	0
81554723959761	18968	0
81554958779327	18967	0
81554975556542	18966	0
81557267518385	18964	0
81557267518401	18962	0
81557267526545	18960	0
81559018927025	18959	0
81559018927041	18958	0
81559029134209	18956	0
81559029134225	18954	0
81559297569649	18952	0
81559297569681	18950	0
81559297635217	18948	0
81561559340017	18946	0
81563313882097	18945	0
81565855363985	32258	0
81565948015505	27776	0
81567608849377	18944	0
81567608853425	27487	0
81567616971649	27810	0
81567616971665	27806	0
81567885407089	27798	0
81567885407121	27793	0
81567885472657	27652	0
81778546831765	18943	0
81778547077525	18942	0
81782841798805	18939	0
81782841799943	18936	0
81782842044565	18933	0
81782842045703	18930	0
81782842045705	18928	0
81787133621141	18925	0
81787133866901	18922	0
81788273390485	18918	0
81834192123280	18916	0
81834208703891	18914	0
81842779960720	36324	0
81842796541331	29641	0
81848373436862	18913	0
81852668403902	18910	0
81856959972286	18907	0
81856959972314	18904	0
81856959976382	18900	0
81856960226238	18897	0
81857257767930	18893	0
81912546291377	18892	0
82259348144494	18891	0
82259616379294	18890	0
82259616383390	18889	0
82259619328414	18888	0
82259619332510	18887	0
82263643111534	18884	0
82263643112718	18881	0
82263645209358	18880	0
82263911346334	18876	0
82263911350430	18872	0
82267934667662	18870	0
82267934667678	18867	0
82267934671758	18865	0
82267934671774	18862	0
82267934933870	18859	0
82267940127678	18858	0
82267940176654	18857	0
82267940258702	18856	0
82267940258718	18855	0
82268203103102	18852	0
82268203103134	18848	0
82268203107194	18846	0
82268203107198	18843	0
82268203107230	18839	0
82268203168670	18836	0
82268203172766	18833	0
82268208694174	18830	0
82268209742750	18827	0
82269836112798	18825	0
82269947925438	18823	0
82269947927614	18821	0
82269947933598	18819	0
82269947937694	18817	0
82283243746590	18815	0
82283243750682	18813	0
82283243750686	18810	0
82283507336462	18808	0
82283507336974	18803	0
82283507451150	18802	0
82283512182030	18797	0
82283512186122	18793	0
82283512186126	18785	0
82329193805747	18784	0
82329258750389	18783	0
82329258815925	18782	0
82329275593141	18781	0
82329275593142	18780	0
82333553717429	18777	0
82333553782965	18773	0
82333570560181	18770	0
82333570560182	18767	0
82336407999423	18763	0
82337845539765	18760	0
82337845605301	18756	0
82337862095807	18753	0
82337862098747	18751	0
82337862098749	18748	0
82337862120349	18745	0
82337862120376	18742	0
82337862382517	18739	0
82337862382518	18736	0
82354927957425	18735	0
82354927957937	18734	0
82354949584304	18725	0
82354966164915	18716	0
82359257964467	18714	0
82359257987251	18709	0
82363552954291	18704	0
82397021778334	25948	0
82397024727454	38144	0
82401316745374	36815	0
82405340066702	34113	0
82405340066718	34108	0
82405345526718	37107	0
82405345657742	18703	0
82405345657758	18702	0
82405402993530	18700	0
82405608502142	34102	0
82405608502174	34095	0
82405608567710	33308	0
82405614093214	18698	0
82405615141790	18696	0
82406581572542	18694	0
82406581575227	18692	0
82406738195358	34078	0
82406850007998	29210	0
82420649145630	38135	0
82420912850190	18691	0
82420917581070	38112	0
82427977440947	18689	0
82448075056561	18688	0
82448077153201	18687	0
82448110653107	35611	0
82491796624783	18686	0
82491796624815	18684	0
82491796625327	18682	0
82492674516417	33086	0
82492674516419	33083	0
82492769572303	18680	0
82492769899977	18679	0
82492769936833	22906	0
82492781732188	18678	0
82492782155203	18677	0
82493038007759	18675	0
82493038138799	23470	0
82493038138873	18674	0
82493306574313	18673	0
82501261305793	18672	0
82501261305795	18670	0
82501271136193	18669	0
82501326281157	18668	0
82501326315973	18667	0
82501594520053	18666	0
82501862955493	18665	0
82521609606599	18663	0
82530317115013	23610	0
82530317115045	23608	0
82530317115047	18662	0
82561501169097	18661	0
82561501208668	18659	0
82561501210048	18657	0
82561501627842	18656	0
82561501627843	18655	0
82561501636032	18653	0
82590331175879	18651	0
82630079914945	33068	0
82630079915457	33061	0
82630079915459	33056	0
82630220490179	18649	0
82630221104579	18647	0
82630221108675	38204	1
82631133418369	18645	0
82631133602689	18643	0
82634371732417	18641	0
82634371736449	18639	0
82634371736460	18636	0
82634371736513	18634	0
82634639971313	18632	0
82634908406753	18630	0
82634908476289	18628	0
82638666703809	18625	0
82638666704833	18624	0
82638666704835	18623	0
82638667752385	18620	0
82638676534129	18619	0
82638676534140	18617	0
82638676534209	18615	0
82638676535233	18614	0
82638776869829	18613	0
82639211307889	18612	0
82639597204385	18609	0
82639598240673	37340	12
82639599289249	18607	0
82639599293345	18605	0
82639706682273	18603	0
82639706682287	18602	0
82639723459489	18600	0
82639723525025	18599	0
82642961658785	18598	0
82642961658817	18596	0
82643229897633	18595	0
82643229897647	18593	0
82643229897713	18591	0
82643498333089	18590	0
82643498333153	18588	0
82643498398625	18587	0
82656779146177	18585	0
82656779150273	18583	0
82656779150280	18581	0
82656785789889	18578	0
82656785789895	18577	0
82656795927489	18574	0
82656795993025	18572	0
82656796238785	18570	0
82656903197633	18568	0
82656906027969	18565	0
82658530554817	18564	0
82658530620289	18562	0
82658530620353	18561	0
82658534486977	18559	0
82658540757889	27919	0
82658540757953	27913	0
82658540757960	27905	0
82658781602760	18557	0
82658799055809	18555	0
82658799055815	18553	0
82658800104385	18551	0
82659050652615	18549	0
82662825509873	18548	0
82662829442033	18547	0
82667120477153	18546	0
82667120546689	18545	0
82667124409313	18544	0
82667128595329	27897	0
82879315944903	27385	0
82879316992453	22894	0
82879316992455	22893	0
82879316993479	27379	0
82879328788935	25320	0
82879328789783	25317	0
82879328789788	25315	0
82879328789959	25312	0
82879329215943	18543	0
82879863563543	25308	0
82882386908423	36735	0
82883611959493	38428	0
82883611959495	38420	0
82883611960583	38449	0
82883611960588	38373	2
82883611960775	38375	0
82884148700423	38402	0
82887778988997	18537	0
82887784952773	18534	0
82887903781829	27367	0
82887903781831	27361	0
82887903782343	27348	0
82887919141829	18533	0
82887919141831	18532	0
82887919142343	18529	0
82888047227893	18523	0
82888315663333	18519	0
82931660551623	18517	0
82931661600193	18515	0
82931661600199	18513	0
82931673638343	31952	0
82931673703703	25304	0
82931673703879	31944	0
82931930035463	18508	0
82931930035648	18504	0
82931930035655	18503	0
82931942139143	38290	0
82931942139328	38204	2
82931942139335	38204	2
82933674866113	18502	0
82933674866119	35605	0
82933687395783	35597	0
82933720942019	35588	0
82933720942023	35571	0
82933923325383	35566	0
82933925414343	35560	0
82933926462919	35549	0
82933926467015	38204	2
82940261541143	25300	0
82940519961863	18501	0
82940529976583	38257	0
82947063177647	18500	0
82951358144687	18497	0
82955649532847	18491	0
82955649967023	18488	0
82955666310062	18482	0
82956504114120	18478	0
83011252809377	18477	0
83016657043395	18476	0
83016657381315	18475	0
83016722387397	18474	0
83016722387399	18473	0
83016722391493	18472	0
83016722391495	18471	0
83016734183879	18470	0
83016734187975	18469	0
83016990626293	18468	0
83016990626295	18467	0
83017259061733	18466	0
83017259061735	18465	0
83021017354437	18462	0
83021017354439	18459	0
83021017358533	18455	0
83021017358535	18452	0
83021285593333	18449	0
83021285593335	18446	0
83021554028773	18444	0
83021554028775	18442	0
83025213420495	18439	0
83025213748169	18436	0
83025213756359	18433	0
83025213760455	18430	0
83025223591740	18428	0
83025223906245	18424	0
83025309176773	18421	0
83025309176775	18418	0
83025309180869	18414	0
83025309180871	18411	0
83025324540869	18408	0
83025324540871	18407	0
83025481855951	18404	0
83025481986991	18401	0
83025481987065	18398	0
83025481995255	18395	0
83025577415669	18392	0
83025577415671	18389	0
83025750422505	18387	0
83025750430695	18385	0
83025845851109	18383	0
83025845851111	18381	0
83069220058049	18378	0
83069488493504	18375	0
83077925477893	18374	0
83077925477895	18373	0
83427900323747	18372	0
83427902420387	18371	0
83427965333893	18370	0
83427965333925	18369	0
83427965333927	18368	0
83432260300933	18364	0
83432260300965	18360	0
83432260300967	18357	0
83435919692687	18355	0
83435919700877	18353	0
83436188136391	18350	0
83436188267431	18347	0
83436456702887	18345	0
83436458800037	18341	0
83436552123269	18337	0
83436552123301	18333	0
83436552123303	18330	0
83451352643009	18328	0
83451352774049	31937	0
83451621070095	18322	0
83451621078285	18317	0
83451621078464	18313	0
83451621209353	18312	0
83451621209504	36987	0
83453634475393	18311	0
83453634475425	18310	0
83453634475937	18309	0
83460177590533	18308	0
83504907609031	34482	0
83506361639880	34543	0
83506383946695	18306	0
83520072115649	31573	0
83520340551104	38204	3
83523449103808	38204	2
83523465684419	31921	0
83527758121155	35531	0
83532052473795	18304	0
83591324964238	18303	0
83591324964312	25431	0
83591325095352	18302	0
83591593530808	18301	0
83591598166363	18300	0
83591598773683	18299	0
83592566478296	18298	0
83592566478328	18297	0
83592834913752	18296	0
83592834913768	18295	0
83592835044792	22809	0
83595888498869	18294	0
83595890596019	18293	0
83601106082261	18292	0
83601106082293	18291	0
83601374517717	18290	0
83601374517733	18289	0
83607968093624	18288	0
83609964609973	31336	0
83609998136759	18287	0
83625533710213	24836	0
83625801949109	18285	0
83629828677253	24832	0
83630096916149	18284	0
83630096961973	18283	0
83660317590974	18281	0
83660317642843	18279	0
83660317644208	18277	0
83660318246322	18276	0
83660318246323	18275	0
83660318254512	18273	0
83664610068658	18272	0
83664610068659	18271	0
83664610076848	18269	0
83676689662904	18268	0
83678719706039	18267	0
83729036924339	18265	0
83729037723059	18263	0
83729037727155	38200	0
83730544456657	18260	0
83730544702417	18257	0
83730645046145	18256	0
83730645226417	18254	0
83730645230465	18252	0
83733328745355	37635	0
83733328746675	37627	0
83733329545395	18250	0
83733329549491	38197	0
83734420100017	33676	0
83734420104065	18248	0
83734944928625	18246	0
83739110921121	18244	0
83739110921137	18242	0
83739235152801	18241	0
83739235152817	18240	0
83743010026401	18239	0
83743010026417	18238	0
83743405888401	18237	0
83743405888433	18234	0
83743405888440	18233	0
83743422665649	18230	0
83743422731185	18228	0
83743530120081	18226	0
83743530120113	18225	0
83743530124209	18224	0
83743531172785	18222	0
83743532766129	18219	0
83743533261745	18217	0
83745167496065	31710	0
83745167496081	31708	0
83745167496113	31704	0
83745167496120	31701	0
83745408340920	37035	0
83745409139640	18216	0
83747304993681	18214	0
83747304993713	18213	0
83747304997809	31331	0
83747306046385	31324	0
83747308135345	31317	0
83747439182775	18212	0
83760609194961	18210	0
83760609194993	18208	0
83762341065681	27058	0
83762341065713	27056	0
83764904162257	18207	0
83764904162273	18206	0
83766632108977	18205	0
83766632174465	18204	0
83766636032977	18203	0
83766636032993	18202	0
83766905525105	18201	0
83767437349809	18200	0
83767440298929	18198	0
83977610450199	23272	0
83977934788019	18197	0
83978140307893	25043	0
83978140610965	23007	0
83978140610997	23005	0
83979113558485	22651	0
83979113558517	18196	0
83979381993941	23001	0
83979381993957	18195	0
83979382124981	22997	0
83981898536199	36725	0
83982435274933	36398	0
83982435276043	36719	0
83982435578005	22991	0
83982435578037	22987	0
83983408525525	36062	0
83983408525557	18192	0
83983660328199	35819	0
83983676960981	22982	0
83983676960997	18190	0
83983677092021	22976	0
83986491167669	18186	0
83986727097269	31361	0
83986727400341	27524	0
83986727400373	27519	0
83987700347861	26955	0
83987700347893	18183	0
83987968783317	27514	0
83987968783333	18181	0
83987968914357	27507	0
84014379399685	18180	0
84018300376503	28042	0
84018300441879	23269	0
84018300442039	28039	0
84018405934513	18179	0
84018568877319	23266	0
84018568877488	35946	0
84018568877495	35945	0
84018674369968	18178	0
84022180808113	18177	0
84022311855543	35528	0
84022313944503	35524	0
84022314993079	35522	0
84022314997175	38195	0
84035753443077	18172	0
84040031589639	18171	0
84040048410117	18170	0
84042313160113	18169	0
84046591517144	24698	0
84046591648184	18168	0
84046860083640	18167	0
84047833031128	18166	0
84047833031160	18165	0
84048101466584	18164	0
84048101466600	18163	0
84048101597624	22791	0
84050886484184	24692	0
84050886615224	18161	0
84051155050680	18159	0
84052127998168	18156	0
84052127998200	18153	0
84052396433624	18151	0
84052396433640	18149	0
84052396564664	22785	0
84054942012344	18146	0
84055177941944	30776	0
84055178306520	30767	0
84055178437560	18144	0
84055210447800	18141	0
84055210448955	18139	0
84055446377400	18136	0
84055446378555	18134	0
84055446873016	18132	0
84056278926332	18129	0
84056419447768	36430	0
84056419447800	18125	0
84056419820504	18122	0
84056419820536	18119	0
84056687883224	27234	0
84056687883240	18116	0
84056688255960	18114	0
84056688255976	18112	0
84056688387000	27227	0
84087125411249	18111	0
84087393846704	18110	0
84090900284849	18109	0
84104472915720	18102	0
84108767882760	18101	0
84115363561395	18100	0
84115440521655	23263	0
84115579564469	18099	0
84115581661619	18098	0
84116770754997	22781	0
84116770754999	22780	0
84119874531509	18095	0
84119876628659	18094	0
84119876629257	18093	0
84121065722037	22774	0
84121065722039	22771	0
84123919938553	18090	0
84123920069593	18087	0
84123929925433	18085	0
84123929925435	18083	0
84124165855033	18082	0
84124165855035	18081	0
84124166353845	18078	0
84124171568055	18077	0
84124171596553	18076	0
84124171596720	18075	0
84125262123959	33658	0
84125357544373	27218	0
84125357544375	27214	0
84175492251571	18070	0
84179787218611	18069	0
84179787241395	18068	0
84185221661141	37227	0
84185221661173	18067	0
84185490096597	23080	0
84185490096613	18066	0
84185490227637	23076	0
84187788715272	18064	0
84187790811912	18063	0
84189516628181	37214	8
84189516628213	18059	0
84189785063637	23068	0
84189785063653	18056	0
84189785194677	23062	0
84191834010584	18052	0
84191834121208	18049	0
84191834252248	18046	0
84191834256344	18043	0
84191844094904	18040	0
84191844096568	18038	0
84192080012248	33755	0
84192080016344	33746	0
84192080024504	33739	0
84192080026168	33728	0
84192085607384	35942	0
84192085738424	18037	0
84192085779208	18036	0
84193808450517	27006	0
84193808450549	18032	0
84193824842712	18029	0
84193824842744	18026	0
84193824842748	18024	0
84193824846808	18021	0
84193824846840	18018	0
84194076885973	27674	0
84194076885989	18015	0
84194077017013	27667	0
84194093278168	18013	0
84194093278184	18011	0
84194093282264	18009	0
84194093282280	18007	0
84207384364497	28036	0
84207384495537	18006	0
84207652799758	18005	0
84207652799952	35939	0
84207652930826	18004	0
84207652930992	18003	0
84207652939016	18002	0
84210890802641	18001	0
84210890802673	18000	0
84211159238097	17999	0
84211159238113	17998	0
84211159369137	17997	0
84241861545733	17990	0
84246156512773	17989	0
84596196368773	24828	0
84596464603573	17988	0
84596464607669	17987	0
84600491335813	24822	0
84600759570613	17983	0
84600759574709	17980	0
84604424151932	17977	0
84604783158149	30959	0
84605051392949	17973	0
84605051397045	17970	0
84605067973560	17967	0
84605067977628	17965	0
84605067977656	17963	0
84619869021448	17962	0
84621865510273	17961	0
84622155437488	17956	0
84622155441584	17954	0
84622172018099	17949	0
84622172022195	17947	0
84622172816819	35495	0
84626463840435	17942	0
84626463844531	17940	0
84626464639155	38494	7
84628408625413	17939	0
84691256219081	17938	0
84691256284617	17937	0
84692329829865	17936	0
84692346541544	17935	0
84692346607080	17934	0
84692363384296	17933	0
84692363384297	17932	0
84692363384809	17931	0
84692363412961	17930	0
84696658351593	17929	0
84696658351849	17928	0
84699812600261	17927	0
84699812665797	17926	0
84700826028001	31799	0
84700886145509	17925	0
84700886211045	17924	0
84700886211301	17923	0
84700953319397	17922	0
84700955416547	17921	0
84705116191457	17920	0
84705116191459	17918	0
84705181178597	17916	0
84705181178599	17915	0
84705197955813	17914	0
84705197955814	17913	0
84713770851045	17912	0
84728870606312	26382	0
84728870606313	17911	0
84759987553709	17909	0
84759987553737	17907	0
84761057101289	17905	0
84765379920873	17903	0
84769674889186	17902	0
84769674889187	17901	0
84769674897376	17900	0
84797592175592	17899	0
84797592175593	17898	0
84830072927105	17896	0
84830073111425	17894	0
84832589509505	17892	0
84832589509521	17890	0
84833931662305	17888	0
84834081883114	17886	0
84834098660238	17884	0
84834098660329	17882	0
84834099397609	17880	0
84834377909105	17878	0
84838231425905	31788	0
84838231425918	31784	0
84838231426017	31779	0
84838231427041	31773	0
84838331761637	17876	0
84838393628643	17874	0
84838394365923	17872	0
84838394370019	38190	0
84838622544801	17870	0
84842521588641	17869	0
84842521588705	17867	0
84842521590497	17866	0
84842521590499	17865	0
84842917512081	17864	0
84844669289345	17863	0
84844669289361	17862	0
84844679119745	17861	0
84844679119761	17860	0
84846819263457	17857	0
84846950007783	17856	0
84847212467137	17854	0
84847236117441	38001	0
84847236182977	17852	0
84848967803841	38001	0
84848967807937	17850	0
84864387105761	17847	0
84864387105768	17846	0
84864388142049	17844	0
84864415790049	17843	0
84864415855585	17841	0
84864432391137	17840	0
84864432632801	17839	0
84864432632809	17838	0
84864432636897	17837	0
84864433685473	17835	0
84866143732705	17834	0
84866147660769	17833	0
84866147664865	17832	0
84866148713441	31766	0
84866148713448	31763	0
84866310915048	37126	0
84866310915049	37125	0
84866311652328	17831	0
84866311652329	17830	0
84866417148785	31758	0
84866417148897	31756	0
84866417214433	17829	0
84866949215121	34250	0
84866949215201	34248	0
84866949215209	34246	0
84866952356833	17828	0
85078893621733	17827	0
85078893687269	24357	0
85078910222821	17826	0
85078910464485	24353	0
85078910464489	24352	0
85078910468581	17825	0
85083188588773	17822	0
85083188654309	24345	0
85083205189861	17819	0
85083205190926	17817	0
85083205431525	24340	0
85083205431529	24337	0
85083205435621	17815	0
85086003032981	17809	0
85086265308101	38001	15
85086265373637	17805	0
85087338918885	17801	0
85087480411109	17798	0
85087480476645	29941	0
85087497012197	17795	0
85087497253861	29936	0
85087497253865	29934	0
85087497257957	17793	0
85117397400289	17792	0
85117397400293	35490	0
85117812065559	17791	0
85118068704519	17790	0
85118080500999	17789	0
85121822868967	35486	0
85121825818087	17788	0
85139308201441	30456	0
85139308447201	31914	0
85139576636896	36496	0
85139576882656	36980	0
85141294859751	30453	0
85141294925287	35482	0
85141311702496	38188	0
85141311702503	38184	0
85141328283107	30448	0
85141328283111	30442	0
85147613094376	17787	0
85147613159912	17786	0
85147629937128	17785	0
85147629937129	17784	0
85147629945317	17783	0
85147629945318	17782	0
85151908061416	17779	0
85151908126952	17776	0
85151924904168	17774	0
85151924904169	17772	0
85151924912357	17770	0
85151924912358	17768	0
85154990490541	17765	0
85156059005928	17762	0
85156059007038	17760	0
85156199511016	17758	0
85156199515112	17755	0
85156199515114	17750	0
85156199883752	17747	0
85156199949288	17744	0
85156216275947	17741	0
85156216292328	17738	0
85156216292329	17734	0
85156216726504	17732	0
85156216726505	17730	0
85156216734693	17728	0
85156216734694	17726	0
85208027923937	31911	0
85208296359392	36977	0
85216217299683	17725	0
85216282317285	17724	0
85216282317287	17723	0
85216290116071	24945	0
85216347932649	17722	0
85216349045225	17721	0
85216349413865	17720	0
85216349417957	17719	0
85216349417961	17718	0
85216351496169	17717	0
85216351515107	17716	0
85216351515113	17715	0
85216351515369	17714	0
85216351515625	17713	0
85220577284325	17710	0
85220577284327	17707	0
85220644012265	17703	0
85220644380905	17701	0
85220644384997	17699	0
85220644385001	17696	0
85220646482147	17695	0
85220646482153	17693	0
85220646482665	17692	0
85220646482697	17691	0
85220646482921	17689	0
85223431500777	34162	0
85223431500793	34158	0
85223431631817	17686	0
85223431697353	17683	0
85223700067273	17680	0
85223700132809	17677	0
85224773678057	17674	0
85224773686247	17671	0
85224869106661	17668	0
85224869106663	17665	0
85224935769065	17664	0
85224935769913	17663	0
85224935769918	17662	0
85224935770089	17661	0
85224935834601	17658	0
85224936203241	17656	0
85224936207333	17654	0
85224936207337	17652	0
85224941421543	17651	0
85224941421545	17649	0
85224941422569	17647	0
85224941449449	17645	0
85224941449705	17644	0
85224941449993	17643	0
85224941450208	17642	0
85224941450217	17640	0
85263461153507	17638	0
85276745910249	17637	0
85276748859369	30439	0
85276749492969	17636	0
85276749493217	17635	0
85276749493225	17634	0
85277017928457	17632	0
85277017928672	17631	0
85277017928681	17630	0
85279266056169	35480	0
85279266075617	17629	0
85279266075625	35476	0
85279299602403	35474	0
85279299602409	35473	0
85283928179141	22669	0
85283928244677	17628	0
85284936776419	17627	0
85285001724389	17626	0
85285001789925	17625	0
85288223146181	22663	0
85288223211717	17621	0
85289296691429	17618	0
85289296756965	17614	0
85291345814472	38001	1
85291345880008	17610	0
85291355710408	17604	0
85292514968517	26995	0
85292515034053	17600	0
85292531180488	38001	0
85292531184584	17597	0
85292546851784	17594	0
85293588513765	17591	0
85293588579301	17587	0
85293604905928	34306	0
85293604905960	34301	0
85293604910056	17585	0
85293604914152	34294	0
85293604914154	34292	0
85309597320641	17584	0
85309597386177	17583	0
85309625959872	17577	0
85309642540483	17571	0
85310670865889	17570	0
85310670931425	17569	0
85347180227304	35466	0
85347213773539	35464	0
85347213773544	35460	0
85353658357219	17568	0
85353721016805	17567	0
85353721020901	17566	0
85353721266661	17565	0
85353721270757	17564	0
85353721270759	17563	0
85353738047973	17562	0
85353738047974	17561	0
85353754440169	17560	0
85353754444265	17559	0
85353754812905	17558	0
85358015983845	17555	0
85358015987941	17551	0
85358016233701	17547	0
85358016237797	17544	0
85358016237799	17541	0
85358033015013	17538	0
85358033015014	17535	0
85358049407209	17532	0
85358049411305	17529	0
85358049779945	17526	0
85360075191181	17523	0
85360343626621	17520	0
85362212631529	17517	0
85362212639719	17515	0
85362214736869	17512	0
85362307806181	17509	0
85362307810277	17505	0
85362308056037	17501	0
85362308060133	17498	0
85362308060135	17495	0
85362324378603	17493	0
85362324386792	17491	0
85362324386793	17489	0
85362324390888	17486	0
85362324390889	17484	0
85362324837349	17481	0
85362324837350	17478	0
85362341164009	17475	0
85362341168105	17472	0
85362341229545	17470	0
85362341233641	17468	0
85362341602281	17465	0
85362346820583	17463	0
85362346820585	37439	0
85375510099225	17461	0
85375510099229	17459	0
85375510103321	17458	0
85375766557961	17457	0
85375766672649	17456	0
85375766738185	17455	0
85375766742281	17454	0
85375778534665	17449	0
85375778534669	17445	0
85375778538761	17444	0
85379390408161	17443	0
85379390412257	17442	0
85379520902633	35455	0
85379520906729	35452	0
85379521455593	35450	0
85379523544553	35443	0
85379523851753	17441	0
85379523855849	17440	0
85379524593129	35441	0
85379524597225	38181	0
85383685379553	17439	0
85383685379809	17438	0
85383687476193	17437	0
85383720253667	17435	0
85383720257763	17433	0
85383720258019	17431	0
85383720995043	35426	0
85383720995299	35423	0
85415932512739	17430	0
85415933250019	35420	0
85790767781369	17429	0
85790767781370	37277	0
85790767912393	17428	0
85790767912409	17427	0
85790767912410	23847	0
85790943053265	17426	0
85790943053267	17424	0
85791036077521	17423	0
85791036347865	17422	0
85791036347866	17420	0
85791053125048	17419	0
85791053125080	17418	0
85791053125082	17416	0
85795232479441	17415	0
85795232479443	17414	0
85795348092378	17413	0
85795348092634	17412	0
85799324162549	17411	0
85799324293573	17410	0
85799324293589	17409	0
85799532361681	17408	0
85799592729045	17407	0
85799592729301	17406	0
85803822709457	17405	0
85803822709459	17403	0
85803887696597	17401	0
85803887696599	17400	0
85803904473813	17399	0
85803904473814	17398	0
85815497528792	26376	0
85815497528793	17397	0
85815967292293	24814	0
85864069661658	17395	0
85868319540181	17393	0
85884219098072	17391	0
85884219098073	17390	0
85928348451793	17388	0
85928348452305	17387	0
85928348452307	17386	0
85929567712209	17383	0
85929567957969	17380	0
85929584554881	17378	0
85929584739201	17376	0
85929601373169	17374	0
85929601504209	17372	0
85932101137281	17370	0
85932101137297	17368	0
85932637877121	17367	0
85932637877133	17366	0
85932637877201	17365	0
85932637878481	17364	0
85932637878483	17363	0
85932638180273	17361	0
85932638180305	17359	0
85932788216794	17357	0
85932789138394	17355	0
85936937759601	17353	0
85936937759613	17350	0
85936937759697	17347	0
85936937760721	17345	0
85936938378193	17343	0
85937038095317	17341	0
85937039016917	17339	0
85938129982449	17336	0
85938191299569	17334	0
85938191430609	17332	0
85941228106657	17331	0
85941228106673	17330	0
85941228106705	17328	0
85941228108497	17327	0
85941228108499	17326	0
85942426006417	17324	0
85944180917121	17323	0
85944180917137	17322	0
85944187614081	17320	0
85944187614097	17318	0
85946747810753	17316	0
85946747810769	17314	0
85948479427569	17312	0
85948479435713	17310	0
85948479435729	17308	0
85950997693393	17305	0
85950997693397	17303	0
85951013843921	17299	0
85951013843928	17297	0
85951026013137	17294	0
85951026013143	17293	0
85951042778033	17291	0
85951042778065	17288	0
85951042778074	17287	0
85951059129297	17286	0
85951059555281	17284	0
85951059555289	17283	0
85951059559377	17281	0
85951060607953	17278	0
85952770470833	17277	0
85952770470865	17276	0
85952770843521	17274	0
85952770843601	17273	0
85952770843608	17271	0
85952774403025	17268	0
85952775451601	30259	0
85952775451608	30251	0
85952937653208	17266	0
85952937653209	17265	0
85952938574808	17263	0
85952938574809	17262	0
85953043886961	17260	0
85953043887057	17258	0
85953043952593	17256	0
86177490109907	17255	0
86177582085591	17251	0
86177583133141	17250	0
86177583133143	17249	0
86177583134167	17246	0
86177600205237	17245	0
86177600205269	24327	0
86177600205274	24326	0
86181878100181	17242	0
86181878100183	17238	0
86181878101255	17234	0
86181878101261	17228	0
86181878101463	17223	0
86181895172277	17220	0
86181895172309	24319	0
86181895172314	24316	0
86185511711637	17215	0
86185776870389	17211	0
86185777001413	17209	0
86185777001429	17206	0
86186045436885	17201	0
86186046485461	17197	0
86186046489557	17194	0
86186169922517	17191	0
86186169922519	17188	0
86186169923031	17183	0
86186186994613	17180	0
86186186994645	29920	0
86186186994650	29918	0
86216103918289	17179	0
86216103918293	35416	0
86217320559895	17177	0
86217580332295	17176	0
86217588995335	17171	0
86221892058117	17166	0
86225900774871	17164	0
86225901823441	31907	0
86225901823447	31905	0
86225934939601	17162	0
86225935369681	31901	0
86226170258695	17157	0
86226170258896	36964	0
86226170258903	36963	0
86226203375056	17152	0
86226203805136	36948	0
86227921597911	17151	0
86227921663447	35409	0
86227922396631	35406	0
86227938440656	17149	0
86227938440663	38169	0
86227955021267	17147	0
86227955021271	17142	0
86227955942867	35403	0
86227955942871	35394	0
86246209586643	17141	0
86246319677880	17140	0
86246319677912	17139	0
86246319677914	17138	0
86250614644920	17135	0
86250614644952	17132	0
86250614644954	17130	0
86253961073656	17126	0
86254765339608	17122	0
86254765340733	17120	0
86254765958104	17117	0
86254765966293	17114	0
86254765966294	17111	0
86254905848760	17107	0
86254905848792	17103	0
86254905848794	17098	0
86254906467256	17095	0
86254906467288	17092	0
86254906467290	17090	0
86290611530760	17089	0
86294654846417	31897	0
86294923281872	36943	0
86314923522003	17088	0
86314923817683	17087	0
86314988532181	17086	0
86314988532183	17085	0
86314988835253	17084	0
86314988835255	17083	0
86314988835285	17082	0
86314988835287	17081	0
86319283499221	17074	0
86319283499223	17070	0
86319283802293	17067	0
86319283802295	17064	0
86319283802325	17061	0
86319283802327	17058	0
86322943128569	17055	0
86322943194105	17052	0
86322943325129	17050	0
86322943325145	17048	0
86322950043449	17046	0
86323211629561	17043	0
86323211629562	17040	0
86323211760585	17038	0
86323211760601	17036	0
86323211760602	17034	0
86323479901143	17030	0
86323480196057	17027	0
86323480196058	17025	0
86323480204215	17022	0
86323480204247	17019	0
86323575321557	17012	0
86323575321559	17008	0
86323575624629	17005	0
86323575624631	17002	0
86323575624661	16999	0
86323575624663	16996	0
86359280688133	16995	0
86359280688135	16994	0
86363372648409	16993	0
86363375597529	16992	0
86363376415449	16991	0
86363376415697	16989	0
86363376415705	16988	0
86363644850953	16986	0
86363644851152	16984	0
86363644851161	16983	0
86383439741429	23953	0
86383439741434	23950	0
86383439872453	16982	0
86383439872469	23946	0
86383439872474	23944	0
86383643294419	16981	0
86383708307893	16980	0
86383708307925	16979	0
86383708307930	16978	0
86383723412184	16976	0
86387734708469	23937	0
86387734708474	23932	0
86387734839493	16974	0
86387734839509	23926	0
86387734839514	23923	0
86388003274933	16971	0
86388003274965	16967	0
86388003274970	16964	0
86390857266136	16962	0
86390857376760	16959	0
86390857507784	16957	0
86390857507800	16955	0
86390857511896	16953	0
86390864192504	16947	0
86390864214584	16945	0
86391036171256	37789	0
86391036171258	37783	0
86391036179416	37776	0
86391036179418	37772	0
86391041885176	16944	0
86391041885178	16943	0
86391042016216	36319	0
86391042016218	36318	0
86391931106298	16940	0
86391931110394	16936	0
86391931237338	16934	0
86391931241434	16931	0
86391932158970	16926	0
86391932290010	16923	0
86392026530805	29336	0
86392026530810	29324	0
86392026661829	16921	0
86392026661845	29317	0
86392026661850	29314	0
86392042812360	16919	0
86392042812376	16916	0
86392042812378	16914	0
86392199672794	16912	0
86392199676890	16909	0
86392200725466	16906	0
86392295097269	16903	0
86392295097301	16899	0
86392295097306	16896	0
86392311247800	16893	0
86392311247832	16889	0
86392311247834	16887	0
86392311249464	16885	0
86392311249469	16882	0
86392311249624	16878	0
86406339593722	16876	0
86406339724762	16874	0
86406340642289	16873	0
86406340642298	16871	0
86406340773329	29632	0
86406340773338	29630	0
86406609077514	16866	0
86406609077744	16865	0
86406609077754	16864	0
86406609208586	16860	0
86406609208588	16859	0
86406609208784	36315	0
86406609208794	36314	0
86409108882929	16858	0
86409108882938	35383	0
86409109013953	16857	0
86409109013969	16856	0
86409109013978	35378	0
86409377449393	16855	0
86409377449425	16854	0
86409377449434	35373	0
86432041794264	16852	0
86432295127813	16848	0
86433805084113	16847	0
86433805084120	35369	0
86433806351064	16846	0
86433807149784	35367	0
86433807180753	16845	0
86433807180760	35363	0
86433839774419	16844	0
86433839774424	16839	0
86433840696019	35361	0
86433840696024	35355	0
86452364875219	16838	0
86452427354581	16837	0
86452427784661	16836	0
86452427788757	16835	0
86452427788759	16834	0
86452444565973	16833	0
86452444565974	16832	0
86452460777945	16831	0
86452461330905	16830	0
86456722321621	16824	0
86456722751701	16820	0
86456722755797	16817	0
86456722755799	16814	0
86456739533013	16811	0
86456739533014	16808	0
86456755744985	16804	0
86456756297945	16801	0
86459576988632	16798	0
86459576988633	16795	0
86459845424087	16792	0
86459845424089	16787	0
86459846472665	16783	0
86460919149529	16780	0
86460919157719	16778	0
86460921254869	16775	0
86461014143957	16769	0
86461014574037	16765	0
86461014578133	16762	0
86461014578135	16759	0
86461030700027	16756	0
86461030724568	16752	0
86461030724569	16749	0
86461031355349	16746	0
86461031355350	16743	0
86461047501785	16739	0
86461047567321	16736	0
86461048120281	16733	0
86461053338583	16731	0
86461053338585	37430	0
86475008882137	16729	0
86475009930705	29626	0
86475009930713	29624	0
86475278185737	16728	0
86475278365961	16727	0
86475278366160	36306	0
86475278366169	36305	0
86475278370057	16726	0
86478096926161	16725	0
86478096930257	16724	0
86478227240409	35348	0
86478227973593	35346	0
86478230062553	35339	0
86478230189529	16723	0
86478231111129	35337	0
86478231115225	38167	0
86482391897553	16722	0
86482391897809	16721	0
86482393994193	16720	0
86482426591443	16714	0
86482426591699	16712	0
86482427513043	35322	0
86482427513299	35319	0
86520341971333	16711	0
86524636938373	16708	0
86528296330232	16704	0
86528296461196	16701	0
86528296461272	16698	0
86528928760709	16695	0
86543729272305	31891	0
86543729403345	31887	0
86543997707760	36912	0
86543997838604	16690	0
86543997838800	36906	0
86543997846793	16689	0
86543997846794	16684	0
86544014624008	16683	0
86544014624010	16678	0
86546011112833	16677	0
86548309591306	16676	0
86548309591562	16675	0
86548311687946	16673	0
86552554227973	16672	0
86889809712523	16671	0
86890279474633	16670	0
86890564687288	23406	0
86890816083407	16668	0
86890832926184	16667	0
86898835855813	16666	0
86899372530149	16665	0
86959008712111	16663	0
86959543485929	16662	0
87029129601921	30230	0
87029129847681	16660	0
87032149742513	33872	0
87037719770017	16659	0
87040739668897	16658	0
87040739668913	16657	0
87041937630097	32627	0
87042014737297	16655	0
87043699237761	31722	0
87043699237777	31717	0
87046259372993	31036	0
87047991059393	16653	0
87052282094513	16652	0
87052555510641	16650	0
87054821463009	32568	0
87056580981729	29491	0
87277111767477	23529	0
87277380006373	23869	0
87280383091975	38204	4
87281406734517	23523	0
87281674973413	35806	0
87285288563653	30820	0
87285698556853	28508	0
87285966795749	29201	0
87316832183575	23760	0
87317100619015	38204	4
87321403620357	36688	0
87345831240120	23389	0
87346099479016	16649	0
87350126207160	23383	0
87350394446056	16646	0
87354011648943	16642	0
87354418029496	28329	0
87354686268392	16639	0
87354702660559	16636	0
87354702660587	29155	0
87390123093000	16635	0
87414500397493	23379	0
87414500397495	23378	0
87414776500711	37723	0
87418795364533	23372	0
87418795364535	23369	0
87422454756329	16633	0
87422454887369	16631	0
87422461667129	16630	0
87422723322825	16628	0
87422991766455	33854	0
87423087186869	28320	0
87423087186871	28316	0
87423259931599	16626	0
87458792250373	16625	0
87458792250375	16624	0
87482951434693	23604	0
87483219870133	23600	0
87483488109029	37202	0
87486273332488	37613	0
87486275429128	16623	0
87487246401733	23594	0
87487514837173	23588	0
87487783076069	37188	0
87490369070024	16621	0
87490375838264	30177	0
87490564563944	34276	0
87490570396424	16620	0
87491538224069	28641	0
87491554436040	33940	0
87491806659509	28634	0
87492074898405	29295	0
87492091290568	34264	0
87492091290575	34262	0
87492091290600	34258	0
87506120705290	16618	0
87506120770826	16617	0
87506137548042	16616	0
87506137548043	16615	0
87506137556232	16614	0
87508620576193	16613	0
87508889011633	16612	0
87509157250529	16611	0
87559096349583	16608	0
87559284056971	33930	0
87559284058427	33919	0
87559289832331	16607	0
87559364785023	16605	0
87559552492411	33911	0
87560542327787	28492	0
87560810763215	16603	0
87560810763243	16601	0
87574531257625	24112	0
87574531257631	24110	0
87574789928201	16600	0
87574799693065	24101	0
87574799693071	24097	0
87574857024779	16599	0
87574857028875	16598	0
87579151996171	16597	0
87579151996427	16596	0
87579154092811	16594	0
87629530244072	34531	0
87646617708000	37463	0
87646634288611	31872	0
87655221077987	16593	0
87696527250319	16591	0
87696689451915	34518	0
87696689451919	34514	0
87696689456011	34506	0
87696695231371	36899	0
87697444426655	16588	0
87712228627727	16584	0
87712228881673	16583	0
87712245658888	16582	0
87712262423819	16581	0
88453195494936	38204	13
88485709843222	16580	0
88489913021976	38204	13
88489915110936	38219	0
88494216023318	30491	0
88498505037336	32612	0
88507092874776	32601	0
88507100728854	30498	0
88527244498121	16579	0
88562935495961	16578	0
88562946309401	16577	0
88569271123033	16576	0
88573562945369	16575	0
88575820201497	16574	0
88577857912409	16573	0
88591207072794	16572	0
88592213705754	16571	0
88595502040090	16570	0
88596508673050	16569	0
88631604653334	16568	0
88631604653336	16567	0
88631615466776	16566	0
88635028376548	16565	0
88640202256152	32487	0
88642544570308	16564	0
88644497223192	32481	0
88647107972788	16563	0
88659085735449	31503	0
88659087832089	16562	0
88660889744409	22382	0
88663382799385	16561	0
88664649897161	16560	0
88664649898825	16559	0
88665184672585	31306	0
88665184711705	31301	0
88678933108251	16558	0
88678933173787	16557	0
88678943987227	30040	0
88678943987229	29985	0
88678949951003	16556	0
88678949951004	16555	0
88678949959193	16554	0
88678966531615	16553	0
88681745585860	16552	0
88682421917419	23755	0
88704646820889	16551	0
88709000371995	22217	0
88713208831510	30515	0
88713234658329	32155	0
88729074443292	16550	0
88732102235292	16549	0
88733369410588	16548	0
88747602331162	16547	0
88747612096026	32451	0
88747613144602	20995	0
88747613148698	20752	0
88747669427740	16546	0
88747669431836	16545	0
88751091074794	23752	0
88751964399132	16544	0
88751964399388	16543	0
88751966495772	16542	0
88755287476708	23748	0
88777633156886	16541	0
88777666580250	16540	0
88779178233748	16539	0
88782032643612	29433	0
88797094663707	22322	0
88816332617245	32319	0
88816332625434	20747	0
88816332625435	32315	0
88816349402649	36595	0
88816349402651	36592	0
88816410211869	38373	11
88816410211871	38395	0
88816426989085	28583	0
88816426989086	28582	0
88816426997275	29975	0
88818379249300	23257	0
88818379249755	23254	0
88819446691572	38534	0
88819715127012	24940	0
88820644369947	30088	0
88820644370203	20742	0
88828033480948	16538	0
88828301916388	16537	0
88850697868827	16536	0
88852192673428	24935	0
88865283425310	22394	0
88867072427550	27461	0
88869507634332	16535	0
88869574481054	16534	0
88869578349646	16533	0
88869578392606	16532	0
88885041284634	16531	0
88885058061849	16530	0
88885074826780	16529	0
88885146465822	29261	0
88885146469918	27602	0
88885147518494	27580	0
88885147519006	27446	0
88888435656798	24556	0
88889442485790	27744	0
88889442486046	27439	0
88898026326302	16528	0
88898029275422	16527	0
88898030323230	16526	0
88933946553885	16525	0
88933948650525	16524	0
88938243617821	16523	0
88953777354265	16522	0
88953810777629	16521	0
88953810778141	16520	0
88953815627291	28576	0
88953815627293	38121	0
88956080355012	16519	0
88956349839453	16518	0
88960372177348	16517	0
88962316958230	16516	0
88964935579828	16515	0
88966695483677	16514	0
88966698432797	16513	0
88966699480605	16512	0
88972451773588	16511	0
89006979880094	16510	0
89022487914010	32956	0
89022535099931	30034	0
89022551864862	29255	0
89024534537876	23745	0
89024799827652	23740	0
89029091649988	26076	0
89043921136406	16509	0
89557042255400	16508	0
89557846492374	16507	0
89558020195880	16506	0
89558036284614	16505	0
89558554293800	16504	0
89592914249256	16503	0
89599992137256	16502	0
89608541644296	16501	0
89626755757257	16500	0
89626756121801	16499	0
89694996038863	16498	0
89695012816090	16497	0
89695013636138	16496	0
89695013667850	16495	0
89695281251518	16494	0
89695281251546	16493	0
89695424914630	16492	0
89695424914632	16491	0
89695690204406	16490	0
89695690204408	16489	0
89695751013594	16488	0
89695751013626	16487	0
89695751013628	16486	0
89696019449050	16485	0
89696019449066	16484	0
89696020269098	16483	0
89696020300810	16482	0
89696036226282	16481	0
89696036226283	16480	0
89696036234472	16479	0
89762893444345	16478	0
89762894427145	16477	0
89762926998745	16476	0
89762927807273	16475	0
89764144387270	16474	0
89764161520841	16473	0
89764161522473	16472	0
89764161522505	16471	0
89764696296233	38064	0
89764696296265	38062	0
89764696339465	38001	9
89764755703019	16470	0
89764755707115	16469	0
89764756755691	16468	0
89781932431083	16467	0
89781933479659	16466	0
89805876802569	16465	0
89814433182729	38001	10
89831612937372	16464	0
89831612938796	16463	0
89831613858972	16462	0
89831613860396	16461	0
89831629702303	16460	0
89831646479518	16459	0
89832881038348	16458	0
89833424864488	16457	0
89833424864490	16456	0
89850066707978	16455	0
89850066707980	16454	0
89850077513258	16453	0
89850077513260	16452	0
89850601588458	16451	0
89850602637034	16450	0
89850603447818	16449	0
89900349174941	16448	0
89900349174943	16447	0
89900365952157	16446	0
89900365952158	16445	0
89900778050710	16444	0
89900902832171	16443	0
89900904928811	16442	0
89901875901688	16441	0
89901892666619	16440	0
89902144337128	16439	0
89902161102059	16438	0
89902161104171	16437	0
89969018332316	16436	0
89969018336412	16435	0
89969019258012	16434	0
89969085428894	16433	0
89969085432990	16432	0
89969085433006	16431	0
89969086041134	16430	0
89969086104734	16429	0
89969089627262	16428	0
89969089627694	16427	0
89969089973294	16426	0
89969089973326	16425	0
89969090020366	16424	0
89969353868462	16423	0
89969354917038	16422	0
89969890722990	16421	0
89987073967660	16420	0
89987073967662	16419	0
89988042270222	16418	0
89992355562510	21419	0
90037737804959	16417	0
90037737813148	16416	0
90037737813149	16415	0
90037754590365	16414	0
90037754590381	16413	0
90037755186989	16412	0
90037755245581	16411	0
90038023025837	16410	0
90038024074413	16409	0
90038778000568	16408	0
90106457285788	16407	0
90106490827934	16406	0
90106491503774	16405	0
90106933339286	16404	0
90124944352782	16403	0
90643628815896	16402	0
90643669177880	16401	0
90643669243416	16400	0
90644646934040	16399	0
90645181216280	16398	0
90645181281816	16397	0
90684196227862	16396	0
90688399341080	16395	0
90688399406616	16394	0
90688401430040	16393	0
90688401495576	16392	0
90692702407958	16391	0
90692713155862	16390	0
90696991356440	16389	0
90696991421976	16388	0
90697086766102	16387	0
90705579193880	16386	0
90705579259416	16385	0
90705587113494	16384	0
90761421880601	16383	0
90761432628505	16382	0
90761432628569	16381	0
90761432694041	16380	0
90761432808729	16379	0
90765443431769	16378	0
90768480107609	16377	0
90774306586137	16376	0
90781640374298	16375	0
90781640393754	16374	0
90782647007258	16373	0
90782647026714	16372	0
90830091037974	16371	0
90830091037976	16370	0
90830101785878	16369	0
90830101785880	16368	0
90830101785944	16367	0
90830101851416	16366	0
90830209780511	16365	0
90830226557726	16364	0
90834112589144	16363	0
90834454416922	16362	0
90834454417178	16361	0
90834454444058	16360	0
90834464028698	16359	0
90834521525274	16358	0
90838688575254	16357	0
90838688575256	16356	0
90838688575320	16355	0
90838688640792	16354	0
90838749384474	16353	0
90838749384476	16352	0
90838766161690	16351	0
90838766161691	16350	0
90838766169880	16349	0
90842983542294	16348	0
90842983542296	16347	0
90842983542360	16346	0
90842983607832	16345	0
90843044351514	16344	0
90843044351516	16343	0
90843044370458	16342	0
90849519056409	16341	0
90849521153049	16340	0
90849554545433	16339	0
90850788260633	16338	0
90851323034393	21708	0
90851323065369	21704	0
90877419492891	16337	0
90877419558427	16336	0
90877430306331	16335	0
90877430306333	16334	0
90877430371867	16333	0
90877430371869	16332	0
90877436335643	16331	0
90877436335644	16330	0
90877436343833	16329	0
90877452916255	16328	0
90881441109739	16327	0
90881441175275	16326	0
90881445107435	16325	0
90881445172971	37214	3
90903116225558	16324	0
90903133174553	16323	0
90903133174809	16322	0
90903133205529	16321	0
90907485638427	16320	0
90907485642523	16319	0
90907486691099	16318	0
90907486756635	16317	0
90911695216150	16316	0
90911721011993	38565	0
90911721042969	38560	0
90914911657563	16315	0
90918239861276	16314	0
90918240598556	16313	0
90919507764252	16312	0
90946088715802	16311	0
90946098415130	16310	0
90946098480666	16309	0
90946099463706	16308	0
90946099467802	16307	0
90946099529242	16306	0
90946099533338	16305	0
90946155812380	16304	0
90946155816476	16303	0
90950110267114	16302	0
90950110332650	16301	0
90950114264810	16300	0
90950114330346	36193	0
90950450783772	16299	0
90950450784028	16298	0
90950452115740	16297	0
90950452115996	16296	0
90950452853020	16295	0
90950452853276	16294	0
90950452880412	16293	0
90950468880671	16292	0
90950485657886	16291	0
90976119541526	16290	0
90976152964890	16289	0
90976154799896	16288	0
90976154799898	16287	0
90980518962716	16286	0
90980519028252	16285	0
90987527984667	16284	0
90987529754651	16283	0
90987531851291	16282	0
90987531916827	16281	0
90988788026651	16280	0
91014818936349	16279	0
91014818944538	16278	0
91014818944539	16277	0
91014819001885	16276	0
91014819010074	16275	0
91014819010075	16274	0
91014835721753	16273	0
91014835721755	16272	0
91014835787289	16271	0
91014835787291	16270	0
91014896530973	28429	0
91014896530975	28427	0
91014896596509	38368	0
91014896596511	38363	0
91014913308189	16269	0
91014913308190	16268	0
91014913316379	16267	0
91014913373725	16266	0
91014913373726	16265	0
91014913381915	16264	0
91017588234331	16263	0
91019121999131	16262	0
91019130689051	16261	0
91019130689307	16260	0
91019130754587	16259	0
91019130754843	16258	0
91019205138715	16257	0
91023375325718	16256	0
91023483320349	16255	0
91023483320351	16254	0
91023500097565	16253	0
91023500097566	16252	0
91023500105755	16251	0
91049169239576	16250	0
91049184253467	16249	0
91049186004251	16248	0
91049186004507	16247	0
91055712779294	16246	0
91055716550174	16245	0
91055716615710	16244	0
91055716711454	16243	0
91055716746270	16242	0
91057505748510	16241	0
91083527669274	16240	0
91083544446489	16239	0
91083561211420	16238	0
91083632784926	16237	0
91083632789022	16236	0
91083632850462	16235	0
91083632854558	16234	0
91083633837598	16233	0
91083633838110	16232	0
91083633838174	16231	0
91083633903134	16230	0
91083633903646	16229	0
91087924611358	16228	0
91087925098782	16227	0
91087928804894	16226	0
91087928805150	16225	0
91087928870430	16224	0
91087928870686	16223	0
91092152477724	16222	0
91092152481820	16221	0
91092153219100	16220	0
91092219574302	16219	0
91092219578398	16218	0
91096512710942	16217	0
91096514530078	16216	0
91096514530334	16215	0
91096514545694	16214	0
91096514545950	16213	0
91096515594526	16212	0
91096515660062	16211	0
91096516642334	16210	0
91096516707870	16209	0
91124379874845	16208	0
91124381925149	16207	0
91124381971485	16206	0
91152263738905	16205	0
91152297162269	16204	0
91152297162781	16203	0
91152301946395	16202	0
91152301946397	16201	0
91152302011931	16200	0
91152302011933	16199	0
91156593749789	16198	0
91156593768731	16197	0
91156593768733	16196	0
91160803342870	16195	0
91160871950367	16194	0
91160871958556	16193	0
91160871958557	16192	0
91160888735771	16191	0
91160888735773	16190	0
91164019784285	16189	0
91165181868317	16188	0
91165183676189	16187	0
91165183703069	16186	0
91165183703325	16185	0
91165184751901	16184	0
91165184817437	16183	0
91165185799709	16182	0
91165185865245	16181	0
91169428339736	16180	0
91220974233114	16179	0
91220974298650	16178	0
91221021419035	16177	0
91221021484571	16176	0
91221038183966	16175	0
91221038249502	16174	0
91225313241371	16173	0
91225330497822	16172	0
91229530614294	16171	0
91229591431196	16170	0
91229608208411	16169	0
91229624973342	16168	0
91242407521046	16167	0
96772817884316	16165	0
96772817884344	16164	0
96772834464927	16162	0
96772851307704	16161	0
96772857140382	16160	0
96772857205918	16159	0
96773102703823	38494	14
96773387916478	16157	0
96773857678588	16155	0
96812646603748	26864	0
96815591750801	16153	0
96815608700052	26858	0
96819883573137	16151	0
96819900522388	26850	0
96820162797508	26847	0
96824178540177	16150	0
96824189525652	26844	0
96824195489428	26840	0
96824726199988	26837	0
96872248576850	16148	0
96872783350610	16147	0
96877078317650	16145	0
96881366076386	16143	0
96881366076388	16141	0
96881370139986	16138	0
96884328107154	16136	0
96884328172626	16134	0
96884328172690	16132	0
96884328172692	16130	0
96884517964946	16129	0
96884517973136	16127	0
96888619929490	16125	0
96888619994962	16123	0
96888619995026	16121	0
96888619995028	16119	0
96888882270146	16117	0
96888882270148	16115	0
96892908998290	16114	0
96892908998292	16112	0
96892914896530	16111	0
96892914962002	16110	0
96892914962066	16109	0
96892914962068	16108	0
96893445672626	16106	0
96893445672628	16104	0
96893449735762	16102	0
96940917734225	16100	0
96941452507985	16099	0
96945747475025	16097	0
96950035233761	16095	0
96950039297361	16092	0
96950559390801	16091	0
96952997149841	16089	0
96952997264529	16087	0
96952997330001	16085	0
96952997330065	16083	0
96957288972177	16081	0
96957289086865	16079	0
96957289152337	16077	0
96957289152401	16075	0
96957551427521	16073	0
96961578155665	16072	0
96961583939217	16071	0
96961584053905	16070	0
96961584119377	16069	0
96961584119441	16068	0
96962114830001	16066	0
96962118893137	16064	0
97018754706404	35307	0
97021716802708	35298	0
97021952732308	35292	0
97026008625044	35284	0
97026270900164	35279	0
97030297628308	35274	0
97030303592084	35270	0
97030834302644	35267	0
97520788676700	16061	0
97521316249828	16058	0
97526047437852	16055	0
97526047806492	16054	0
97526047810584	16053	0
97526047810588	16051	0
97526064202783	16048	0
97526080979998	16045	0
97526081233944	16044	0
97529855853793	28918	0
97529872631008	36186	0
97573124296468	26831	0
97588702859355	16041	0
97588702859412	16040	0
97597242397841	28023	0
97597242463377	28020	0
97597259175056	35927	0
97597259240592	35924	0
97597478392411	16039	0
97653317119134	16038	0
97658759266398	16035	0
97661907045534	16032	0
97663452832796	37398	0
97663452836892	16030	0
97663453205532	16029	0
97663519933470	16026	0
97663523931166	16023	0
97663523996254	30428	0
97663523996702	16021	0
97693580313758	16020	0
97693580379294	16019	0
97693582475934	26829	0
97693584245918	16018	0
97694114938014	16017	0
97694114956958	16016	0
97694115087518	16015	0
97694115153054	16014	0
97694118870174	16013	0
97694118889118	16012	0
97694119346334	38159	0
97694120985758	16009	0
97697357311134	35262	0
97697359119518	16008	0
97726132711572	16004	0
97726400950468	16001	0
97726669385908	15998	0
97726673449053	15995	0
97732172305439	15993	0
97732172313628	15991	0
97732172313629	15989	0
97732189090845	15986	0
97732189156381	15983	0
97734672315537	15979	0
97734689092752	15975	0
97734940554433	15972	0
97734957331648	15969	0
97735208989873	15966	0
97735225767088	15963	0
97762249471133	15962	0
97762249536669	15961	0
97762251633309	26827	0
97762253403293	15960	0
97762784083869	15959	0
97762784114333	15958	0
97762784244893	15957	0
97762784310429	15956	0
97762788016029	15955	0
97762788046493	15954	0
97762788503709	38154	0
97762790143133	15951	0
97794858147988	15950	0
97795120423108	15947	0
97800891786268	30833	0
97803397686417	28909	0
97803397751953	28906	0
97803414463632	36183	0
97803414529168	36180	0
97803660027073	28901	0
97803676804288	36172	0
97839412275988	26823	0
97872631399585	15946	0
97889599944353	38204	13
97890138891969	28158	0
97890156025540	26816	0
97890404181745	29029	0
97904539268769	38204	14
97904541795489	15944	0
97904572815009	29763	0
97907870537380	26811	0
97923976664740	26808	0
97958528616098	15943	0
97958528624288	15941	0
97958796854994	21247	0
97958796863184	38512	0
97958875498178	15939	0
97958875498180	15937	0
97959551829730	15936	0
97959551837920	15934	0
97976590010018	15932	0
97976590010020	15930	0
97992696137378	15928	0
97992696137380	15926	0
98027005343393	15924	0
98027544291009	15923	0
98027544655553	15921	0
98027809580785	15920	0
98041443877793	15919	0
98041443878049	15917	0
98045259167393	15915	0
98061365294753	15913	0
98065904927140	15912	0
98065904927396	15911	0
98065904927770	15910	0
98065904927906	15909	0
98095963383460	35258	0
98096231622356	35254	0
98096264128196	35249	0
98096986597092	35246	0
98110163354276	15907	0
98110163354785	15905	0
98110163354786	15903	0
98110431790240	15901	0
98110431790242	15899	0
98113978640036	35243	0
98130084767396	35240	0
98711300134420	26804	0
98753097246382	15898	0
98753099039150	15897	0
98757193466020	15895	0
98761687172782	15892	0
98762509305518	22388	0
98763031675934	15891	0
98765733069985	15889	0
98765749847200	15887	0
98765983744686	15886	0
98765983745198	15885	0
98780741682862	21407	0
98780745615022	30413	0
98783984233614	35233	0
98830155052717	15882	0
98830423488173	15879	0
98831700784157	15876	0
98831701832733	15873	0
98848876459149	15872	0
98848878555789	26799	0
98848878556701	26793	0
98849145943565	15870	0
98849146992141	15863	0
98849410821997	21403	0
98849410822029	21396	0
98849410840237	21390	0
98849411232909	15859	0
98849411233341	15857	0
98849414754189	30403	0
98849414772397	30397	0
98849415426189	38138	0
98849415427597	38129	0
98849415427613	38106	0
98851898404749	35228	0
98894632288420	15854	0
98900437074974	15853	0
98903171892385	15850	0
98903188669600	15847	0
98934796223662	15846	0
98935332963502	15845	0
98971304006814	36375	0
98971304006815	15844	0
98971304064145	15843	0
98971304268956	15842	0
98971304309905	15841	0
98971320784031	15840	0
98971320849567	15839	0
98971337561246	15838	0
98971343525022	25848	0
98972285342902	25367	0
98972286391478	25422	0
98972411172030	15836	0
98972554826934	15835	0
98972554826950	15834	0
98972554957974	23865	0
98972820116726	15832	0
98986871223953	15831	0
98986871461553	15830	0
98986871469713	15829	0
98986904884913	15828	0
98989381031601	34224	0
98989382080177	20721	0
98989650515633	15827	0
98989650515649	15826	0
98989667718804	26789	0
98989915805425	15825	0
98990185297553	32277	0
98991166191249	15824	0
98991166437009	15823	0
98991168287889	29404	0
98991168533649	27717	0
98993953251220	26785	0
98993962686100	26783	0
98994480264849	33506	0
98994490121620	26780	0
99009791204756	26777	0
99014078150289	15821	0
99018380877204	35637	0
99018380877716	35633	0
99022665987729	33500	0
99022675844500	35668	0
99022675844756	35665	0
99022675910292	26770	0
99023733431985	29105	0
99023749455540	26765	0
99023813418677	26763	0
99023813418678	26762	0
99023814467254	26760	0
99023814471350	15820	0
99058387191442	15819	0
99058387191444	15818	0
99058387191890	15817	0
99062672723858	25922	0
99062672723860	25920	0
99062682158738	15816	0
99062682158740	15815	0
99063209594258	15813	0
99063209594260	15811	0
99078510677394	15810	0
99078510677396	15808	0
99078519524754	15807	0
99082814491794	15805	0
99082814533778	15803	0
99087100349842	15801	0
99087100349844	15799	0
99087100350354	15797	0
99087100350356	15795	0
99087106314130	15792	0
99091395317138	15791	0
99091395317140	15790	0
99091395317394	15789	0
99091395317396	15788	0
99091395382930	15787	0
99091395382932	15786	0
99091401281170	15785	0
99091402371218	38315	0
99091560990354	15784	0
99091560998544	15782	0
99091563086994	15781	0
99092468928178	15779	0
99092468928180	15777	0
99092533939890	15776	0
99092533939894	15774	0
99092533948080	15772	0
99092533948086	15771	0
99126786430641	15769	0
99126787479217	15767	0
99127055914673	15766	0
99127055914689	15765	0
99127056348817	15764	0
99127056349265	15763	0
99127321204465	15762	0
99127590696593	15761	0
99128070370193	15760	0
99128070370449	15758	0
99128070615953	15757	0
99128070616209	15755	0
99131341881233	33254	0
99131351316113	15754	0
99131878751633	15752	0
99131885663889	15751	0
99145158835537	15750	0
99147179834769	15749	0
99147188682129	15748	0
99149453802577	15746	0
99151483549329	15744	0
99151483649169	15742	0
99151483679633	15741	0
99151483679889	15739	0
99153745624913	15736	0
99155769507217	15734	0
99155769507729	15732	0
99155775471505	15729	0
99158040591953	15728	0
99160064474513	15727	0
99160064474769	15726	0
99160064540305	15725	0
99160070438545	15724	0
99160071386769	27638	0
99160071517073	27632	0
99160071517329	27627	0
99161138085553	15722	0
99161138831025	15720	0
99164577591700	15719	0
99164577591956	15718	0
99164577592466	15717	0
99164577837460	15716	0
99164577837716	15715	0
99164577838105	15714	0
99164577838226	15713	0
99195775821460	35222	0
99196789846676	15711	0
99196789847185	15709	0
99196789847186	15707	0
99196790092436	15705	0
99196790092945	15703	0
99196790092946	15701	0
99197058282640	35914	0
99197058282642	35899	0
99197058528400	38097	0
99197058528402	38001	9
99200061353876	35215	0
99200070788756	35213	0
99200598224276	35210	0
99215899307412	35205	0
99220203156625	15699	0
99220203156626	35197	0
99220219933840	15697	0
99220219933842	37993	0
99220439086226	35190	0
99220444983956	15696	0
99224488979860	35185	0
99224488980372	35180	0
99228783947156	35177	0
99228783947412	35175	0
99228784012948	35173	0
99228790994065	38055	0
99228790994066	38052	0
99228807771280	38031	0
99228807771282	38001	9
99228995466386	35165	0
99228995757716	35162	0
99229001364116	15695	0
99229002040466	35153	0
99229857558196	35150	0
99229968707252	35147	0
99229968707253	35146	0
99229968707254	35145	0
99440560514750	15694	0
99449150441150	15692	0
99489394497215	15691	0
99489398429375	15690	0
99489411274430	15689	0
99489415206590	15688	0
99492653770430	35143	0
99504733367990	35136	0
99851801375902	15687	0
99851801379998	15686	0
99851802423710	15685	0
99851802427806	15684	0
99851803764382	15683	0
99851805372830	15682	0
99851805376926	15681	0
99855899549844	15680	0
99855899553940	15679	0
99855899799700	15678	0
99855899803796	15677	0
99856097390750	15674	0
99856097394846	15671	0
99856100831390	15670	0
99860389213086	15669	0
99860389213342	15666	0
99860389217182	15665	0
99860389217438	15662	0
99860393690782	15659	0
99860395787166	15658	0
99860395787422	15657	0
99862543189022	15655	0
99862543303710	15654	0
99864439153809	36454	0
99864439157905	15653	0
99864439403665	15652	0
99864439407761	15651	0
99864455931024	35773	0
99864455935120	15650	0
99864456180880	15649	0
99864456184976	15648	0
99864684180126	15647	0
99864684180638	15644	0
99864684184222	15643	0
99864684184734	15640	0
99864685229214	37886	0
99864685233310	37880	0
99864690078366	15639	0
99864690078878	15638	0
99864690082462	15637	0
99864690082974	15636	0
99864690754718	15635	0
99864690758814	37878	0
99866429211230	15634	0
99880253298366	15633	0
99880253299822	15632	0
99880253306526	15631	0
99880253310622	15630	0
99880257230526	15629	0
99880257238686	15628	0
99880257242782	15627	0
99883495925406	35134	0
99884017562782	15626	0
99884017566878	15625	0
99884548273822	15624	0
99884548277918	15623	0
99884552205982	15622	0
99884552210078	15621	0
99884554302622	15617	0
99884554306718	15614	0
99887790892702	35132	0
99887792436382	15613	0
99887792440478	15612	0
99921460589750	15611	0
99921461637557	15610	0
99921461637558	15609	0
99921462636470	15608	0
99921462686134	15607	0
99921462686390	15606	0
99924619030676	15605	0
99924619096212	15604	0
99925692641460	15602	0
99925756604597	15601	0
99925756604598	15600	0
99925757653174	15597	0
99925757653686	15596	0
99930048426933	15595	0
99930048426934	15594	0
99930048427190	15591	0
99930052562870	15589	0
99930052620470	15586	0
99930052620726	15585	0
99933158634641	15584	0
99933158700177	15583	0
99933175411856	15582	0
99933175477392	15581	0
99934232245425	15579	0
99934249022640	15577	0
99934343393885	15576	0
99934343393973	15575	0
99934343393974	15574	0
99934343394486	15571	0
99934344443062	37863	0
99955706623133	15570	0
99989206774942	33298	0
99989207822750	25940	0
99989209163422	15569	0
99989210771870	24083	0
99990182112950	15568	0
99993338503316	15567	0
99993502789790	36803	0
99993506230430	15566	0
99997794612126	33293	0
99997794612382	38588	0
99997799089822	15564	0
99997801186206	15563	0
99997801186462	15562	0
99998772039350	15560	0
99999854224406	32429	0
99999948702750	15559	0
100001878107281	28874	0
100001884071057	28869	0
100001894884496	36161	0
100001900848272	36149	0
100002089579166	33288	0
100002089579678	36037	0
100002090628254	37892	10
100002095477406	29602	0
100002095477918	29599	0
100002096153758	15558	0
100002096157854	37920	0
100017658697406	21152	0
100017658705566	21149	0
100017662629566	29596	0
100017662637726	29593	0
100020398007966	35130	0
100021422961822	29589	0
100021953672862	37455	0
100021957605022	29586	0
100021959701662	38488	0
100024692975262	35128	0
100038498444470	15557	0
100038500541110	26758	0
100039033218230	15556	0
100039036804790	32757	0
100039037411510	37860	0
100070832346319	25165	0
100070832477343	15555	0
100070832477359	15554	0
100071100912815	15552	0
100071101961391	15550	0
100072066454726	15549	0
100072066520262	15548	0
100072083035337	15547	0
100072083071308	15546	0
100072083072193	15545	0
100072083297478	15544	0
100072083297479	15543	0
100089162143425	15542	0
100089162147521	15541	0
100089173317316	26754	0
100089179281092	26751	0
100089179281604	26748	0
100089179281605	26747	0
100089441556212	26743	0
100089692735201	32879	0
100089709991652	26739	0
100093457114817	15540	0
100093457115073	15539	0
100093465139652	26735	0
100093733378548	26732	0
100094001813988	26729	0
100097760106692	26726	0
100098028345588	26722	0
100098296781028	26719	0
100112079955137	21864	0
100112189925057	27759	0
100113597472708	26717	0
100113606907588	26714	0
100117892440004	26709	0
100118144798625	15537	0
100122187538068	26707	0
100122187538084	26705	0
100122455973540	26702	0
100122457022116	26700	0
100122457022117	26699	0
100157892789954	15534	0
100157892789956	15531	0
100157898753730	15529	0
100157898753732	15527	0
100157898754130	15526	0
100157898754242	15524	0
100157898754244	15523	0
100157898754245	15522	0
100158161028850	15519	0
100158161028852	15516	0
100158429464290	15513	0
100158429464292	15510	0
100158433527890	15508	0
100162184612290	15506	0
100162184612292	15504	0
100162184650946	15502	0
100162184650948	15500	0
100162452851186	15498	0
100162452851188	15496	0
100162721286626	15494	0
100162721286628	15492	0
100166479579330	15491	0
100166479579332	15489	0
100166488426690	15488	0
100166747818226	15487	0
100166747818228	15485	0
100167016253666	15484	0
100167016253668	15482	0
100182316945346	15481	0
100182316945348	15480	0
100182317002946	15479	0
100182317002948	15478	0
100182326380226	15476	0
100182326380228	15474	0
100182516172482	15473	0
100182516180672	15471	0
100182518269122	15470	0
100186611912642	15469	0
100186611912644	15468	0
100190907010706	15467	0
100190907010708	15466	0
100190907010722	15465	0
100190907010724	15464	0
100191175446178	15462	0
100191175446180	15460	0
100191176494754	15458	0
100191176494756	15457	0
100191176494757	15456	0
100226561947329	15453	0
100226567542465	15452	0
100226567546561	15451	0
100226567911105	15449	0
100226567911505	15448	0
100226567911617	15446	0
100226567911621	15445	0
100226830186225	15442	0
100227098134241	15440	0
100227098621665	15437	0
100227102685265	15435	0
100230853769665	15433	0
100230853796801	15432	0
100230853797057	15430	0
100230862513857	15429	0
100230862514113	15428	0
100231122008561	15426	0
100231390444001	15424	0
100235148736705	15423	0
100235157584065	15422	0
100235416975601	15421	0
100235685411041	15420	0
100248982037441	15419	0
100248982037697	15417	0
100249090275521	15416	0
100249092007617	15414	0
100250986102721	15413	0
100250986148801	15412	0
100250986149057	15411	0
100250995537601	15409	0
100255281070017	15408	0
100255550197665	15406	0
100259576168081	15405	0
100259576168097	15404	0
100259844603553	15402	0
100259845652129	15400	0
100259845652133	15399	0
100265356600348	15398	0
100265356600514	15397	0
100295281419972	35118	0
100295287383748	35115	0
100295287384260	35112	0
100295287384261	35111	0
100295549658868	35101	0
100295818094308	35097	0
100299573242308	35090	0
100299573273793	15395	0
100299573273794	35084	0
100299590051008	15393	0
100299590051010	37845	0
100299841481204	35078	0
100300109916644	35075	0
100303868209348	35069	0
100304136448244	35062	0
100304404883684	35059	0
100317701514433	15391	0
100317701514434	15389	0
100317969949888	36891	0
100317969949890	36886	0
100319705575364	35057	0
100319705625793	15388	0
100319705625794	35055	0
100319715010244	35049	0
100319722403008	15387	0
100319722403010	37843	0
100319950939844	35045	0
100319957222594	35040	0
100324000542660	35038	0
100328295640724	35036	0
100328295640740	35034	0
100328564076196	35031	0
100328565124772	35029	0
100328565124773	35028	0
100539250255535	15386	0
100540133713608	28187	0
100547840181935	15384	0
100548679280328	20543	0
100593217873608	21857	0
100593221805768	31861	0
100594894505672	35021	0
100603439884008	35018	0
100603439885990	35016	0
100613165314244	15383	0
100613165314245	15379	0
100617409950661	15378	0
100621704664257	15377	0
100621704668353	15376	0
100621704918209	15375	0
100621721441472	15374	0
100621721445568	15373	0
100621721695424	15372	0
101024130592964	15371	0
101024130723988	15370	0
101024130724004	15369	0
101024399159460	15366	0
101024400208036	15365	0
101024400208037	15361	0
101028644844453	15360	0
101032670196929	15359	0
101032670327953	15358	0
101032670327969	15357	0
101032686974144	15356	0
101032687105168	15355	0
101032687105184	15354	0
101032938763425	15351	0
101032939812001	15348	0
101032955540640	15345	0
101032956589216	15342	0
101047756191252	26692	0
101052048013588	26688	0
101056342980628	26684	0
101056405894310	15341	0
101056407990950	26682	0
101056940668070	15340	0
101056944066470	15339	0
101056944861350	37831	0
101092850065604	15338	0
101101389669569	28866	0
101101406446784	36146	0
101170360816798	15337	0
101170629252312	26064	0
101170629383352	15336	0
101170897818808	15335	0
101170899915958	15334	0
101171870766296	15333	0
101171870766328	15332	0
101172139201752	15331	0
101172139201768	15330	0
101172139332792	25749	0
101185827370705	38204	12
101185827616465	32822	0
101185838438065	38231	0
101185928140465	32816	0
101185932801745	32809	0
101187868481169	32832	0
101187868481201	32829	0
101187868481713	32013	0
101188074543285	26678	0
101188935923409	38204	11
101188935923441	38250	0
101189204358865	38247	0
101189204358881	38244	0
101193244940756	35433	0
101193244940788	26665	0
101193513376212	26662	0
101193513376228	26659	0
101197808474292	26657	0
101198706693297	32121	0
101198815134897	15329	0
101198816663217	20695	0
101202103441588	26655	0
101202105538228	26652	0
101217404133268	26649	0
101221699100308	26647	0
101222220879537	15328	0
101256795063954	15327	0
101256795063986	15326	0
101256795064498	15325	0
101256795072144	15324	0
101256795072176	15322	0
101256795072688	15320	0
101257768011474	15319	0
101257768011506	15318	0
101257768019664	15316	0
101257768019696	15314	0
101257942206546	15313	0
101258036446930	15312	0
101258036446946	15311	0
101258036455120	15309	0
101258036455136	15307	0
101258036577970	37263	0
101258036586160	38340	0
101261964413394	15305	0
101261964413396	15303	0
101261964413426	15301	0
101261964413428	15299	0
101262232848850	15297	0
101262232848852	15295	0
101262232848866	15293	0
101262232848868	15291	0
101266527946930	15290	0
101266527946932	15289	0
101270822914226	15288	0
101270822914228	15287	0
101270822944946	15286	0
101270822944948	15285	0
101270825010866	15284	0
101270825010868	15282	0
101286123605906	15280	0
101286123605908	15278	0
101290418572946	15277	0
101290418572948	15276	0
101322740520625	15274	0
101322834884305	15272	0
101322836490321	15271	0
101325273880209	15270	0
101325273880241	15268	0
101325273880753	15266	0
101326341322449	32182	0
101326341322481	15264	0
101326609757905	32231	0
101326609757921	15262	0
101326611363921	15261	0
101327127132625	15259	0
101330633570769	15257	0
101330633570801	15255	0
101330902006225	15253	0
101330902006241	15251	0
101331422230705	15250	0
101335197104305	15249	0
101335608775601	15248	0
101335608775857	15246	0
101335717198001	15245	0
101335717217201	15244	0
101335717217457	15243	0
101335718745777	15242	0
101335719294641	15241	0
101339492071601	15240	0
101339492090801	15239	0
101339492091057	15238	0
101339494168241	15237	0
101354792763281	15235	0
101359087730321	15234	0
101359626278577	15233	0
101364171352244	27503	0
101364173448884	15232	0
101394229831316	35010	0
101394229831348	35007	0
101394229831860	35004	0
101394229831861	35003	0
101395202778836	38204	10
101395202778868	38206	0
101395471214292	34999	0
101395471214308	34996	0
101395471345332	34992	0
101399353043412	34987	0
101399353043444	34982	0
101399621478868	34979	0
101399621478884	34976	0
101403916576948	34974	0
101404328252593	33093	0
101404328252594	33091	0
101404436693684	15231	0
101404436694193	15230	0
101404436694194	15229	0
101404596688048	37342	0
101404596688050	37340	3
101404705129648	15228	0
101404705129650	15227	0
101408211544244	34971	0
101408211567793	15226	0
101408211567794	34969	0
101408213640884	34963	0
101408228345008	15225	0
101408228345010	37827	0
101423512235924	34960	0
101427807202964	34958	0
101638571611832	20690	0
101638778595032	30758	0
101638778726072	15224	0
101638840047288	32006	0
101639047161528	15223	0
101639047162038	15222	0
101640020109016	15221	0
101640020109048	15220	0
101640288544472	15219	0
101640288544488	15218	0
101640288675512	27200	0
101647116924632	21523	0
101647368521432	36544	0
101647368652472	15216	0
101647637087928	15214	0
101647637088438	15212	0
101648610035416	15209	0
101648610035448	15206	0
101648878470872	15204	0
101648878470888	15202	0
101648878601912	37244	0
101649254024214	27330	0
101679310406838	15201	0
101679312503478	26645	0
101679844611768	37002	0
101679845180598	15200	0
101679848543928	27996	0
101679848544438	27993	0
101679849373878	37825	0
101683087353528	34955	0
101683087354038	34953	0
101696923809496	38204	11
101696923809528	38265	0
101696927741656	37570	0
101696927741688	37568	0
101698656478936	38204	11
101698656478968	38268	0
101701218776792	21643	0
101701218776808	21641	0
101701218784952	21637	0
101701222708952	31109	0
101701222708968	31107	0
101701222717112	31103	0
101702951446232	34951	0
101702951446248	34949	0
101707765608885	15199	0
101712060575925	15198	0
101716352398261	15197	0
101720411002033	27988	0
101720427779248	35888	0
101720647365209	15196	0
101720647365301	15195	0
101781655486676	15194	0
101781655486708	15193	0
101781923922132	15192	0
101781923922148	15191	0
101781924053172	15190	0
101786688652318	15189	0
101786688652497	27983	0
101786688783386	15188	0
101786688783537	15187	0
101786688791576	15186	0
101790195090641	15185	0
101790195090673	15184	0
101790211867856	15183	0
101790211867888	15182	0
101790463526097	15181	0
101790463526113	15180	0
101790463657137	15179	0
101790480303312	15178	0
101790480303328	15177	0
101790480434352	15176	0
101790574813784	15175	0
101833731968788	26641	0
101838026935828	26639	0
102192361758868	15174	0
102198904874008	15173	0
102200901362833	15172	0
102200918140048	15171	0
102220279048468	26635	0
102270284600470	24307	0
102270552839366	15169	0
102270569419949	15168	0
102270569419977	15166	0
102271638967529	26092	0
102271650829544	15165	0
102271650895080	15164	0
102271667672296	15163	0
102271667672297	24300	0
102271667700961	15162	0
102271668720873	24295	0
102287397361300	26632	0
102287642257089	32788	0
102287642261185	15160	0
102287659636420	26628	0
102287659701956	26625	0
102288715986657	32983	0
102288715990753	32978	0
102288717039329	32904	0
102288717039841	32103	0
102288718075617	32971	0
102288733247204	26621	0
102288844396265	26614	0
102288845444841	26612	0
102288845448937	15159	0
102291951458756	38494	13
102291951524292	38500	0
102293012006625	33524	0
102293012006881	32097	0
102293025004004	26609	0
102293025069540	26606	0
102293025069796	26603	0
102293139363813	26600	0
102297320036580	26594	0
102297320037092	26590	0
102297321085668	26587	0
102297321085669	26585	0
102297384000229	26581	0
102297384000230	26580	0
102297385048806	26578	0
102297385052902	15158	0
102301598796257	15156	0
102301599844065	15154	0
102319715305185	32164	0
102319717647585	30123	0
102321197729505	33515	0
102321210792676	26574	0
102321747663076	26572	0
102321749759716	26570	0
102356116833938	15152	0
102356116833940	15150	0
102356116834386	15148	0
102356379109058	15146	0
102356379109060	15144	0
102356379174594	15142	0
102356379174596	15140	0
102357452719842	15138	0
102357452719844	15135	0
102357548074722	15134	0
102357548082912	15132	0
102357548140258	15131	0
102357548148448	15128	0
102357564917474	15127	0
102357564917481	15125	0
102357564925664	15122	0
102357564925673	15121	0
102360670931394	15119	0
102360670931396	15117	0
102360670996930	15115	0
102360670996932	15113	0
102361744476642	15112	0
102361744476644	15111	0
102361744542178	15110	0
102361744542180	15109	0
102361744542434	15107	0
102361744542436	15105	0
102361859884770	15104	0
102361859885026	15103	0
102361859892960	15101	0
102361859893216	15100	0
102361861981410	15099	0
102366039509218	15098	0
102366039509220	15096	0
102366039509730	15094	0
102366039509732	15091	0
102366040558306	15088	0
102366040558308	15086	0
102366040558309	15084	0
102366044358882	15083	0
102366104521442	15082	0
102366104521446	15080	0
102366104529632	15077	0
102366104529638	15076	0
102389930265314	15075	0
102389930265316	15074	0
102389934112994	15073	0
102390467135714	15072	0
102390467135716	15071	0
102390469232354	15070	0
102390469232356	15069	0
102424785991313	15067	0
102424785991761	15065	0
102425047656129	15063	0
102425047660225	15061	0
102425048266433	15059	0
102425048331969	15057	0
102426121385697	15055	0
102426121389793	15053	0
102426121877217	15051	0
102426122438369	15048	0
102426122438881	15046	0
102426123474657	15044	0
102429340088769	15042	0
102429340154305	15040	0
102430413634017	15039	0
102430413699553	15038	0
102430413699809	15036	0
102430417405665	15034	0
102430417405921	15032	0
102430809012817	15029	0
102434708666593	15028	0
102434708667105	15026	0
102434709715681	15023	0
102434709715685	15021	0
102434713516257	15020	0
102439004195297	15018	0
102439005243105	15016	0
102456619729889	15015	0
102456619730145	15014	0
102458599422689	15013	0
102458603128545	15012	0
102458603258849	15011	0
102458603259105	15010	0
102459136293089	15009	0
102459138389729	15008	0
102464941228516	15007	0
102464941228772	15006	0
102464941229282	15005	0
102493505463956	34941	0
102493767739076	34934	0
102493767804612	34928	0
102494841349860	34922	0
102494982842084	34918	0
102494982907620	34913	0
102494999684836	34909	0
102494999684841	34908	0
102498059561412	34902	0
102498059626948	34896	0
102499133106660	34891	0
102499133172196	34888	0
102499133172452	34885	0
102499294652132	34882	0
102499294652388	34879	0
102499294652389	34877	0
102499300197092	15004	0
102499300934882	34873	0
102503428139236	34870	0
102503428139748	34866	0
102503429188324	34863	0
102503429188325	34861	0
102503539288804	34856	0
102503539288805	34854	0
102503539288806	34853	0
102507850679522	34848	0
102525339206372	15003	0
102525339206881	15002	0
102525339206882	15001	0
102525607642336	36881	0
102525607642338	36880	0
102527318895332	34846	0
102527322735841	15000	0
102527322735842	34844	0
102527339513056	36473	0
102527339513058	37809	0
102527855765732	34842	0
102527857862372	34840	0
102739688605416	32086	0
102739800172264	14999	0
102739800237800	24920	0
102739814941926	14998	0
102739815989733	14997	0
102739815989734	14996	0
102739817015016	25286	0
102739817015017	14995	0
102739817038310	25282	0
102739817038566	25279	0
102744110956773	14994	0
102744110956774	14993	0
102744112005350	14991	0
102744112005862	14990	0
102748390098664	14987	0
102748390164200	36651	0
102748402779109	14986	0
102748402779110	14985	0
102748402779366	14983	0
102748406941416	36876	0
102748406941417	14981	0
102748406972646	36872	0
102748406972902	36868	0
102748686943254	14979	0
102752697746149	14978	0
102752697746150	14977	0
102752697746662	14975	0
102752698795238	37805	0
102783550547656	20432	0
102783550551752	14974	0
102783554479816	27107	0
102783554483912	14973	0
102800212919526	14972	0
102800215016166	31851	0
102800730404584	21622	0
102800730408680	21619	0
102800730408682	21379	0
102800734336744	31093	0
102800734340840	31090	0
102800734340842	30390	0
102800747185896	21850	0
102800747185897	21376	0
102800747693286	21847	0
102800751118056	31848	0
102800751118057	30387	0
102800751886566	37803	0
102802463074024	34838	0
102802463139560	34835	0
102802503501544	34832	0
102802731575016	34829	0
102802731575017	34828	0
102802731575526	34826	0
102808534041833	14971	0
102808534414569	14970	0
102808535089641	14969	0
102808535462373	14968	0
102808535462377	14967	0
102808536491753	14966	0
102808536492009	14965	0
102808536510953	14964	0
102808536511209	14963	0
102811383394393	14957	0
102812830056681	14955	0
102812830429413	14954	0
102812830429417	14952	0
102812831477993	14950	0
102812831478505	14949	0
102817121879017	14948	0
102817121879273	14945	0
102817122251749	14944	0
102817122251753	14943	0
102817122252009	14941	0
102817126418153	14939	0
102817126418409	14937	0
102817126445289	14935	0
102817126445545	14934	0
102817406043161	14933	0
102817406415449	14931	0
102817406415897	14929	0
102821260596449	31085	0
102821277373664	36642	0
102821416846057	14928	0
102821416846569	14925	0
102821417218649	14924	0
102821417218789	14923	0
102821417218793	14922	0
102821417219305	14920	0
102821417895145	37763	0
102821418267881	37759	0
102868932019433	14919	0
102868932392169	14918	0
102868934488809	26567	0
102869466662633	21373	0
102869466662889	21370	0
102869466793193	21367	0
102869467165929	14917	0
102869470594793	30382	0
102869470595049	30379	0
102869471359209	37757	0
102871451051753	34822	0
102871451052009	34820	0
102877205637862	14916	0
102877205637864	14915	0
102880362004676	14914	0
102880362070212	14913	0
102881435549924	14912	0
102881435615460	14911	0
102885795564262	14909	0
102885795564264	14907	0
102888901608641	14906	0
102888901674177	14905	0
102888918385856	14904	0
102888918451392	14903	0
102889975153889	14902	0
102889975219425	14901	0
102889991931104	14900	0
102889991996640	14899	0
102940440429802	14898	0
102945923044582	14897	0
102945924092389	14896	0
102945924092390	14895	0
102945925140966	25655	0
102945925141222	25652	0
102945939436777	14894	0
102945939440873	14893	0
102945940484585	14892	0
102945940488681	14891	0
102950155092196	14890	0
102950155096292	14889	0
102950156144868	14888	0
102950156144869	14885	0
102950219059429	14884	0
102950219059430	14883	0
102950220108006	14880	0
102950220108518	14879	0
102950235451625	14877	0
102950235455721	14875	0
102954400781285	14874	0
102954510881765	14873	0
102954510881766	14872	0
102954510882022	14869	0
102954515075302	37221	0
102954515075558	37214	2
102954527273961	14868	0
102954527274217	14866	0
102954527278057	14865	0
102954527278313	14863	0
102954795045910	14860	0
102954811438105	14858	0
102954811438109	14857	0
102954811442201	14856	0
102958694696161	14855	0
102958694700257	32749	0
102958695748833	32744	0
102958711473376	14854	0
102958711477472	37213	0
102958712526048	37207	0
102958805848805	14853	0
102958805848806	14852	0
102958805849318	14849	0
102958806897894	37738	0
102958822241001	14848	0
102958822241513	14846	0
102958822245097	14845	0
102958822245609	14843	0
102958823290089	37734	0
102958823294185	37730	0
102971907806740	26562	0
102975871424225	26557	0
102975872444137	34817	0
102975872472801	26555	0
102975872472802	34813	0
102975889250016	26549	0
102975889250018	37728	0
102975918610146	34811	0
102975918610148	34807	0
103006321022182	14842	0
103006323118822	32741	0
103006337414377	14841	0
103006337418473	14840	0
103006855795942	22203	0
103006859989222	37726	0
103006872188137	14839	0
103006872192233	14838	0
103008353134313	34805	0
103008354612457	14837	0
103008354616553	14836	0
103369317094649	14835	0
103369317094650	14834	0
103369317225628	14833	0
103369317225689	25209	0
103369317225690	25208	0
103369793279126	14831	0
103370328052950	14829	0
103370328052952	14828	0
103370357413048	14827	0
103370357413080	14826	0
103370357413082	24287	0
103384850626257	14824	0
103384850872017	14822	0
103384884287217	14821	0
103384884418257	21828	0
103386888599185	14820	0
103386906039956	26544	0
103387153888961	14818	0
103387153888977	14816	0
103387171198708	26540	0
103387171329732	26537	0
103387171329748	26534	0
103387422324433	37473	0
103387423373009	14813	0
103387423373521	14811	0
103387439765204	26530	0
103387440813780	26526	0
103387440814292	26523	0
103387440814293	26522	0
103387534137050	26518	0
103387535185626	26515	0
103387535189722	14810	0
103391463021044	26512	0
103391463152068	26509	0
103391463152084	26506	0
103391718340305	14808	0
103391718340561	14806	0
103391731587540	26503	0
103391731587796	26500	0
103391735781076	26497	0
103391735781332	26494	0
103391735781333	26492	0
103396010162897	14803	0
103396026554548	26490	0
103396026554580	26487	0
103396026555092	26483	0
103396027603668	26480	0
103396027603669	26478	0
103396090518229	26475	0
103396090518230	26474	0
103396091566806	26472	0
103396091570902	14802	0
103403542747860	26470	0
103403542748308	26468	0
103406342043345	14800	0
103406344570065	30116	0
103407824467665	14798	0
103407837715156	26466	0
103407841908436	26463	0
103455625512594	14796	0
103455625512596	14794	0
103455625513042	14792	0
103455890671346	14790	0
103455890671348	14788	0
103455890802370	14786	0
103455890802372	14784	0
103455890802386	14782	0
103455890802388	14780	0
103456159237842	14777	0
103456159237844	14774	0
103456160286418	14772	0
103456160286420	14769	0
103456160286802	14768	0
103456160286930	14767	0
103456160286932	14766	0
103456160286933	14765	0
103456254658226	14764	0
103456254658258	14763	0
103456254658266	14761	0
103456254666416	14759	0
103456254666448	14756	0
103456254666458	14755	0
103460182493682	14753	0
103460182493684	14751	0
103460182624706	14749	0
103460182624708	14747	0
103460182624722	14745	0
103460182624724	14743	0
103460451060178	14741	0
103460451060180	14739	0
103460451060434	14737	0
103460451060436	14735	0
103460455253714	14733	0
103460455253716	14731	0
103460455253970	14729	0
103460455253972	14727	0
103460455253973	14725	0
103464746027186	14724	0
103464746027188	14723	0
103464746027218	14722	0
103464746027220	14720	0
103464746027730	14718	0
103464746027732	14715	0
103464747076306	14712	0
103464747076308	14710	0
103464747076309	14708	0
103464811039442	14707	0
103464811039446	14705	0
103464811047632	14702	0
103464811047638	14701	0
103472262220498	14700	0
103472262220500	14699	0
103472262220946	14698	0
103472262220948	14697	0
103476557187794	14696	0
103476557187796	14695	0
103476560851154	14693	0
103476561381074	14691	0
103476561381076	14689	0
103524293998225	14688	0
103524294669969	14686	0
103524294670417	14684	0
103524559288001	14682	0
103524559288017	14680	0
103524559828721	14678	0
103524559959745	14676	0
103524559959761	14674	0
103524827723473	14671	0
103524828395217	14668	0
103524828772049	14665	0
103524828772561	14663	0
103524829443793	14661	0
103524829444177	14660	0
103524829444305	14659	0
103524829444309	14658	0
103528851651057	14656	0
103528851782081	14654	0
103528851782097	14652	0
103529120217553	14650	0
103529120217809	14648	0
103529123739345	14646	0
103529123739601	14644	0
103529124411089	14642	0
103529124411345	14640	0
103529124411349	14638	0
103530317691473	14637	0
103530378377457	14636	0
103530378508497	14635	0
103533415184561	14634	0
103533415184593	14633	0
103533415185105	14631	0
103533415561937	14628	0
103533416233681	14625	0
103533416233685	14623	0
103540931377873	14622	0
103540931378321	14621	0
103543246652369	14620	0
103543246652625	14618	0
103545226345169	14617	0
103545229866705	14615	0
103545229997009	14614	0
103545229997265	14612	0
103545230538449	14610	0
103593014142612	34802	0
103593279301364	34795	0
103593279432388	34792	0
103593279432404	34789	0
103593547867860	34783	0
103593548916436	34777	0
103593548916948	34774	0
103593548916949	34773	0
103593689425588	34769	0
103593689425620	34764	0
103593689425626	34763	0
103597571123700	34757	0
103597571254724	34754	0
103597571254740	34751	0
103597839690196	34748	0
103597839690452	34745	0
103597843883732	34742	0
103597843883988	34739	0
103597843883989	34737	0
103602134657204	34735	0
103602134657236	34732	0
103602134657748	34728	0
103602135706324	34725	0
103602135706325	34723	0
103602245806804	34719	0
103602245806805	34717	0
103602245806806	34716	0
103609650850516	34714	0
103609650850964	34712	0
103611966128852	14608	0
103611966129361	14606	0
103611966129362	14604	0
103612234564816	38082	0
103612234564818	38001	7
103613945817812	34710	0
103613949474001	14602	0
103613949474002	34706	0
103613950011092	34703	0
103613966251216	14600	0
103613966251218	38001	7
103837590673144	38184	9
103838394939096	30599	0
103838506755768	24917	0
103838506755800	24915	0
103838506755802	14599	0
103842707374292	14598	0
103842707374293	14595	0
103842707374294	14592	0
103846140180184	14589	0
103846945421526	14588	0
103846952010709	14587	0
103846952010710	14586	0
103846952010966	14583	0
103847096682168	36634	0
103847096682200	36627	0
103847096682202	14581	0
103851246978257	31844	0
103851246978262	31839	0
103851263755472	38081	0
103851263755478	38001	6
103883062171384	14580	0
103883062179528	14579	0
103883062179544	14578	0
103883066103544	14577	0
103883066111688	14576	0
103883066111704	14575	0
103886839842006	14574	0
103886841938646	31836	0
103887357146808	14573	0
103887357146840	14569	0
103887357146842	14568	0
103887361078968	14567	0
103887361079000	14563	0
103887361079002	14562	0
103887373924056	21841	0
103887373924057	14561	0
103887374615766	21835	0
103887377856216	31830	0
103887377856217	14560	0
103887378809046	37717	0
103889090062008	34699	0
103889090062040	34696	0
103889090062042	34695	0
103910892073049	14555	0
103955558757593	14554	0
103955559314649	14553	0
103955561411289	26460	0
103956093400793	14552	0
103956093401049	14551	0
103956093531353	14550	0
103956094088409	14549	0
103956097332953	14548	0
103956097333209	14547	0
103956098281689	37715	0
103975912155862	14546	0
103975912155864	14545	0
103979873566964	14544	0
103979873566970	14538	0
103979873697988	14537	0
103979873698004	14536	0
103979873698010	14532	0
103980142133428	14531	0
103980142133460	14530	0
103980142133466	14526	0
103984118203386	14525	0
103984118203642	14522	0
103984118334426	14521	0
103984118334682	14519	0
103984386769882	14518	0
103984386770138	14516	0
103984502082262	14514	0
103984502082264	14512	0
103985584251480	30375	0
103985584251926	14510	0
103985584251928	14508	0
103985644929786	14506	0
103985644930074	14504	0
103985644930289	14503	0
103985644930298	14501	0
103985645060826	29580	0
103985645061146	14499	0
103985645061148	14498	0
103985645061329	29577	0
103985645061338	29575	0
103988413170929	14497	0
103988413170938	14492	0
103988413301953	14491	0
103988413301969	14490	0
103988413301978	14487	0
103988429948144	14486	0
103988429948154	37688	0
103988430079168	14485	0
103988430079184	14484	0
103988430079194	37683	0
103988681737393	14483	0
103988681737425	14482	0
103988681737434	14479	0
103988698514608	14478	0
103988698514640	14477	0
103988698514650	37678	0
104024165550868	26457	0
104024228472022	14476	0
104024228472024	14475	0
104024230568662	26455	0
104024230568664	26454	0
104024762546904	14474	0
104024763245782	14473	0
104024763245784	14472	0
104024766479062	14471	0
104024766479064	14470	0
104024767439062	37676	0
104024767439064	37675	0
104044629562582	14469	0
104044630610389	14468	0
104044630610390	14467	0
104044631658966	25646	0
104044631659222	25643	0
104044645774553	14466	0
104044646822361	14465	0
104047787880660	14464	0
104047787880665	14458	0
104048861610196	14457	0
104048861614292	14456	0
104048862662868	14455	0
104048862662869	14452	0
104048925577429	14451	0
104048925577430	14450	0
104048926626006	14447	0
104048926626518	14446	0
104048941789401	14444	0
104052030420697	22376	0
104052032517081	14443	0
104052032517337	14440	0
104053107299285	14439	0
104053217399765	14438	0
104053217399766	14437	0
104053217400022	14434	0
104053221593302	37196	0
104053221593558	37182	0
104053233611737	14433	0
104053233611993	14430	0
104056327484625	29572	0
104056327484633	29567	0
104056344261840	38096	0
104056344261849	38001	8
104057401214161	14429	0
104057401218257	32737	0
104057402266833	32732	0
104057417991376	14428	0
104057417995472	37179	0
104057419044048	37173	0
104057512366683	14427	0
104057512366805	14426	0
104057512366806	14425	0
104057512367318	14422	0
104057513415894	37659	0
104057528578777	14421	0
104057528579289	14418	0
104057529627865	38001	7
104074577942225	26449	0
104074578962137	34692	0
104074578990801	26447	0
104074578990802	34688	0
104074595768016	26441	0
104074595768018	37657	0
104074625128146	34686	0
104074625128148	34682	0
104116507361428	14417	0
104123050476568	14416	0
104123050476570	14414	0
104125046965393	14413	0
104125063742608	14412	0
104140228249114	26437	0
104140495635978	14410	0
104140496684554	14408	0
104140760205050	14407	0
104140760209146	14406	0
104140760217306	14405	0
104140760218730	14404	0
104140760925754	14403	0
104140764137210	14402	0
104140764141306	14401	0
104140764149466	14400	0
104140765120010	37654	0
104140765120026	37652	0
104144424651028	26434	0
104469590578351	14399	0
104469868975288	25823	0
104470125352169	26088	0
104470137214184	14398	0
104486400222865	32869	0
104486665512641	32863	0
104486682891972	26431	0
104487204460257	33701	0
104490974714308	26423	0
104491511388644	35329	0
104495538116788	26421	0
104503054310548	26418	0
104555402364610	14396	0
104555402364612	14394	0
104555671849042	14393	0
104555766220466	37292	0
104555766228656	38354	0
104556034459362	14392	0
104556034467552	14390	0
104559694186946	14388	0
104559694186948	14386	0
104560230861282	14385	0
104560230861284	14384	0
104564257589426	14383	0
104564257589428	14382	0
104564530743522	14381	0
104571773783186	14380	0
104571773783188	14379	0
104623805621905	14378	0
104624070911681	14376	0
104624071521985	14374	0
104624341006417	14373	0
104624609859297	14372	0
104628363344321	14370	0
104628900018657	14369	0
104632926746801	14368	0
104633199900897	14367	0
104640442940561	14366	0
104692790994628	34679	0
104693200987828	34674	0
104693469226724	34670	0
104697082816964	34667	0
104697619491300	34662	0
104701646219444	34660	0
104709162413204	34655	0
104938018318008	28306	0
104938286556904	14365	0
104946608244408	37271	0
104946876483304	14362	0
104982573803208	14361	0
104982577735368	14360	0
104986868770488	14359	0
104986872702648	14358	0
104991163725544	37120	0
104991167657704	37529	0
104992936822504	34652	0
105019746981089	31080	0
105019763758304	36623	0
105079385260228	14357	0
105079653695668	14356	0
105079921934564	14355	0
105085156557850	14353	0
105085156623386	14352	0
105085173400602	14351	0
105085173400603	14350	0
105085173408792	14349	0
105087924864193	14348	0
105087941641408	14347	0
105088193299633	14346	0
105088210076848	14345	0
105088461538529	14344	0
105088478315744	14343	0
105128105510122	14342	0
105128642249962	14341	0
105153832596505	33280	0
105153832596511	33279	0
105153892877339	14340	0
105153892881435	28471	0
105153893930011	28465	0
105157023928923	28461	0
105171070653979	26415	0
105171338040843	14338	0
105171339089419	14336	0
105171602675435	37304	0
105171602696555	37299	0
105171603330619	14335	0
105171606607595	28856	0
105171607524875	37646	0
105171607524891	37644	0
105196770735337	14334	0
105197305509097	14333	0
105198787933417	14332	0
105240271832810	20966	0
105240275764970	28850	0
105284738396308	14331	0
105291281511448	14330	0
105291298276379	14329	0
105293278000273	31073	0
105293294777488	36620	0
105308363863572	26411	0
105316950652948	26408	0
105797118142416	14328	0
105797307934656	14327	0
106119420647369	31894	0
106119688886265	14326	0
106119957321705	14325	0
106155390138329	14324	0
106159685105609	14323	0
106161457403849	26404	0
106163980060665	33199	0
106165749225465	26402	0
106168275027945	24540	0
106193001883104	14322	0
106261665395561	24068	0
106261726204907	23729	0
106261726205419	23726	0
106301186416411	14321	0
106301454652923	14320	0
106301454655307	14319	0
106305749620203	14318	0
106329850094444	25274	0
106330390513120	31198	0
106330390513130	31197	0
106344150443804	14317	0
106344151492380	14316	0
106344419010556	27679	0
106344419927836	14315	0
106344419927852	14314	0
106346946304636	26399	0
106346946340636	26397	0
106369852624666	14313	0
106397600044448	30612	0
106397868479888	21956	0
106398841550320	14312	0
106399109985760	14311	0
106412830414619	20682	0
106412830480155	20679	0
106412830480176	17254	0
106412830480187	17253	0
106413088167931	23194	0
106413098653515	23189	0
106413098915611	23186	0
106413098915627	17248	0
106466319517088	28229	0
106466319517102	28228	0
106466324366254	24526	0
106466324366766	24523	0
106481628530462	27426	0
106481628595998	27421	0
106481628596016	27388	0
106481628596030	27387	0
106481891526574	29341	0
106481896769358	29334	0
106481897031454	29329	0
106481897031470	27381	0
106484916886654	26395	0
106484916930334	26393	0
106486186493870	14310	0
106486188590510	14309	0
106490212370718	14308	0
106490215319838	14307	0
106490483558734	14306	0
106534988674464	29096	0
106534988674477	29095	0
106534993523629	24508	0
106534993524141	24505	0
106535743649200	14305	0
106550560683949	27000	0
106552831057789	26391	0
106552831112989	26389	0
106554855651245	14304	0
106554857747885	14303	0
106558881528093	14302	0
106558884477213	14301	0
106559152716109	14300	0
106603708147104	30629	0
106965348923349	14299	0
106965538715589	14298	0
106969640745685	14297	0
106974690687461	14296	0
106990259945381	14295	0
107218176374569	18327	0
107218176374571	18326	0
107218176374572	18325	0
107218177296169	14294	0
107218177296171	14293	0
107218177296172	14292	0
107218193876777	38204	6
107218193876783	14291	0
107218209920809	18321	0
107218209920811	18320	0
107218210653993	18316	0
107218210719529	14290	0
107218479154985	14289	0
107218479154986	14288	0
107218479155495	14287	0
107218747393837	36991	0
107218747393838	14286	0
107218932270889	36935	0
107218932270891	14285	0
107218932270892	36925	0
107218932271049	36915	0
107219200509737	14284	0
107219200509743	14283	0
107219200509945	14282	0
107219468207913	16694	0
107219468207918	16693	0
107219468208105	14281	0
107219468945193	14280	0
107219468945385	14279	0
107219469010729	36909	0
107219485787945	36309	0
107219485787946	14278	0
107219501754157	16688	0
107219501754158	16687	0
107219502368557	14277	0
107219502368558	14276	0
107250657064745	14275	0
107250657065255	14274	0
107250657065511	14273	0
107250657986345	14272	0
107250657986466	14271	0
107250657986855	14270	0
107250657987111	14269	0
107250690595879	14268	0
107250690595886	14267	0
107250690610985	14266	0
107250690611495	14265	0
107250690611751	14264	0
107254901696297	14263	0
107254901700393	14262	0
107254901700569	14261	0
107254902621993	14260	0
107254902622162	14259	0
107254902622169	14258	0
107254902623527	14257	0
107254902623529	14256	0
107254911403817	38204	6
107254912452393	14255	0
107254912453929	14254	0
107254968788783	14253	0
107254985565998	14252	0
107258122876889	14251	0
107258122876905	14250	0
107259196667689	14249	0
107259196667691	14248	0
107259196667849	14247	0
107259207419689	14246	0
107259207419691	14245	0
107259207419842	14244	0
107259207419849	14243	0
107259213422119	24107	0
107259213422375	24104	0
107259213444905	24100	0
107259213444906	14242	0
107259223905575	18941	0
107259224196905	18938	0
107259224196906	14241	0
107259280530471	14240	0
107259280537385	14239	0
107259281147842	14238	0
107259281148967	14237	0
107259286820135	18935	0
107259287111465	18932	0
107261159552969	14236	0
107263491622697	14235	0
107263491622905	14234	0
107263491624743	14233	0
107263491624745	14232	0
107263508389671	14231	0
107263508389676	14230	0
107263525166887	14229	0
107263525166891	14228	0
107263525170983	14227	0
107263525783538	14226	0
107263525785383	14225	0
107267786589993	14224	0
107267786590185	14223	0
107267786594089	14222	0
107267786594091	14221	0
107267787327273	14220	0
107267787327458	14219	0
107267787327465	14218	0
107267787329063	14217	0
107267787329065	14216	0
107267795257129	36737	0
107267795257131	36727	0
107267803356711	17453	0
107267803356716	17452	0
107267803371305	17448	0
107267803371306	14215	0
107267820136237	14214	0
107267820750637	14213	0
107267820750818	14212	0
107267836913452	14211	0
107267836917545	14210	0
107267837593895	14209	0
107287198631722	14208	0
107287198631978	14207	0
107288205264682	14206	0
107288205264938	14205	0
107288221230893	16682	0
107288221230894	16681	0
107323688258351	14204	0
107323688265519	14203	0
107323705035566	14202	0
107323705042734	14201	0
107327932894762	14200	0
107327932895018	14199	0
107327932921642	14198	0
107327932921898	14197	0
107327943378218	14196	0
107327943673642	14195	0
107327943673898	14194	0
107327943804202	14193	0
107328000003114	14192	0
107332227862314	14191	0
107332227862316	14190	0
107332244639530	14189	0
107332244639531	14188	0
107332244647719	14187	0
107332244647720	14186	0
107336522829354	14185	0
107336522829356	14184	0
107336522848042	14183	0
107336522848298	14182	0
107336539612973	14181	0
107336556390188	14180	0
107356187825451	14179	0
107356187825453	14178	0
107356187825454	14177	0
107356337670951	14176	0
107356337670953	14175	0
107356874410791	14174	0
107356874410793	14173	0
107356881990951	14172	0
107356881990953	14171	0
107356942800107	14170	0
107356942800171	14169	0
107356942800173	14168	0
107356942800174	14167	0
107356942800363	14166	0
107360482792747	14165	0
107360482792749	14164	0
107360482792750	14163	0
107361176957801	14162	0
107361176958247	14161	0
107361176958249	14160	0
107361237767147	14159	0
107361237767467	14158	0
107361237767469	14157	0
107361237767470	14156	0
107361237767659	14155	0
107396602052135	14154	0
107396602052137	14153	0
107396602052391	14152	0
107396602052393	14151	0
107396602067751	14150	0
107396602067753	14149	0
107396602068007	14148	0
107396602068009	14147	0
107396612535591	14146	0
107396612535593	14145	0
107396612819753	14144	0
107396612820009	14143	0
107396719483943	14142	0
107396719490857	14141	0
107396721579307	14140	0
107396721581093	14139	0
107396721587497	14138	0
107400897019687	14137	0
107400897019689	14136	0
107400897023783	14135	0
107400897023785	14134	0
107400964116267	14133	0
107400964120359	14132	0
107400964120363	14131	0
107400964607787	14130	0
107400966214955	14129	0
107400966215163	14128	0
107400966217509	14127	0
107400966217515	14126	0
107400966217547	14125	0
107405191986727	14124	0
107405191986729	14123	0
107405192728103	14122	0
107405192728105	14121	0
107405200373031	36402	0
107405200373033	36400	0
107405200657193	36721	0
107405261182251	14120	0
107405261182253	14119	0
107405261182443	14118	0
107405275871017	14117	0
107405277959467	22993	0
107405277959468	14116	0
107405277967657	22989	0
107407542885925	22554	0
107407542885931	22553	0
107407543016965	14115	0
107407543016971	14114	0
107424066369322	19631	0
107424066369324	19630	0
107424067290922	14113	0
107424067290924	14112	0
107424068465962	14111	0
107424068465964	14110	0
107424069387562	14109	0
107424069387564	14108	0
107424083134250	36586	0
107424083134255	36530	0
107424085230890	14107	0
107424085230895	14106	0
107424099911466	19669	0
107424099911470	19668	0
107424099915562	19623	0
107424100714282	14105	0
107424102008106	14104	0
107424102008110	14103	0
107424102012202	14102	0
107424102810922	14101	0
107425056206631	16870	0
107425056206636	16869	0
107425066689831	14100	0
107425066689836	14099	0
107425083884842	14098	0
107425083884844	14097	0
107425593077031	16863	0
107428363433258	14096	0
107428363433260	14095	0
107428364354858	14094	0
107428364354860	14093	0
107428364363018	14092	0
107428364363020	14091	0
107428380198186	14090	0
107428380198191	14089	0
107428396975402	14088	0
107428396975406	14087	0
107428396979498	14086	0
107428397778218	14085	0
107428397786378	14084	0
107429361656684	14083	0
107429361657127	14082	0
107429361657132	14081	0
107429378852138	14080	0
107429378852140	14079	0
107429378860298	14078	0
107429378860300	14077	0
107443930572588	14076	0
107443930572590	14075	0
107443930572591	14074	0
107443930572796	14073	0
107443930593066	14072	0
107443930593068	14071	0
107443930593580	14070	0
107443930593836	14069	0
107443931514666	14068	0
107443931514668	14067	0
107443931515180	14066	0
107443931515436	14065	0
107443931555596	14064	0
107443931555628	14063	0
107443947349804	14062	0
107443947349805	14061	0
107443947349807	14060	0
107443947357994	14059	0
107443947357999	14058	0
107443947358511	14057	0
107443964127020	14056	0
107443964127021	14055	0
107443964127022	14054	0
107443964135210	14053	0
107443964135214	14052	0
107443964135726	14051	0
107443964139306	14050	0
107443964938026	14049	0
107446474417957	22551	0
107446474417964	22550	0
107446474548997	14048	0
107446474549004	14047	0
107469616491815	14046	0
107469616492327	14045	0
107469616492332	14044	0
107469616500519	14043	0
107469616500521	14042	0
107469616500522	14041	0
107469633277735	14040	0
107469633277736	14039	0
107469633277738	14038	0
107471162101541	22548	0
107471162101546	22547	0
107471162232581	14037	0
107471162232586	14036	0
107473911459111	14035	0
107473911459367	14034	0
107473911459372	14033	0
107473995343660	14032	0
107473995827756	14031	0
107473995892524	14030	0
107473997436204	14029	0
107473997440300	19410	0
107473998488876	19407	0
107473998776876	19404	0
107492819392298	19619	0
107492819392299	19618	0
107492821488938	14028	0
107492821488939	14027	0
107493087827753	19613	0
107493087827755	19612	0
107493087828011	19609	0
107493089924393	19096	0
107493089924395	19095	0
107493090972971	14026	0
107494312553767	14025	0
107494313168167	14024	0
107494346100011	14023	0
107494346591531	14022	0
107497116456234	14021	0
107497116456235	14020	0
107497384891689	14019	0
107497384891691	14018	0
107497385940267	14017	0
107512599729963	14016	0
107512599729967	14015	0
107512599730171	14014	0
107512599734059	14013	0
107512599738155	14012	0
107512599738157	14011	0
107512600594219	14010	0
107512600659755	14009	0
107512600661291	14008	0
107512610215211	17244	0
107512610215717	17241	0
107512610215723	17240	0
107512610215755	14007	0
107512610490155	17237	0
107512610490157	17236	0
107512610491691	17233	0
107512610491762	17231	0
107512610491771	17230	0
107512610543371	17227	0
107512610543403	17225	0
107512666826541	14006	0
107512666826543	14005	0
107512666830637	14004	0
107512666830639	14003	0
107512683603757	14002	0
107512683603758	14001	0
107512683607853	14000	0
107512683607854	13999	0
107512683616042	13998	0
107512683616043	13997	0
107512683616555	13996	0
107515552479227	13995	0
107515820914667	13994	0
107516961797933	13993	0
107516961797935	13992	0
107516961798189	13991	0
107516961798191	13990	0
107516963894573	23525	0
107516963894575	13989	0
107516978575149	13988	0
107516978575150	13987	0
107516978575405	13986	0
107516978575406	13985	0
107516978583339	13984	0
107516978583595	13983	0
107516978584103	13982	0
107516980671789	17222	0
107516980671790	13981	0
107516980679979	24322	0
107516980681253	24318	0
107542630935847	13980	0
107542630936103	13979	0
107542630940199	13978	0
107542630940201	13977	0
107542631550247	13976	0
107542631550503	13975	0
107542647717415	13974	0
107542647717416	13973	0
107542664482091	13972	0
107542664482347	13971	0
107542664501033	13970	0
107542664501035	13969	0
107542664973611	13968	0
107542664973867	13967	0
107542666597673	13966	0
107542666597675	24229	0
107561538864938	19720	0
107561538864942	19719	0
107561538865070	19717	0
107561539536686	13965	0
107561540961454	13964	0
107561540961578	13963	0
107561540961582	13962	0
107561540961710	13961	0
107561541633326	13960	0
107561807776814	13959	0
107562076276524	13958	0
107562076276526	13957	0
107563032644647	13956	0
107563032644654	13955	0
107563065591593	19711	0
107563065591598	19710	0
107563067688233	13954	0
107563067688238	13953	0
107563082909484	13952	0
107563082909486	13951	0
107563084453164	13950	0
107563084453166	13949	0
107565835928494	13948	0
107565835928874	13947	0
107565835928878	13946	0
107565835929006	13945	0
107565836600622	13944	0
107565836608782	13943	0
107567362655529	13942	0
107567362655534	13941	0
107567379420460	13940	0
107567379420462	13939	0
107581319202606	13938	0
107581319202607	13937	0
107581319210795	13936	0
107581319210796	13935	0
107581319214891	13934	0
107581319214892	13933	0
107581320136491	13932	0
107581320136492	13931	0
107581335988010	38127	0
107581335988012	38115	0
107581335992106	13930	0
107581335992108	13929	0
107581336913706	13928	0
107581336913708	13927	0
107581403080492	13926	0
107581403080494	13925	0
107581403084590	13924	0
107581403088682	13923	0
107581403088686	13922	0
107581403088814	13921	0
107581403089198	13920	0
107581403760430	13919	0
107581403760942	13918	0
107581408331054	38430	0
107581408331557	38426	0
107581408331566	38422	0
107581408331598	13917	0
107581408610092	38458	0
107581408610094	38451	0
107581408611374	38441	0
107581408611442	38373	4
107581408611454	38388	0
107581408659214	38384	0
107581408659246	38377	0
107583550535598	13916	0
107584445007653	22545	0
107584445007662	22544	0
107584445138693	21352	0
107584445138702	21351	0
107584540428078	22542	0
107584540559118	21344	0
107585630955308	13915	0
107585630955564	13914	0
107585630959404	13913	0
107585630959660	13912	0
107585631881004	13911	0
107585631881260	13910	0
107585633051948	35808	0
107585633056044	13909	0
107585633977644	13908	0
107585698051886	13907	0
107585698052142	13906	0
107585698055982	13905	0
107585698056110	13904	0
107585698056238	13903	0
107585700148526	13902	0
107585700152622	13901	0
107585700152750	13900	0
107589875584807	13899	0
107589875591975	13898	0
107589875596071	13897	0
107589875596327	13896	0
107589876517671	13895	0
107589876517927	13894	0
107589993007918	13893	0
107589993008174	13892	0
107589993023278	13891	0
107589993023534	13890	0
107589993023783	13889	0
107589993023790	13888	0
107589995119918	13887	0
107589995120933	13886	0
107589995120942	13885	0
107589995120974	13884	0
107589996168494	13883	0
107589996448558	13882	0
107589996448814	13881	0
107593031797029	22540	0
107593031797038	22539	0
107593031928069	13880	0
107593031928078	13879	0
107630208022314	19706	0
107630208022315	13878	0
107630208022317	19705	0
107630208022445	19703	0
107630210118829	13877	0
107630210118954	13876	0
107630210118955	13875	0
107630210118957	13874	0
107630210119085	13873	0
107630946815783	13872	0
107630946815789	13871	0
107634505085869	13870	0
107634505086250	13869	0
107634505086251	13868	0
107634505086253	13867	0
107634505086381	13866	0
107650038679343	13865	0
107650038683435	13864	0
107650038683439	13863	0
107650038691627	13862	0
107650038691628	13861	0
107650038691629	13860	0
107650039416623	13859	0
107650055460650	13858	0
107650055460655	13857	0
107650055468842	13856	0
107650055468844	13855	0
107650055468845	13854	0
107650072225581	13853	0
107650072225583	13852	0
107650072227629	13851	0
107650072246058	13850	0
107650072246059	13849	0
107650072246061	13848	0
107650072246189	13847	0
107650072246571	13846	0
107650072246573	13845	0
107652359190309	22537	0
107652359190317	22536	0
107652359321349	13844	0
107652359321357	13843	0
107654350427951	13842	0
107654350428207	13841	0
107654350436140	13840	0
107654350436141	13839	0
107654350436396	13838	0
107654350436397	13837	0
107654352524591	36064	0
107654352532780	13836	0
107654352532781	18194	0
107654367213355	13835	0
107654367213357	13834	0
107654367213485	13833	0
107654367213611	13832	0
107654367213613	13831	0
107654369309995	13830	0
107654369309997	13829	0
107654369310125	13828	0
107656651012645	22534	0
107656651012653	22533	0
107656651143685	13827	0
107656651143693	13826	0
107658595061543	13825	0
107658595072807	13824	0
107658595072813	13823	0
107658595073063	13822	0
107658662154029	13821	0
107658662180653	13820	0
107658662180909	13819	0
107658662181159	13818	0
107658662181165	13817	0
107658664277293	13816	0
107658664278309	13815	0
107658664278317	13814	0
107658664278349	13813	0
107658665325869	13812	0
107658665594669	13811	0
107662890040359	13810	0
107662890040361	13809	0
107662906817575	13808	0
107662906817576	13807	0
107698927494954	19699	0
107698927494955	19663	0
107698929591594	18807	0
107698929591595	18806	0
107698944935726	13806	0
107698947032366	13805	0
107699666292263	13804	0
107703224558890	13803	0
107703224558891	13802	0
107703241999662	13801	0
107703242007822	13800	0
107718758156078	13799	0
107718758160171	13798	0
107718758164267	13797	0
107718758164268	13796	0
107718774937386	13795	0
107718774941482	18801	0
107718774941484	18800	0
107718775736106	13794	0
107718791702317	13793	0
107718791702318	18796	0
107718791718698	18792	0
107718791718699	18791	0
107718791719211	18788	0
107718808479532	13792	0
107718808479534	13791	0
107718808483630	13790	0
107718809159470	13789	0
107718809159982	13788	0
107718814009132	38410	0
107718814009134	38404	0
107723069908780	13787	0
107723069909036	13786	0
107723072005420	17824	0
107723086685995	13785	0
107723086686251	13784	0
107723088782635	24348	0
107723103450926	13783	0
107723103451182	13782	0
107723105547566	22978	0
107727314545447	13781	0
107727315340071	13780	0
107727321883943	17821	0
107727381653799	24570	0
107727383750949	24339	0
107731693865518	13779	0
107731695473966	13778	0
107731696814638	13777	0
107731697862446	13776	0
107735904464167	13775	0
107735904464423	13774	0
107735904480039	13773	0
107735904480041	13772	0
107735938033449	13771	0
107735940130089	13770	0
107737450081061	22531	0
107737450212101	13769	0
108304804034329	13768	0
108304804034331	13767	0
108304804034332	13766	0
108304820614937	13765	0
108304820614943	13764	0
108304837392153	13763	0
108304837457689	13762	0
108305105893145	13761	0
108305105893146	13760	0
108305105893655	13759	0
108305374131997	13758	0
108305374131998	13757	0
108305559009049	13756	0
108305559009051	13755	0
108305559009052	13754	0
108305559009225	13753	0
108305827247897	13752	0
108305827247903	13751	0
108305827248121	13750	0
108306095683353	13749	0
108306095683561	13748	0
108306095748889	13747	0
108306112526105	13746	0
108306112526106	13745	0
108306129106717	13744	0
108306129106718	13743	0
108349364320025	13742	0
108349364320161	13741	0
108349364320535	13740	0
108349364320791	13739	0
108353608955673	13738	0
108353608955857	13737	0
108353608955865	13736	0
108353608957207	13735	0
108353608957209	13734	0
108357634504665	13733	0
108357634504681	13732	0
108357930423575	18927	0
108357987481537	13731	0
108357987482647	13730	0
108357993338135	18924	0
108360671180745	13729	0
108362232117233	13728	0
108362232119063	13727	0
108366493660953	13726	0
108366493661153	13725	0
108366493661161	13724	0
108366493662743	13723	0
108366493662745	13722	0
108366527084317	13721	0
108366527084513	13720	0
108366543927575	13719	0
108373825369882	13718	0
108373825370138	13717	0
108374832002842	13716	0
108374832003098	13715	0
108387995473178	13714	0
108388012238109	13713	0
108388059424030	13712	0
108392023041506	13711	0
108426649896218	13710	0
108442814747931	17219	0
108442814747933	17218	0
108442814747934	13709	0
108442964409111	13708	0
108442964409113	13707	0
108443501148951	13706	0
108443501148953	13705	0
108443508913431	18189	0
108443508913433	18188	0
108443569722651	17814	0
108443569722653	13704	0
108443569722654	17813	0
108443569722859	17811	0
108456723780891	13703	0
108456723846427	13702	0
108456740623643	13701	0
108456740623644	13700	0
108456740631833	13699	0
108456757204255	13698	0
108460749395435	13697	0
108460749460971	36139	0
108495319053591	13696	0
108495319053593	13695	0
108495428097307	13694	0
108495428105497	13693	0
108499670941467	13692	0
108499672732955	13691	0
108499672733179	13690	0
108499672735515	13689	0
108499672801051	13688	0
108503899061783	13687	0
108503899061785	13686	0
108503906891031	31365	0
108503906891033	31363	0
108503967700251	13685	0
108503967700253	13684	0
108503967700459	13683	0
108503984477467	27526	0
108503984477468	13682	0
108503984485657	27521	0
108510694029082	13681	0
108510694029084	13680	0
108510695388442	17214	0
108510695388444	17213	0
108510712153370	38001	1
108510712153375	38020	0
108510727452442	13679	0
108510728930586	17808	0
108510728930590	17807	0
108510728934682	17208	0
108511693612311	19399	0
108511693612316	19398	0
108525399819546	38001	0
108525400868122	13678	0
108525400872218	13677	0
108525460100380	13676	0
108525460104476	13675	0
108525461153052	13674	0
108529411671522	13673	0
108529411671530	13672	0
108542636828444	13671	0
108542637848346	13670	0
108542637848348	13669	0
108542637848860	13668	0
108542637849116	13667	0
108542637877020	13666	0
108542671271706	13665	0
108568339009306	13664	0
108572702161436	13663	0
108572702226204	13662	0
108572703954204	13661	0
108572703958300	19395	0
108572705006876	19392	0
108579448411418	17205	0
108579448411419	17204	0
108579716846873	17200	0
108579716846875	17199	0
108579717895451	17196	0
108580939906327	13660	0
108580973329691	13659	0
108594103768343	13658	0
108594120340765	13657	0
108594120348954	13656	0
108594120348955	13655	0
108594137126171	13654	0
108594137191707	13653	0
108596621202850	13652	0
108596889638290	13651	0
108597862708722	13650	0
108598131144162	13649	0
108611306927899	13648	0
108611306993435	13647	0
108611306994971	13646	0
108611316733211	17193	0
108611316733723	17190	0
108611316799259	13645	0
108611316864795	17187	0
108611316864827	17185	0
108615064107003	13644	0
108615332542443	13643	0
108615670412573	28510	0
108615670412575	13642	0
108615687189789	17182	0
108615687189790	13641	0
108615687197979	29923	0
108641337883927	13640	0
108641337884183	13639	0
108641371307291	13638	0
108641371307547	13637	0
108641373115673	13636	0
108641373115675	29838	0
108648166274846	13635	0
108648167884058	18542	0
108648167884062	18541	0
108648167884206	18539	0
108648434514974	13634	0
108648703014684	13633	0
108648703014686	13632	0
108649659382807	13631	0
108649659382814	13630	0
108649694610713	18536	0
108649694610718	19389	0
108649709647644	13629	0
108649709647646	13628	0
108649711375644	18921	0
108649711375646	18920	0
108662848734489	13627	0
108662865499420	13626	0
108662935242014	13625	0
108665340675490	13624	0
108665340675502	13623	0
108665347556782	13622	0
108665347622318	36461	0
108680026470171	13621	0
108680026470172	13620	0
108680043247386	13619	0
108680043247388	13618	0
108680110094110	13617	0
108680110094622	13616	0
108680114849054	27369	0
108680114849566	27363	0
108680114915102	13615	0
108680114980638	27354	0
108680114980670	27350	0
108683062163374	13614	0
108684047140670	18531	0
108684338214684	13613	0
108684338214940	13612	0
108684339569948	29203	0
108684339574044	13611	0
108684406666526	13610	0
108684406670622	13609	0
108684406670766	13608	0
108688582851351	13607	0
108688582851607	13606	0
108688698755358	13605	0
108688701637918	13604	0
108688701638942	13603	0
108688701704478	13602	0
108688702686494	13601	0
108716837041434	18528	0
108716837041435	13600	0
108716837041437	18527	0
108716837041581	18525	0
108717573553943	13599	0
108717573553949	13598	0
108731568026905	13597	0
108731601450269	13596	0
108734009832866	13595	0
108734009832877	13594	0
108734016714157	13593	0
108734016779693	36445	0
108734764807602	13592	0
108748745750303	13591	0
108753059042591	26957	0
108753059050780	13590	0
108753059050781	18185	0
108753075827995	13589	0
108753075827997	13588	0
108753075828141	13587	0
108757367912733	13586	0
108757370795293	13585	0
108757370796317	13584	0
108757370861853	13583	0
108757371843869	13582	0
108785556514074	18522	0
108785556514075	17804	0
108785571673886	13581	0
108786293030423	13580	0
108800275637530	13579	0
108802729305506	13578	0
108817482069786	13577	0
108817515493150	13576	0
108817515493662	13575	0
108821778523420	17800	0
108821795300635	29944	0
108821812065566	27509	0
108826021673751	13574	0
108826028401943	17797	0
108830400199198	13573	0
108830401991966	13572	0
108834646648089	13571	0
108889221437347	13570	0
108889674553283	13569	0
108889942792179	13568	0
108890211227619	13567	0
109405070632905	13566	0
109405080463305	13565	0
109405338871801	13564	0
109405607307241	13563	0
109452415114487	13562	0
109453119780825	13561	0
109457141213145	34648	0
109457141213161	34646	0
109457414748105	13560	0
109459931330505	13559	0
109459941959625	34640	0
109460177889225	34635	0
109461709703161	30364	0
109464233781241	34630	0
109466004670441	30355	0
109468521867241	34628	0
109469058113207	31046	0
109543020605801	13558	0
109543081415147	13557	0
109547315572841	13556	0
109547376382187	13555	0
109599184295419	13554	0
109599184297803	13553	0
109599184428827	13552	0
109599184428843	13551	0
109599452864267	13550	0
109599452864299	13549	0
109603479262699	13548	0
109606499161579	13547	0
109606499163723	13546	0
109606499294763	34622	0
109611205304684	13545	0
109615500271724	13544	0
109642148653052	37214	13
109642149504796	13543	0
109642149504812	13542	0
109642417940227	13541	0
109642417940236	13540	0
109642417940268	13539	0
109642451363587	13538	0
109645420210172	27093	0
109645421061932	34615	0
109645430695756	13537	0
109645430826796	34613	0
109645430860412	34611	0
109645430892332	34609	0
109645688645628	13536	0
109645957089258	28836	0
109670116280314	13535	0
109670118376954	13534	0
109670118379338	13533	0
109670118510378	34606	0
109674411247594	13532	0
109674413344234	13531	0
109710817810427	27960	0
109710828296011	27955	0
109710828427035	13530	0
109710828427051	27952	0
109710828492571	13529	0
109710828492587	27949	0
109711096862475	13528	0
109711096862507	35876	0
109711096928011	13527	0
109711096928043	35873	0
109714570815483	34604	0
109714839250923	34602	0
109714839252347	34600	0
109747679576494	13526	0
109751974543534	13525	0
109779621169070	30337	0
109779626411854	30330	0
109779626542878	13524	0
109779626542894	30326	0
109779626608414	13523	0
109779626608430	30321	0
109779806570243	13522	0
109779894978318	13521	0
109779894978350	36423	0
109779895043854	13520	0
109779895043886	36417	0
109782568871854	34597	0
109783396042670	30316	0
109783401285454	30310	0
109783401416494	34594	0
109783401442430	34588	0
109783401482030	34584	0
109783563683630	30296	0
109783563814670	37638	0
109783916136366	13519	0
109783918233006	13518	0
109787691009966	13517	0
109787693106606	13516	0
109788213201230	13515	0
109788213332254	13514	0
109788213332270	13513	0
109788481767694	13512	0
109788481767726	13511	0
109791988074830	13510	0
109791988205870	34582	0
109816348733869	13509	0
109820643700909	13508	0
109848290326445	30281	0
109848525862659	13507	0
109851041789869	13506	0
109851310225325	13505	0
109851315468109	13504	0
109851315599149	34579	0
109851315613565	34574	0
109851315664685	34570	0
109852585293741	13503	0
109852587390381	13502	0
109855605192621	13501	0
109855607289261	13500	0
109855607290445	13499	0
109855607421485	34566	0
109856882358605	13498	0
109856882489629	13497	0
109856882489645	13496	0
109857150925069	13495	0
109857150925101	13494	0
115468901283233	13493	0
115468901348769	13492	0
115469163623889	13490	0
115469432366529	13489	0
115469440230849	13488	0
115469705520625	13487	0
115537832904098	13485	0
115537832912288	13483	0
115538101142994	21240	0
115538101151184	38494	4
115538856117730	13481	0
115538856125920	13479	0
115565714272418	13477	0
115565714671522	13475	0
115565714702498	13473	0
115565716768162	13470	0
115565747818658	13469	0
115568775858082	13467	0
115568775889058	13465	0
115574337832898	13463	0
115574337834114	13461	0
115574339929538	13458	0
115578582339490	13456	0
115578582468594	13454	0
115578582470530	13452	0
115578584565234	13449	0
115582877435874	13448	0
115582879532514	13446	0
115584881985442	13444	0
115584882016418	13442	0
115633628443553	13441	0
115633628854177	13439	0
115633628873633	13438	0
115633661989793	13437	0
115637168389361	13435	0
115637436824993	13434	0
115637445034913	13433	0
115641731791841	13432	0
115641731792289	13431	0
115642252015553	13429	0
115642252016769	13427	0
115646496522145	13425	0
115646496651249	13423	0
115646496653185	13421	0
115649247985057	13419	0
115649247985569	13417	0
115649247985601	13416	0
115650791618529	13415	0
115653542952353	13414	0
115653542952609	13413	0
115653551162273	13412	0
115653811388065	13411	0
115653811388081	13410	0
115653811517393	13409	0
115653811517409	13408	0
115653811519105	13407	0
115726599320995	13406	0
115726599386531	13405	0
115726861661651	13403	0
115727130404291	13402	0
115727138268611	13401	0
115727403558387	13400	0
115731106443429	13398	0
115731374682325	24181	0
115732129657061	13396	0
115771598960035	13394	0
115771599025571	13392	0
115771599455651	13390	0
115771605841315	27903	0
115771632506275	13389	0
115771632571811	13388	0
115771639387555	27895	0
115774917215651	13386	0
115774917641635	34541	0
115774917707171	34538	0
115775927461331	13385	0
115775934342611	13384	0
115779205899731	13383	0
115779205899747	13382	0
115779693067285	26380	0
115780222428611	13380	0
115780229309891	13378	0
115783937703701	26374	0
115784467064307	13376	0
115784473945587	30249	0
115788762031587	13375	0
115788768912867	30242	0
115791023343011	13373	0
115791023768995	34529	0
115791023834531	34526	0
115791286109651	34512	0
115791286109667	34504	0
116294333543929	13370	0
116294601979369	13368	0
116343136895406	24483	0
116349579309230	13367	0
116353868858286	13366	0
116353874265006	13365	0
116354696397742	13364	0
116355216491182	30235	0
116358168740526	13363	0
116359508247982	13360	0
116359508313518	13358	0
116362458899886	34493	0
116362458965422	34491	0
116362460988846	34486	0
116362461054382	34479	0
116363321460142	30226	0
116411806052781	24480	0
116411806183821	13357	0
116411806185245	13356	0
116411806185261	13355	0
116411808280909	13353	0
116411808281885	13351	0
116411808281901	13348	0
116422342144941	13347	0
116422610580397	13346	0
116422610711437	13345	0
116423885648557	30220	0
116423885779597	13343	0
116423885780765	13341	0
116423885780781	13339	0
116423887877149	13338	0
116423887877405	13336	0
116423887877421	13334	0
116426905679661	13331	0
116426907776301	13328	0
116428177387357	13325	0
116428177405357	13322	0
116428177470893	13320	0
116428177601933	13318	0
116428182844701	13315	0
116428182844717	13313	0
116428451279629	13309	0
116428451280141	13304	0
116428451280173	13301	0
116430967207341	13297	0
116430967207369	13295	0
116431202743597	34475	0
116431235642797	13291	0
116431236297997	37624	0
116499686680009	28783	0
116564596168638	13289	0
116568675489201	13288	0
116568675554737	13287	0
116568675554769	13286	0
116568943990193	13285	0
116568943990209	13284	0
116569212229105	13283	0
116569480664545	13282	0
116569480730033	13281	0
116569486636433	27475	0
116586413627386	26368	0
116615919476401	13280	0
116615952899765	13278	0
116652341135346	17959	0
116652341194898	13276	0
116652341397426	13274	0
116652341440658	13272	0
116652374689746	13270	0
116652374820786	13268	0
116654598326194	38204	6
116654599374770	17173	0
116654867810226	13266	0
116654867810242	13263	0
116655133100018	13259	0
116655133100026	13258	0
116655402627186	35954	0
116655402627218	35948	0
116669537650610	38204	7
116669537650623	13257	0
116669554427826	13254	0
116669554427838	13253	0
116669554427858	13251	0
116673849395122	13249	0
116673849395138	13247	0
116682405775282	36001	0
116684656807602	13244	0
116720255318001	17952	0
116720255366033	13243	0
116720255580081	13241	0
116720255611793	13240	0
116720288872401	13239	0
116720289003441	13237	0
116723258636209	13236	0
116723258701745	13234	0
116723258701777	13231	0
116723258701786	13230	0
116723509376958	13228	0
116723509376986	13227	0
116723526875105	35507	0
116723526875121	35503	0
116723526877073	35498	0
116723527137201	13225	0
116723527137217	13222	0
116723795310545	13220	0
116723795310577	13218	0
116723795376113	13215	0
116724063746001	13213	0
116724063746017	13211	0
116724063747473	13209	0
116724063811553	13206	0
116724063877041	13204	0
116724071773041	13203	0
116724071773073	13202	0
116737451833265	28955	0
116737451833279	13201	0
116737468610481	13198	0
116737468610494	13197	0
116737468610513	13195	0
116741243484081	13193	0
116741243484094	13192	0
116741243484113	13190	0
116741243484129	13188	0
116741763577777	13186	0
116741763577793	13184	0
116750319957937	28073	0
116753323015857	13183	0
116753323079601	13181	0
116753323079633	13180	0
116753323079649	13179	0
116753323081393	13177	0
116753324875441	13176	0
116753391722163	13175	0
116753391722165	13173	0
116792223934398	34460	0
116792223934426	34458	0
116792521730042	34453	0
116826373526963	13172	0
116826373592499	13171	0
116826373592531	13170	0
116826642027955	13169	0
116826642027971	13168	0
116826910266867	13167	0
116827178702307	13166	0
116827178767795	13165	0
116827184674195	27469	0
116858225948051	13163	0
116858226193811	13161	0
116861009855891	34442	0
116861543953811	29499	0
116874892449215	13160	0
116874909226430	13159	0
116875429189043	27054	0
116875429189055	13158	0
116875445966259	13155	0
116875445966270	13154	0
116875445966291	13153	0
116878684100030	13152	0
116878717523379	13150	0
116878717523390	13148	0
116878717523411	13147	0
116878717523427	13146	0
116879734060435	13144	0
116879740933555	13142	0
116879740933571	13140	0
116888290440595	32566	0
116888297313715	29489	0
116890763695595	13139	0
116890763697845	13138	0
116890797118899	13136	0
116890797118931	13135	0
116890797118947	13134	0
116890797118955	13132	0
116890797121203	13131	0
116890797121205	13130	0
117442648590110	13129	0
117442648590126	13128	0
117454728185630	13126	0
117454728185646	13124	0
117458503059246	13122	0
117459019871646	13120	0
117459019875742	13118	0
117462833075646	13116	0
117476203116318	26363	0
117476734383934	13115	0
117476734388026	13114	0
117476734388030	13112	0
117476757063466	34437	0
117477007734574	13111	0
117477007738666	13110	0
117477007738670	13108	0
117477008410414	34430	0
117513565894579	13107	0
117522184140725	13104	0
117526417241901	13101	0
117526417242033	13098	0
117526434019248	13095	0
117530747246015	13092	0
117547925043123	13091	0
117547936905138	34423	0
117596425270686	32561	0
117599466722750	13089	0
117599735158206	13087	0
117613447735066	35488	0
117613608515358	26358	0
117614139782974	35526	0
117614202709802	34420	0
117614413133614	29480	0
117614413809454	34414	0
117630638923445	13086	0
117631375501233	13085	0
117631375501234	34411	0
117663285909423	13083	0
117663288005807	13082	0
117663288006063	13081	0
117664258858951	24988	0
117664259219911	35391	0
117664259220167	35386	0
117664269341894	13080	0
117664269341895	13079	0
117664269342151	13078	0
117667381704097	13077	0
117667381888417	13076	0
117667387667873	13074	0
117667388704161	35159	0
117667389752737	13073	0
117667389756833	13072	0
117667582973359	13071	0
117667582977455	13070	0
117668455617985	13069	0
117668455622081	13068	0
117668456670657	13066	0
117668463486401	13065	0
117668564309447	13064	0
117668564313543	13063	0
117668723856881	13062	0
117668992292321	13061	0
117685633394625	22526	0
117685633394627	13060	0
117685643159489	13059	0
117685643225025	22524	0
117685660002241	26353	0
117685660002242	13058	0
117685676582853	13056	0
117704524231111	13055	0
117710330843041	13054	0
117710364266405	13052	0
117714626301601	32549	0
117714643066532	26342	0
117714643066533	26341	0
117714659843747	26338	0
117714659843749	26337	0
117714659847845	32544	0
117736302445487	13050	0
117736302445986	13048	0
117736302445999	13046	0
117736302454176	13044	0
117736302454191	13043	0
117736319223202	13041	0
117736319231392	13039	0
117736319288738	13038	0
117736319296928	13037	0
117737283781574	13036	0
117737283781575	13035	0
117737283782082	13033	0
117737283782087	13031	0
117737283790272	13029	0
117737283790279	13028	0
117751869605794	13026	0
117751869605807	13025	0
117751886383010	13023	0
117751886448546	13022	0
117754379437986	13021	0
117754379438018	13018	0
117754379438530	13016	0
117754379477106	13015	0
117754379477116	13013	0
117754379477186	13011	0
117754379478976	13010	0
117754379478978	13009	0
117754914211746	13007	0
117754914250866	13006	0
117756164573090	13004	0
117756164573103	13003	0
117756166669730	36690	0
117756166669743	13001	0
117756181350306	12999	0
117756181415842	12998	0
117756183446946	17168	0
117756183512482	12996	0
117758674405282	12995	0
117758674405314	12993	0
117758674405570	12991	0
117759209179042	12989	0
117773243649986	12987	0
117773243649991	12986	0
117773243707586	12984	0
117773243707591	12983	0
117773253845186	35981	0
117773254133186	12980	0
117773254133191	12978	0
117773361022914	12976	0
117773361088450	12974	0
117773361088706	12972	0
117773363185090	12970	0
117773363945666	19380	0
117773364955074	12967	0
117774780532642	12964	0
117774780532674	12962	0
117777538617282	12960	0
117777538617287	12959	0
117781833715362	17581	0
117781833715367	17580	0
117783362539170	12957	0
117783362539172	12956	0
117783362539173	12955	0
117783368370082	12952	0
117783379316386	22520	0
117783379316387	12951	0
117783379316389	22519	0
117783379324576	37078	0
117783379324581	37077	0
117819783788449	12949	0
117819783788463	12948	0
117819800565665	12946	0
117819800631201	12945	0
117823038764961	12944	0
117823038764993	12941	0
117823038765505	12939	0
117823038792641	12938	0
117823038793665	12936	0
117823038793667	12935	0
117823048558529	12934	0
117823048622961	12933	0
117823048622972	12932	0
117823048623041	12931	0
117823048624065	12930	0
117823115405251	12929	0
117823115405253	12927	0
117823307003809	12926	0
117823307003823	12925	0
117823307003889	12922	0
117823307004401	12920	0
117823575439265	12919	0
117823575439329	12916	0
117823575439841	12914	0
117823575504801	12913	0
117823583396721	12912	0
117824078755745	12910	0
117824078755759	12909	0
117824095532961	12907	0
117824095598497	12906	0
117827333732257	12905	0
117827333732289	12903	0
117827333732545	12902	0
117827601971105	12901	0
117827601971119	12900	0
117827601971185	12898	0
117827601971441	12897	0
117827870406561	12896	0
117827870406625	12894	0
117827870406881	12893	0
117827870472097	12892	0
117841157832641	12890	0
117841157832647	12889	0
117841157878721	12888	0
117841157878727	12887	0
117841168016321	12886	0
117841275205569	12885	0
117841275271105	12884	0
117841275271361	12883	0
117841278116801	12882	0
117845452799937	12880	0
117845452799943	12879	0
117847736242081	12878	0
117847803088803	12877	0
117847803088805	12875	0
117849747898017	17575	0
117849747898023	17574	0
117852029597601	12873	0
117852029597665	12872	0
117852029599361	12871	0
117852029599393	12869	0
117852029599399	12868	0
117852031696545	12867	0
117852031696549	12866	0
117852031700641	12865	0
117852098793123	12864	0
117852098793125	12863	0
117852098797219	37621	0
117852098797221	37620	0
117856561538479	12862	0
117856561545647	12861	0
117857542874567	12860	0
117857542881734	12859	0
117857542881735	12858	0
117891768100801	12857	0
117891768100802	34406	0
117891784878016	12855	0
117891784878018	37618	0
117896323540399	34396	0
117920751169188	34379	0
117920751169189	34378	0
117920751177377	12854	0
117920751177378	34376	0
117920767954592	12853	0
117920767954594	37616	0
117925079741859	12852	0
117925079926179	12851	0
117925085705635	12849	0
117925086741923	38001	0
117925087790499	12848	0
117925087794595	12847	0
117925281015215	12846	0
117926153655747	12845	0
117926153659843	12844	0
117926154708419	12842	0
117926161524163	12841	0
117926262351303	12840	0
117926421894643	12839	0
117926690330083	12838	0
117929575985317	12836	0
117929575985327	12835	0
117929592762533	12833	0
117929592828069	12832	0
117930557321413	12831	0
117930557321414	12830	0
117930557321415	12829	0
117960487380933	12828	0
117960520803779	12826	0
117960520804291	12825	0
117960520804293	12824	0
117961519187375	38038	0
117961535964590	28772	0
117962055927203	38001	0
117962055927215	38022	0
117962072704419	28762	0
117962072704430	28759	0
117962072708515	27868	0
117964808324515	34359	0
117964808324547	34346	0
117965043017135	37970	0
117965076563363	37950	0
117965076563375	37892	1
117965076563443	37923	0
117965310838190	28755	0
117965344261539	28747	0
117965344261550	28742	0
117965344261603	28739	0
117965344998819	34332	0
117965344998883	34328	0
117965345064355	34313	0
117978606773703	31797	0
117979128460739	12822	0
117979128460743	12821	0
117979143513539	31777	0
117979143513543	31771	0
117979245684163	12819	0
117979252561347	12817	0
117979252565443	31761	0
117979253614019	31754	0
117980913530275	12815	0
117980913530307	12814	0
117980922316195	34299	0
117980922316227	34290	0
117985175062010	12813	0
117985175064485	12812	0
117985208485283	12810	0
117985208485363	12809	0
117985208485370	12807	0
117985208487843	12806	0
117985208487845	12805	0
117989470029290	12804	0
117989470645925	34284	0
117989470650017	26335	0
117989470650021	34282	0
117989487427232	37093	0
117989487427237	37611	0
117989503452579	12803	0
117989503452643	12802	0
117989503452650	12800	0
117989503456675	12799	0
117989504189859	34274	0
117989504189923	34272	0
117989504192163	34270	0
117989504192165	34269	0
117989510153635	34256	0
118201029470147	12798	0
118201056077596	12797	0
118201056077762	12796	0
118201073149893	22514	0
118205351044876	12793	0
118209585845191	12792	0
118209585849287	12791	0
118209595680572	12790	0
118209647716293	12787	0
118209663076293	12786	0
118209854084087	12785	0
118210122519527	12784	0
118213880817452	12781	0
118213880817601	12778	0
118213897594816	12775	0
118218185909703	34254	0
118218218837447	12772	0
118218218841543	12769	0
118218219455943	34243	0
118253400991681	26331	0
118253400991682	12767	0
118253417572293	12763	0
118253592131521	26327	0
118254128375747	12759	0
118254145828801	12758	0
118254145828802	34239	0
118254155966401	12754	0
118254155966402	34233	0
118254391896002	34228	0
118254397425602	34218	0
118262735871527	34215	0
118610762330567	12753	0
118610762461607	25247	0
118612272412579	12752	0
118612274509219	12751	0
118612308012965	22507	0
118612308062627	12750	0
118612308062629	22505	0
118616586252452	12749	0
118616586252453	12748	0
118616603029667	12747	0
118616603029669	12743	0
118620828791719	12742	0
118620830888869	12741	0
118620890658725	12738	0
118620897939365	12737	0
118620897996965	12736	0
118620897997221	12735	0
118622841926343	12733	0
118622842057383	31746	0
118625123760033	12730	0
118625125856417	12729	0
118625125856673	12728	0
118625140537248	12725	0
118625142633632	12724	0
118625142633888	12723	0
118627133748679	12721	0
118627133879719	12718	0
118629420770735	34212	0
118629420823457	12717	0
118629420823969	12716	0
118629420823970	34207	0
118629437601184	12712	0
118629437601186	37604	0
118629453579695	12709	0
118629453583791	12706	0
118629453591981	12703	0
118629454316975	34194	0
118629454378400	34190	0
118629454378401	37601	0
118644987983777	12702	0
118644987983778	34187	0
118648546185125	12698	0
118649282951073	12697	0
118649282951074	34183	0
118649285047713	12693	0
118649285047714	34177	0
118679481803207	35706	0
118681027489445	22502	0
118686461079751	12691	0
118689617415845	12690	0
118690756035527	12689	0
118691561398983	31552	0
118695050388167	31736	0
118695853221319	31547	0
118698173056430	35909	0
118699340735943	34166	0
118699342824903	34154	0
118716424562627	12688	0
118716436424642	34150	0
118763085960374	12687	0
118766893266385	12686	0
118766901384609	12685	0
118766901384625	12684	0
118767169820049	12683	0
118767169820081	12682	0
118767169885617	12681	0
118768503985585	32220	0
118785434785788	26321	0
118794370225591	26317	0
118835830785490	21516	0
118835830793680	38547	0
118835830916514	12680	0
118835830916530	12679	0
118835830924704	12678	0
118835830924720	12677	0
118836099351986	12675	0
118836099360176	12673	0
118836100400054	12672	0
118836100400562	12670	0
118836100408752	12668	0
118851397945298	18732	0
118851397945810	18728	0
118851398076322	12667	0
118851398076338	12665	0
118851402794962	17159	0
118851402846322	36966	0
118854154258386	12662	0
118854154258418	12658	0
118854154258428	12656	0
118854422693842	12653	0
118854422693858	12649	0
118855693043618	12648	0
118855693043634	12647	0
118855693043890	12646	0
118855695140258	12644	0
118855695140274	12642	0
118859870572466	12639	0
118859870572471	12638	0
118859880583346	17154	0
118859988010930	12636	0
118859988011186	12635	0
118859988041906	12634	0
118859990107570	12632	0
118859990683826	36950	0
118859991156146	12629	0
118863091794871	22499	0
118863091806391	12628	0
118878848225202	12625	0
118883143192242	12623	0
118883143241906	12621	0
118919312127953	18723	0
118919312128465	18719	0
118919312258977	12620	0
118919312258993	12618	0
118919317017457	12617	0
118922818566097	12615	0
118922818566129	12613	0
118922818566609	12611	0
118922818566641	12609	0
118923087001553	12607	0
118923087001569	12605	0
118923087002065	12603	0
118923087002081	12601	0
118923087132577	12600	0
118923087132593	12598	0
118923607226273	12597	0
118923607226289	12596	0
118923607226545	12595	0
118927382099873	12594	0
118927382099889	12593	0
118927382100145	12592	0
118927784755121	12589	0
118927784755127	12588	0
118927794754481	12587	0
118927902193585	12586	0
118927902193841	12585	0
118927902213041	12584	0
118927904854961	12583	0
118931677067185	12582	0
118931677067441	12581	0
118931677086641	12580	0
118931811271607	12579	0
118931811283127	37599	0
118947246192593	12577	0
118947246192625	12575	0
118947246194561	12573	0
118947514433457	12572	0
118951541159889	12571	0
118951541159905	12570	0
118951541161601	12569	0
118951809400497	12568	0
118951809438641	12567	0
118951812387761	12566	0
118956359500214	12565	0
118991542888444	34144	0
119000525514167	34136	0
119024591304147	12564	0
119024599422371	12563	0
119024599422387	12562	0
119024867857811	12561	0
119024867857843	12560	0
119024867923379	12559	0
119026202023347	32214	0
119029104324821	24659	0
119029104455845	12558	0
119029104455861	12557	0
119029372891317	12555	0
119029373939893	12554	0
119029373939894	12553	0
119056756455189	26311	0
119061048277525	26308	0
119061584328147	27843	0
119061584336291	27839	0
119061584336307	27833	0
119064587449811	12551	0
119064587449843	12549	0
119064855885267	12547	0
119064855885283	12545	0
119064856692131	34125	0
119064856692147	34118	0
119065233511863	27829	0
119065343244565	26305	0
119065770251699	27815	0
119065770251703	27814	0
119065872422291	32261	0
119065872422323	32256	0
119065872795059	12544	0
119065879303603	27804	0
119065880352179	27791	0
119069151659443	34106	0
119069152708019	34093	0
119069244990903	34091	0
119082951620051	12542	0
119082951620083	12541	0
119084720784851	37781	0
119084720784883	37770	0
119087246587347	12540	0
119087246587363	12539	0
119087246595507	12538	0
119089015084451	12537	0
119089015084467	12536	0
119089015752147	34087	0
119089015752163	34085	0
119089283519923	12534	0
119089284568499	12532	0
119298074710455	35351	0
119299762411289	35414	0
119299762411291	35413	0
119299762411442	35411	0
119299953735449	12531	0
119304057378569	38174	0
119304057378571	38172	0
119304248701111	12530	0
119304248702729	12529	0
119308302014265	17146	0
119308302014267	17145	0
119308537943865	35399	0
119308537943867	35397	0
119308543656887	12528	0
119309634212791	35342	0
119310154306231	31040	0
119312837825207	27785	0
119312837826345	27782	0
119312837826347	27781	0
119312838625065	12526	0
119314446128567	27190	0
119316925175223	27773	0
119317128357303	34083	0
119317130446263	34075	0
119364159330227	12525	0
119364171192242	34071	0
119812468893468	26300	0
119813223868204	34049	0
119863852668905	12523	0
119863854765289	12522	0
119863854765545	12521	0
119866404959649	12520	0
119866405143969	12519	0
119866413008289	12518	0
119868015547873	12517	0
119868018378209	12516	0
119868149732841	12515	0
119868149736937	12514	0
119884146349997	26298	0
119885198051297	32075	0
119885198116833	32069	0
119885214894049	31948	0
119885214894050	31946	0
119885231474661	32062	0
119885325408229	33071	0
119885327505379	33064	0
119885327513569	33059	0
119889490365153	32716	0
119889507130084	26289	0
119889507130085	26288	0
119889523907299	26283	0
119889523907301	26281	0
119889523911397	32710	0
119893784840673	12513	0
119893818264037	12511	0
119936869204969	12509	0
119936869205474	12506	0
119936869205481	12504	0
119936869213664	12501	0
119936869213673	12500	0
119950825752546	38204	5
119950825752562	38238	0
119950825883586	37466	0
119950825949122	12498	0
119950835779522	18510	0
119950835826802	18506	0
119952865822626	12495	0
119952865822637	12494	0
119952865822658	12491	0
119952865823170	12488	0
119953934321634	38292	0
119953934368882	38283	0
119953934368894	38204	4
119953934368994	38278	0
119953934370784	38275	0
119953934370786	38204	4
119953935370210	12484	0
119953935370722	12481	0
119954045929442	22487	0
119954045937632	22483	0
119954046978018	22479	0
119954046978019	12480	0
119954046986208	22476	0
119954046990304	12478	0
119958226602722	12476	0
119958226602724	12475	0
119958226602725	12474	0
119958230337506	12471	0
119958230337762	12468	0
119958243379938	22472	0
119958243379939	12466	0
119958243379941	22470	0
119958243388128	37139	0
119958243388133	37135	0
119962522160098	12463	0
119962522206434	12460	0
119963704034754	12457	0
119966817127138	12454	0
119966818174914	12452	0
119966818174946	12449	0
119980890308834	12448	0
119980890523618	12446	0
119980890523625	12445	0
119980890554594	12444	0
119980892620258	19371	0
119980892620265	12443	0
119982389528546	12441	0
119982924302274	12439	0
119982924302306	12438	0
120018739935201	31928	0
120018739935217	31925	0
120018740066241	31875	0
120018740131777	12436	0
120018749997937	12435	0
120021525084065	12434	0
120021525084097	12432	0
120021525084609	12430	0
120021525149601	12428	0
120021525149633	12426	0
120021525150145	12424	0
120022598629345	12423	0
120022598629857	12422	0
120022598694817	12421	0
120022598694881	12419	0
120022598695393	12418	0
120022598695649	12416	0
120022603450337	12415	0
120022603514737	12414	0
120022603514750	12413	0
120022603514849	12412	0
120022603515873	12411	0
120022670297059	12409	0
120022670297061	12406	0
120022765680619	12405	0
120022765717475	12404	0
120022766454755	12403	0
120022766458851	37595	0
120022766467040	12402	0
120022766467041	37590	0
120026893662113	12401	0
120026893662177	12399	0
120026893662433	12398	0
120026893662945	12396	0
120026893662951	12395	0
120026895760097	12394	0
120026895760101	12393	0
120026895764193	12391	0
120026962856675	12389	0
120026962856677	12387	0
120026962860771	37587	0
120026962860773	37585	0
120031190239713	12386	0
120031191352289	12385	0
120031257086435	12384	0
120031257086437	12382	0
120031322061799	12381	0
120031322096615	12380	0
120035483335393	12379	0
120048804479969	12378	0
120048804706273	12377	0
120048804706281	12376	0
120048804725729	12375	0
120051052787681	12374	0
120051052853153	12372	0
120051052853217	12371	0
120051321288673	12370	0
120051321288681	12369	0
120051321288929	12368	0
120051589527489	12367	0
120051589527521	12366	0
120057128297961	12365	0
120057128305129	12364	0
120090254452653	34047	0
120091322992609	12362	0
120091322992610	34040	0
120091339769824	36406	0
120091339769826	37561	0
120091480238059	34035	0
120091480277630	34032	0
120091480279010	34026	0
120091480696804	34023	0
120091480696805	34022	0
120091480704994	34019	0
120095615232740	34015	0
120095615232741	34014	0
120095615240929	12360	0
120095615240930	34011	0
120095632018144	12358	0
120095632018146	37558	0
120120042857961	33994	0
120124102997411	12357	0
120124103181731	12356	0
120124111046051	12355	0
120125713585635	12354	0
120125716415971	12352	0
120125847774697	12351	0
120130142744805	12348	0
120130142744809	12347	0
120156189374229	26266	0
120160042272741	30205	0
120160075695587	30200	0
120160075696099	30196	0
120160075696101	30194	0
120160200173541	33987	0
120160200177637	33982	0
120160201226213	38204	3
120164334093742	12345	0
120164334709477	33977	0
120164334713569	26261	0
120164334713573	33974	0
120164351490784	37163	0
120164351490789	37553	0
120164367513059	12343	0
120164367517091	12341	0
120164367517102	12338	0
120164367517155	12336	0
120164368254371	33971	0
120164368254435	33963	0
120164368255715	33958	0
120164368255717	33956	0
120168629062117	12335	0
120168662484451	12332	0
120168662485475	12331	0
120168662485477	12330	0
120168663533027	12327	0
120169578358211	37340	10
120169578362307	12325	0
120172957439427	12324	0
120172957439459	12322	0
120186245137897	30191	0
120186758215139	12321	0
120186758219235	32633	0
120186758219242	32632	0
120186774996451	32625	0
120186775061987	12320	0
120186775307747	12319	0
120186781877731	31715	0
120186781877737	30188	0
120188493284842	30184	0
120188526708131	30181	0
120188526708195	30179	0
120188526708202	30175	0
120188527379939	33948	0
120188527445411	33945	0
120188527445475	33943	0
120188531312099	33938	0
120188762334697	33936	0
120188795880931	33928	0
120188795880937	33917	0
120188796929507	33909	0
120397502412569	12318	0
120397502412585	12317	0
120397502596889	24474	0
120397502596905	12316	0
120397512427289	35609	0
120397512427305	35607	0
120400720021481	35599	0
120400720447465	30691	0
120400722536425	30685	0
120400723585001	30681	0
120400723588889	12315	0
120400723589097	12314	0
120405018554599	12313	0
120405018554601	12312	0
120405018556169	12311	0
120405018556393	12309	0
120409145775079	12308	0
120409307857897	35590	0
120409307858745	35584	0
120409307858750	35579	0
120409307858921	35573	0
120409308284905	12306	0
120409312462825	12303	0
120409313510375	12302	0
120409313510377	12301	0
120409313511401	12299	0
120409582008089	12297	0
120409582008105	12295	0
120409582192409	12292	0
120409582192425	30168	0
120412098590505	12289	0
120413607740135	30165	0
120413607740137	30164	0
120413607741225	30161	0
120413607741230	30160	0
120413607741417	30158	0
120413608478505	12287	0
120413608478697	12285	0
120413608482793	37550	0
120417774769639	31032	0
120417898210791	37713	0
120417898210793	37712	0
120417898211305	37708	0
120417900299751	37701	0
120417900299753	37699	0
120417900300265	37694	0
120461117999081	35568	0
120461118425065	30674	0
120461120948201	30155	0
120461121566489	26258	0
120461121566689	26255	0
120461121566697	26254	0
120461652707305	21332	0
120461652772665	35564	0
120461652772841	35562	0
120461656639465	30147	0
120461657688035	38528	0
120461657688041	38522	0
120461921208290	35555	0
120461921208297	35551	0
120461922256873	38204	4
120461926123305	30143	0
120461926123497	30141	0
120461926189033	37579	0
120461926860585	33905	0
120461926860770	33902	0
120461926860777	33901	0
120463637096425	33896	0
120463638145001	33894	0
120463638149089	26252	0
120463638149097	33892	0
120463654926304	38301	0
120463654926313	38204	4
120463671691235	33890	0
120463671691241	38595	0
120463700010981	33888	0
120463700010985	33884	0
120538030446051	12284	0
120538063972837	22464	0
120538063999459	12283	0
120538063999461	22462	0
120542342189284	12282	0
120542342189285	12281	0
120542358966499	12280	0
120542358966501	12277	0
120542423953639	12275	0
120542423953641	12274	0
120546584728551	12273	0
120546586825701	12272	0
120546653899237	12271	0
120546653933797	12270	0
120546653934053	12269	0
120546713252841	12268	0
120546713256937	12267	0
120546718909415	12266	0
120546718909417	12265	0
120550881793249	12264	0
120550881793505	12263	0
120550898570464	12262	0
120550898570720	12261	0
120551013135079	12260	0
120551013135081	12259	0
120551013139175	12258	0
120551013139177	12257	0
120555176732137	33880	0
120555176760289	12256	0
120555176760801	12255	0
120555176760802	33875	0
120555193538016	12252	0
120555193538018	37544	0
120555209528811	12250	0
120555209537001	12248	0
120555209541097	12246	0
120555210278377	33869	0
120555210315232	33865	0
120555210315233	37541	0
120555303609831	33862	0
120555303609833	33861	0
120555305698791	33855	0
120555305698793	33851	0
120598461336037	12245	0
120599200175585	12244	0
120599200175586	33848	0
120962525360599	12242	0
120962525360855	12239	0
120965916521937	12238	0
120965916587425	12237	0
120965916771745	12236	0
120965920445937	12235	0
120966189938065	12234	0
120966721762769	12232	0
120966722065841	12231	0
120966722065873	12230	0
120966724711889	12228	0
120966725207505	12227	0
120983904384977	12226	0
120983904450513	22459	0
120983905060817	22456	0
120983921227729	26247	0
120983921227730	12224	0
120983921825748	26245	0
120983921825749	26244	0
120983937808341	12221	0
120983938602963	26241	0
120983938602965	26239	0
120983938607061	22452	0
120988196207313	12220	0
120988196883153	32692	0
120988213648084	26237	0
120988213648085	26236	0
120988229630677	12217	0
120988230425299	26233	0
120988230425301	26231	0
120988230429397	32686	0
120998764454359	12216	0
121050337380338	12214	0
121050337445874	12211	0
121050337576898	12209	0
121050337576914	12206	0
121050354223090	12203	0
121050354223098	12202	0
121050354354130	12199	0
121050354354138	12198	0
121052640643026	12195	0
121052640643058	12193	0
121052640702578	12191	0
121052640702589	12188	0
121052640702674	12185	0
121052640704464	12183	0
121052640704466	12181	0
121052641298386	12179	0
121052641298388	12178	0
121052641298389	12177	0
121052658075602	22447	0
121052658075603	12175	0
121052658075605	22445	0
121052658083792	22441	0
121052658083797	22439	0
121054649190386	12173	0
121054649190642	12171	0
121054649321426	12169	0
121054649321682	12167	0
121054651287026	12164	0
121054651418066	18174	0
121056933120722	12162	0
121056933120724	12161	0
121056933120725	12160	0
121056949897938	22435	0
121056949897939	12158	0
121056949897941	22433	0
121056949906128	38505	0
121056949906133	38494	3
121058893827058	12155	0
121058893827063	12154	0
121067483930834	12152	0
121067483930839	12151	0
121067517046994	12149	0
121067517446098	12146	0
121067517446105	12145	0
121067517477074	12143	0
121067519542738	19365	0
121067519542745	12142	0
121118251562993	12140	0
121118251628529	12137	0
121118251759553	12135	0
121118251759569	12132	0
121118268405745	12129	0
121118268405754	12128	0
121118268536785	12125	0
121118268536794	12124	0
121121036646305	12122	0
121121036646385	12120	0
121121036646394	12119	0
121121036646897	12117	0
121121036777377	12115	0
121121036777409	12113	0
121121036777425	12111	0
121121036777434	12110	0
121121036777921	12108	0
121121036777937	12106	0
121121305212833	12105	0
121121305212849	12103	0
121121305212881	12100	0
121121305212890	12099	0
121121305213393	12097	0
121121305213649	12095	0
121121309784017	12094	0
121121309848433	12093	0
121121309848445	12092	0
121121309848529	12091	0
121121309849553	12090	0
121121310455761	12089	0
121121310455765	12088	0
121121310459857	12086	0
121121376630739	12084	0
121121376630741	12081	0
121121377552339	12079	0
121121377552341	12077	0
121121377556435	37538	0
121121377556437	37536	0
121122563373041	12075	0
121122563373297	12074	0
121122563504081	12072	0
121122563504337	12071	0
121125600180129	12070	0
121125600180145	12069	0
121125600180177	12067	0
121125600180401	12066	0
121125600180433	12065	0
121125600180945	12063	0
121125600180951	12062	0
121125601606353	12061	0
121125602278097	12060	0
121125602278101	12059	0
121125602282193	12057	0
121125668453075	12055	0
121125668453077	12052	0
121125669374675	12050	0
121125669374677	12048	0
121125669378771	37533	0
121125669378773	37531	0
121126808009713	12045	0
121126808009719	12044	0
121135398101969	12043	0
121135398101975	12042	0
121135431218129	12041	0
121135431628753	12040	0
121135431628761	12039	0
121135431648209	12038	0
121137679775649	12036	0
121137679775665	12034	0
121137679775697	12032	0
121137679775706	12031	0
121137679776641	12029	0
121190029326289	12027	0
121190029326290	33842	0
121190029928404	33839	0
121190029928405	33838	0
121190029936593	12025	0
121190029936594	33835	0
121190046103504	12022	0
121190046103506	37522	0
121190046713808	12020	0
121190046713810	37519	0
121194321750740	33830	0
121194321750741	33829	0
121194321758929	12018	0
121194321758930	33826	0
121194338536144	12016	0
121194338536146	37516	0
121206401344986	33822	0
121223614559699	12015	0
121223614625187	12014	0
121223614809507	12013	0
121223618483699	12012	0
121223887975827	12011	0
121224419800531	12010	0
121224420103603	12009	0
121224420103635	12008	0
121224422749651	12006	0
121224423245267	12005	0
121258748606421	12003	0
121258749405141	33818	0
121258749409233	26228	0
121258749409237	33815	0
121258766186448	26225	0
121258766186453	37507	0
121258782029267	12000	0
121258782029779	11998	0
121258782029781	11996	0
121258782950867	33807	0
121258782951379	33804	0
121258782951381	33802	0
121260540483059	29466	0
121260540491219	29456	0
121263040427437	11994	0
121263040428757	11992	0
121263041227477	33796	0
121263041231569	26221	0
121263041231573	33793	0
121263058008784	37149	0
121263058008789	37503	0
121263073850787	11990	0
121263073850797	11987	0
121263073850803	11985	0
121263073850835	11982	0
121263073852115	11980	0
121263073852117	11978	0
121263074772387	33786	0
121263074772403	33780	0
121263074772435	33772	0
121263074773715	33765	0
121263074773717	33763	0
121269089981939	11976	0
121269089990083	11974	0
121269089990099	11972	0
121272871876057	11971	0
121273368683987	11969	0
121273368683991	11968	0
121273384957363	11967	0
121273384957395	11964	0
121273384957402	11963	0
121273401734611	11960	0
121273401800147	11958	0
121273402230227	11956	0
121273408615891	31699	0
121273408615897	11955	0
121275120023002	11954	0
121275120821722	33759	0
121275153446307	11953	0
121275153446323	11952	0
121275153446355	11950	0
121275153446362	11948	0
121275154367907	33753	0
121275154367923	33744	0
121275154367955	33737	0
121275154367962	33726	0
121497014040345	11947	0
121497014040361	11946	0
121497014224665	24465	0
121497014224681	11945	0
121497030857207	24887	0
121497030988247	24884	0
121498782529305	11944	0
121499295610835	11943	0
121503077496585	11939	0
121507322132281	11938	0
121507851989975	11937	0
121507852293047	11936	0
121507852293079	11935	0
121507913856981	11932	0
121509093635865	11929	0
121509093635881	11926	0
121509093820185	11924	0
121509093820201	30136	0
121509110452983	31028	0
121509110584023	31024	0
121511610218281	11921	0
121512146958125	11918	0
121512146958289	11915	0
121512163735504	11912	0
121513402275319	11910	0
121513402406359	11908	0
121544091081767	33724	0
121547744737241	22429	0
121547745347545	22427	0
121547747686361	11907	0
121547748488985	26218	0
121547748489169	26214	0
121547748489177	26213	0
121548279445465	11906	0
121548279510841	11905	0
121548279511001	11904	0
121548283377625	11901	0
121548284426195	11895	0
121548284426201	11892	0
121548386052049	11891	0
121548386052050	33721	0
121548547946450	33714	0
121548547946457	33711	0
121548548995033	37498	0
121548552861481	11890	0
121548552861657	11889	0
121548552927193	11888	0
121548553783081	33705	0
121548553783250	33695	0
121548553783257	33694	0
121565750329850	11887	0
121565750460890	24027	0
121576303199226	11886	0
121576303330266	11885	0
121576571765722	11884	0
121577829925626	11882	0
121577830056666	29450	0
121582121375226	11879	0
121582121383386	11876	0
121582121747962	11874	0
121582121879002	11872	0
121617105528785	11871	0
121617105528786	33690	0
121634419618263	24024	0
121634419618265	24023	0
121636736964051	11870	0
121636770490837	22423	0
121636770517459	11869	0
121636770517461	22421	0
121641048707284	11868	0
121641048707285	11867	0
121641065484499	11866	0
121641065484501	11863	0
121641130471639	11861	0
121641130471641	11860	0
121645291246551	11859	0
121645293343701	11858	0
121645360417237	11857	0
121645360451797	11856	0
121645360452053	11855	0
121645419590617	11854	0
121645425427415	11853	0
121645425427417	11852	0
121646499214039	29446	0
121646499214041	29444	0
121649588311249	11851	0
121649588311339	11850	0
121649588311505	11849	0
121649605088464	11848	0
121649605088720	11847	0
121649719472855	11846	0
121649719472857	11845	0
121650791036375	11843	0
121650791036377	11841	0
121653883250137	33688	0
121653883278289	11840	0
121653883278635	33684	0
121653883278801	11839	0
121653883278802	33682	0
121653900056016	11836	0
121653900056018	37494	0
121653915850235	11833	0
121653915874777	11830	0
121653916796377	33673	0
121653916833035	37490	0
121653916833232	33669	0
121653916833233	37488	0
121654010127831	33666	0
121654010127833	33665	0
121654012216791	33659	0
121654012216793	33655	0
121703138959863	25241	0
121703139090903	25238	0
121715218555639	37214	12
121715218686679	31695	0
121717500397354	11828	0
121717502493994	11827	0
121719510377975	11824	0
121719510509015	11822	0
121719526770170	11820	0
121719526774266	11818	0
121719526782426	11816	0
121719526784090	11814	0
121721797289466	33653	0
121721797420506	33651	0
121721797461290	33649	0
121721830032890	11811	0
121721830036986	11808	0
121721830045146	11805	0
121721830835706	33621	0
121721830966746	33616	0
121721831015690	37480	0
121737364482033	11804	0
121737364482034	33612	0
121737364612908	33610	0
121737364613073	11803	0
121737364613074	33608	0
121737364621098	33606	0
122065701561745	29893	0
122066233628081	32382	0
122083167508399	26211	0
122134315533730	11802	0
122134315541920	11801	0
122149849008098	11799	0
122149849139138	11797	0
122149882693538	11796	0
122151886981026	11793	0
122151886981039	11792	0
122152152270802	11789	0
122152152270818	11787	0
122152420706274	38259	0
122152421754850	11784	0
122152421755362	11782	0
122154177660834	11781	0
122154179757474	11779	0
122156716722146	11777	0
122156716722402	11775	0
122161008544738	11772	0
122171340425186	11770	0
122172822849506	11768	0
122217763190753	11766	0
122217763321793	11765	0
122217796876193	11764	0
122220548274081	11762	0
122220548339617	11761	0
122220548339649	11759	0
122220548340161	11757	0
122220816775073	11756	0
122220816775089	11754	0
122221085013985	11753	0
122221085014497	11752	0
122221252065231	11750	0
122221252065259	11749	0
122222091843489	11748	0
122225111742369	11747	0
122225111742385	11746	0
122225111742641	11745	0
122229808446439	11744	0
122239254607841	11743	0
122289275611055	33603	0
122289966622671	33594	0
122289966622699	33592	0
122323399599507	29885	0
122323931665843	32376	0
122327589073061	11742	0
122360068892067	28720	0
122362586334627	33574	0
122362586334643	33565	0
122363827861781	26199	0
122364356978067	32419	0
122368601613763	11740	0
122372896581043	11739	0
122374665069987	11738	0
122374665070003	11737	0
122377191536099	11736	0
122377231963619	38001	14
122378964633059	38001	14
122598294152985	35484	0
122602589120265	38184	2
122606833755961	30444	0
122607363855287	35446	0
122616261154279	38001	13
122643602644007	33563	0
122647791134521	11735	0
122648064485161	11734	0
122734000378187	11733	0
122734000379163	11732	0
122734000379179	11731	0
122746079974427	11730	0
122746079974683	11729	0
122746079974699	11728	0
122749099873579	11727	0
122750369261915	11726	0
122750374941979	11724	0
122750374941995	11723	0
122750643376907	11721	0
122750643377419	11719	0
122750643377451	11718	0
122753394840875	33561	0
122753427477995	11716	0
122753428395275	37851	0
122753695913423	11714	0
122753695913451	11712	0
122818218992359	31684	0
122819038397930	32411	0
122821341660650	38001	15
122822525920746	38095	0
122822528009706	38001	14
122839593166819	11711	0
122839605028834	33557	0
122890061141423	11708	0
122904958088987	26196	0
122905489168187	11707	0
122905489168191	11705	0
122905489172283	11704	0
122905762518827	11703	0
122905762518831	11701	0
122905762522923	11700	0
122905763383083	33551	0
123393594706110	11699	0
123394064468220	11698	0
123394349680875	11697	0
123402620849400	11696	0
123419263848120	26565	0
123532881295028	23134	0
123532914841268	23130	0
123535398737588	26194	0
123535398737604	26192	0
123535934736100	23661	0
123535935477428	26190	0
123540235359908	26188	0
123541504763604	11695	0
123544524662484	11694	0
123544524662500	11693	0
123545799730884	11692	0
123547477472948	11691	0
123547477472964	11690	0
123547485214388	26186	0
123547485214404	26184	0
123550044366580	38001	5
123551777036020	38001	5
123554339333860	24454	0
123556067399348	24005	0
123556068071140	26182	0
123556341487268	26180	0
123775401523226	38184	11
123775579146266	11689	0
123776585779226	11688	0
123784169068602	11687	0
123785175701562	11686	0
123785191728104	24450	0
123788808267464	24447	0
123789073557240	38001	4
123820876888122	11685	0
123820886595642	26178	0
123825188613944	24440	0
123829466814522	23994	0
123853911200747	23655	0
123858203449067	26170	0
123893908086587	11684	0
123922580358120	23652	0
123922580358122	23651	0
123923455779868	11683	0
123923455780380	11682	0
123923455780400	11681	0
123923455780412	11680	0
123923489203760	11679	0
123926239880956	27850	0
123926240798236	26168	0
123926247643756	26166	0
123926508316412	11678	0
123926776760042	23644	0
123962577243960	11677	0
123962577243962	11676	0
123966404732444	11675	0
123966941406780	11674	0
123981293606939	30601	0
123981466752539	21724	0
123990058326075	26796	0
123990060422715	23110	0
123991031395320	24866	0
123991299830760	24863	0
123992131818523	30570	0
123992131819035	30567	0
123992131819056	30565	0
123992131819067	30564	0
123994154063611	38001	6
123994161814891	38001	6
123994161862171	38005	0
123994355390011	38028	0
123995340412667	38001	5
123995608848107	26161	0
123995608849771	26159	0
124009905764413	22677	0
124009905764415	11673	0
124009922541629	23101	0
124009922541630	11672	0
124009922549819	23098	0
124012405569780	11671	0
124012674005220	11670	0
124035069957659	11669	0
124035591683640	24854	0
124051350013982	28189	0
124051444516382	11668	0
124063070033598	26156	0
124063070035054	26154	0
124063338469038	26152	0
124078574921788	22672	0
124078574925884	11667	0
124078575786044	26150	0
124078642018366	11666	0
124078642022462	11665	0
124082402412062	11664	0
124082936989758	11663	0
124082936990014	11662	0
124082939086398	11661	0
124119264196637	11660	0
124127933494200	24844	0
124131593017023	28731	0
124147294394431	38371	0
124147294402620	11659	0
124147294402621	38366	0
124147311179835	11658	0
124147311179837	11657	0
124149307668660	11656	0
124151071569437	11655	0
124151606147133	11654	0
124151606147389	11653	0
124151608243773	11652	0
124155850783800	11651	0
124200475432638	28048	0
124216013875260	23633	0
124216030652475	23630	0
124216047417406	23968	0
124628071667750	11650	0
124628134582310	11649	0
124632376079917	11648	0
124632392857132	11647	0
124632392857268	11646	0
124632393778732	11645	0
124632393778866	11644	0
124632393778868	11643	0
124632409622063	11642	0
124632426399278	11641	0
124632426403508	11640	0
124632427202226	11639	0
124632427202228	11638	0
124632427203366	11637	0
124636625958440	11636	0
124636628047400	11635	0
124636687825446	11634	0
124636688747046	11633	0
124636721371686	11632	0
124640999548463	11631	0
124641016325678	11630	0
124641016325844	11629	0
124645217973800	11628	0
124645235230251	11627	0
124645235230402	11626	0
124645235230404	11625	0
124645244204586	11624	0
124645311293124	11623	0
124647190318118	22418	0
124649555928820	11622	0
124649555930918	11621	0
124653805811240	11620	0
124653823067691	11619	0
124653834130986	11618	0
124653850895917	11617	0
124653850896100	11616	0
124653867673132	11615	0
124879224502310	11614	0
124879224502314	11613	0
124879384676394	11612	0
124879385724970	11611	0
124879764129830	11610	0
124880298227750	11609	0
124880391309354	11608	0
124880392357930	11607	0
124880408323304	11606	0
124883680692266	11605	0
124883680692282	11604	0
124883680700426	11603	0
124884687325226	11602	0
124884687325242	11601	0
124884687333386	11600	0
124884703290344	11599	0
124888995112680	11598	0
124920118966314	11597	0
124920120014890	11596	0
124920129718314	11595	0
124920129783850	11594	0
124920129783882	11593	0
124920388450346	11592	0
124920388450362	11591	0
124920388581386	11590	0
124920398219306	11589	0
124920398219322	11588	0
124924430692135	11587	0
124924430692136	11586	0
124924431740712	18499	0
124924700176168	21325	0
124924700176184	11585	0
124924700307208	21322	0
124928708892714	11584	0
124928709941290	24694	0
124928978376746	37873	0
124928978376762	11583	0
124928978507786	37868	0
124930747664426	22416	0
124930747672586	22414	0
124949017704486	11582	0
124949127795947	11581	0
124953422762987	11580	0
124957714585323	11579	0
124957715072747	11578	0
124988905528359	11577	0
124993150164775	11576	0
124993150164779	11575	0
124993150652203	11574	0
124993151213355	11573	0
124993419648811	11572	0
124993419648827	11571	0
124993419779851	11570	0
125017195065126	11569	0
125017195065132	11568	0
125017196005926	11567	0
125017196005932	11566	0
125017202887212	11565	0
125017731935526	11564	0
125017732745766	11563	0
125017796953320	11562	0
125017796953322	11561	0
125022091920360	11560	0
125022091920362	11559	0
125026383742696	11558	0
125026383742698	11557	0
125061819322151	11556	0
125061819322152	11555	0
125061819322154	11554	0
125061820370728	11553	0
125061820370730	11552	0
125062088806184	11551	0
125062088806186	11550	0
125062088806200	11549	0
125062088806202	11548	0
125062088937224	11547	0
125062088937226	11546	0
125066181872172	11545	0
125066184533292	11544	0
125066184533548	11543	0
125066184821292	11542	0
125066452969004	11541	0
125066452969020	11540	0
125066453100044	11539	0
125085110177062	11538	0
125085110177067	11537	0
125085116586022	11536	0
125085116586027	11535	0
125085117058347	11534	0
125085273872427	19080	0
125085274921003	19074	0
125085277017387	14597	0
125085277017643	14594	0
125086247990520	11533	0
125086451412262	11532	0
125086516425960	11531	0
125086532635947	11530	0
125089569888299	15868	0
125089569888315	15866	0
125089571984683	11529	0
125089571984939	11528	0
125089571984955	11527	0
125090542957560	11526	0
125090811393000	11525	0
125093862233611	19065	0
125093866952235	20651	0
125093866952251	11524	0
125093867082763	20648	0
125093867083275	20645	0
125094834779896	11523	0
125094852036347	11522	0
125095103215336	11521	0
125095120471787	11520	0
125095120473451	11519	0
125109147842605	11518	0
125109147842607	11517	0
125109148891181	23385	0
125109148891183	11516	0
125109164619821	11515	0
125109164619822	11514	0
125109164628011	11513	0
125109164628519	11512	0
125109165668397	17137	0
125109165668398	11511	0
125109165676587	17134	0
125109417326637	37748	0
125109417326639	11510	0
125109417326653	11509	0
125109417326655	11508	0
125109417457677	37743	0
125109417457679	11507	0
125109434103853	20642	0
125109434103854	11506	0
125109434103869	11505	0
125109434103870	11504	0
125109434112043	20639	0
125109434112059	11503	0
125109434234893	20634	0
125109434234894	11502	0
125109434243083	20631	0
125134833761831	11501	0
125134833761832	11500	0
125134834810408	18912	0
125134851018027	11499	0
125134851018283	11498	0
125135103245864	21598	0
125135103245880	11497	0
125135103376904	21595	0
125153828731942	11496	0
125153829653542	11495	0
125153993821230	11494	0
125153996463150	11493	0
125155172993062	11492	0
125155172993070	11491	0
125162581657278	11490	0
125162581658734	11489	0
125162586388158	11488	0
125162850092718	11487	0
125163839997454	11486	0
125177816999980	11485	0
125177817004076	11484	0
125177817925676	11483	0
125177818048556	16648	0
125177818052652	11482	0
125177818974252	11481	0
125177884096558	11480	0
125177884100654	11479	0
125177885145134	11478	0
125177885149230	11477	0
125178086484012	20425	0
125178086484028	11476	0
125178086488108	11475	0
125178086488124	11474	0
125178086615052	20422	0
125178086619148	11473	0
125178087409708	11472	0
125178087409724	11471	0
125178153580590	11470	0
125178153580606	11469	0
125178153584686	11468	0
125178153584702	11467	0
125178153711630	11466	0
125178153715726	11465	0
125181039233068	22412	0
125181039233070	22411	0
125182179067950	11464	0
125182179068199	11463	0
125182179068206	11462	0
125182180116526	11461	0
125182180116782	11460	0
125182182212910	11459	0
125182182213166	11458	0
125182182492974	11457	0
125182182493230	11456	0
125182448551982	11455	0
125182448551998	11454	0
125182448552238	11453	0
125182448552254	11452	0
125182448683022	11451	0
125182448683278	11450	0
125182450648622	11449	0
125182450648638	11448	0
125182450779662	11447	0
125222548208678	11446	0
125222548934438	11445	0
125223085079078	11444	0
125223085079085	11443	0
125223087175718	11442	0
125223087175725	11441	0
125223150089400	11440	0
125227445056440	11439	0
125231736878776	11438	0
125246536472623	11437	0
125246536480812	11436	0
125246536480813	11435	0
125246537521199	18158	0
125246537529388	11434	0
125246537529389	18155	0
125246553258027	11433	0
125246553258029	11432	0
125246554306603	11431	0
125246554306605	11430	0
125246805956655	21115	0
125246805956671	11429	0
125246805964844	11428	0
125246805964845	21112	0
125246805964860	11427	0
125246805964861	11426	0
125246806087695	21109	0
125246806095884	11425	0
125246806095885	21106	0
125246822742059	11424	0
125246822742061	11423	0
125246822742075	11422	0
125246822742077	11421	0
125246822873099	11420	0
125246822873101	11419	0
125250848225325	11418	0
125250848225575	11417	0
125250848225581	11416	0
125250849273901	11415	0
125250849274157	11414	0
125250851370285	11413	0
125250851370541	11412	0
125250851639085	11411	0
125251117709357	11410	0
125251117709373	11409	0
125251117709613	11408	0
125251117709629	11407	0
125251117840397	11406	0
125251117840653	11405	0
125251119805997	11404	0
125251119806013	11403	0
125251119937037	11402	0
125255092861991	11401	0
125255092861992	11400	0
125255093910568	11399	0
125255362346024	11398	0
125255362346040	11397	0
125255362477064	11396	0
125291268410918	11395	0
125291271874598	11394	0
125299987056318	36451	0
125299991787198	21103	0
125315255953452	11393	0
125315257002028	17781	0
125315272730667	11392	0
125315273779243	17778	0
125315289495598	11391	0
125315290544174	22787	0
125315525437484	20949	0
125315525437500	11390	0
125315525568524	20946	0
125315542214699	20943	0
125315542214715	11389	0
125315542345739	20940	0
125315558979630	37669	0
125315558979646	11388	0
125315559110670	37664	0
125317829494830	22409	0
125317829502990	22407	0
125319567698215	11387	0
125323879909934	11386	0
125323882859054	11385	0
125690834056731	19043	0
125690834056732	11384	0
125690834794011	11383	0
125690834794012	11382	0
125690851374623	11381	0
125690867602971	11380	0
125690872083998	11379	0
125691136652826	11378	0
125691580069400	11377	0
125691596650011	11376	0
125691596650012	11375	0
125692114351640	11374	0
125692131423771	16843	0
125692143285786	11373	0
125692159436317	19055	0
125692159436318	19054	0
125726778185750	11372	0
125726841100310	11371	0
125731082597917	11370	0
125731099375132	11369	0
125731100112412	11368	0
125731100112561	11367	0
125731116140063	11366	0
125731132917278	11365	0
125731133535921	11364	0
125731133537046	11363	0
125731133541142	11362	0
125735332476440	11361	0
125735334565400	11360	0
125735394343446	11359	0
125735395080726	11358	0
125735395084822	11357	0
125735427889686	11356	0
125739706066463	11355	0
125739722843678	11354	0
125743924491800	11353	0
125743941563931	11352	0
125743941564097	11351	0
125743950722586	11350	0
125748262448918	11349	0
125752512329240	11348	0
125752529401371	35359	0
125752540648986	11347	0
125752557413917	11346	0
125752574191132	11345	0
125964075325466	21527	0
125964075325498	21525	0
125965851424790	17129	0
125965851424794	17128	0
125966011414554	20177	0
125966012463130	20175	0
125966012467226	11344	0
125966390867990	20173	0
125966925150230	18148	0
125967018047514	20171	0
125967019096090	20169	0
125967019100186	11343	0
125983192320058	11342	0
125983192324154	38204	15
125984198953018	11341	0
125984198957114	37460	0
126014440320278	11340	0
126014440320279	11339	0
126014440320280	11338	0
126018735290390	11337	0
126018826532890	11336	0
126018836117530	20167	0
126019894179898	11335	0
126019900078138	11334	0
126019900143674	11333	0
126019909847098	11332	0
126019909851194	38204	15
126023027109654	18496	0
126023027109655	18495	0
126023027109656	18494	0
126023138258712	18490	0
126024211803960	11331	0
126024211869496	36394	0
126027322076694	18487	0
126027322076695	18486	0
126027322076696	18485	0
126027323127830	30778	0
126027416459290	30769	0
126028484106298	36546	0
126028490004538	11330	0
126028490070074	36287	0
126035644626966	18143	0
126053212763675	11329	0
126053212763677	11328	0
126057223567083	11327	0
126087454759958	11326	0
126087454759959	11325	0
126087454767126	11324	0
126091856985883	20157	0
126091857731355	11323	0
126092925378363	11322	0
126092931276603	11321	0
126092931342139	11320	0
126096042604566	18138	0
126099250191995	11319	0
126101541070364	11318	0
126101541070396	11317	0
126103821987606	16645	0
126103821987612	16644	0
126103822744086	20154	0
126103822744092	20153	0
126103829625372	20151	0
126104358858006	17767	0
126104359483926	20149	0
126117647197468	11316	0
126117647197724	11315	0
126117647197756	11314	0
126121942136346	11313	0
126121942136348	11312	0
126121942137372	11311	0
126121942164508	11310	0
126121942165020	11309	0
126121942165052	11308	0
126121975559706	11307	0
126160461868310	11306	0
126160461868822	11305	0
126160461868828	11304	0
126160461877014	11303	0
126160461877018	11302	0
126160526888728	11301	0
126160526888730	11300	0
126161594535738	11299	0
126161600433976	11298	0
126161600433978	11297	0
126161600499512	11296	0
126161600499514	11295	0
126164756835606	11294	0
126164756835862	11293	0
126164756835868	11292	0
126164756847126	11291	0
126164888205852	20147	0
126164891051292	11290	0
126164891051548	11289	0
126164891117084	11288	0
126165964596796	11287	0
126165964662332	11286	0
126170217109019	21401	0
126170217109051	21399	0
126171736915222	20145	0
126171736915227	20144	0
126171743508502	17125	0
126171743508507	17124	0
126171743796507	20142	0
126171900073499	15862	0
126171901843483	17119	0
126171903939867	17116	0
126171903940123	17113	0
126171904005659	14585	0
126173078334742	11285	0
126173159374107	20140	0
126186323236123	11284	0
126186323236379	30408	0
126186323236411	30406	0
126189075748411	38141	0
126189081516091	38132	0
126189081581627	38109	0
126189083612731	11283	0
126189083678267	35862	0
126190618162715	11282	0
126190618162717	11281	0
126190618164507	11280	0
126190618164577	11279	0
126190618164587	11278	0
126190618203163	11277	0
126190618203675	11276	0
126190618203707	11275	0
126193370715707	11274	0
126193378580027	11273	0
126193378645563	38044	0
126194360530683	11272	0
126194628966123	11271	0
126194628967787	11270	0
126207713851414	17110	0
126207713851421	17109	0
126207713859606	17106	0
126207713859611	17105	0
126207713860118	17102	0
126207713860119	17101	0
126207855409181	28331	0
126207855409183	11269	0
126207872186397	17097	0
126207872186398	11268	0
126207872194587	17094	0
126208923056189	37273	0
126208923056191	11267	0
126208928954429	11266	0
126208928954431	11265	0
126208929019965	35767	0
126208929019967	11264	0
126208939833405	36636	0
126208939833406	11263	0
126208939841595	36629	0
126208945731645	11262	0
126208945731646	11261	0
126208945739835	11260	0
126208945797181	35859	0
126208945797182	11259	0
126208945805371	38126	0
126211456219382	11258	0
126211724654822	11257	0
126233476312342	11256	0
126233476312598	11255	0
126233476316694	18909	0
126233476323862	18906	0
126233477365270	18903	0
126233477365271	18902	0
126233541328408	18899	0
126233556342299	11254	0
126233557351707	29811	0
126233557351963	20138	0
126234614873656	11253	0
126234614939192	36611	0
126234625889851	11252	0
126239015094302	20547	0
126239015094334	20545	0
126240455654422	11251	0
126240456391702	20136	0
126240620559390	20134	0
126241799915542	18481	0
126241799915550	18480	0
126241877837342	11250	0
126259053512254	11249	0
126259347535386	11248	0
126259347535388	11247	0
126259414382110	11246	0
126262090151614	11245	0
126262090153070	11244	0
126262098015934	11243	0
126262358587054	11242	0
126263348479550	11241	0
126276524259356	20132	0
126276524566556	16641	0
126276524570652	11240	0
126276525307932	20130	0
126276525312028	11239	0
126276591663134	11238	0
126276591667230	11237	0
126277592213564	14364	0
126277592217660	11236	0
126277598111804	11235	0
126277598115900	11234	0
126277598177340	35764	0
126277598181436	11233	0
126277599037500	11232	0
126277599041596	37458	0
126277659310142	11231	0
126277659314238	11230	0
126277665208382	11229	0
126277665212478	11228	0
126277665273918	11227	0
126277665278014	11226	0
126280720961302	16638	0
126280720968470	29157	0
126280720972566	11225	0
126280720972822	11224	0
126280721709846	20128	0
126280721710102	20126	0
126280886634526	11223	0
126280886634782	11222	0
126280888730910	11221	0
126280888731166	11220	0
126280888796702	11219	0
126281954281534	11218	0
126281954281790	11217	0
126281960179774	11216	0
126281960180030	11215	0
126281960245310	11214	0
126281960245566	11213	0
126281962276414	11212	0
126281962341950	11211	0
126307680319517	11210	0
126307680319549	11209	0
126309175131158	18131	0
126309175672598	20124	0
126309712001558	18896	0
126309712001565	18895	0
126309714098198	11208	0
126309714098205	11207	0
126323786446877	11206	0
126323786446909	11205	0
126345148618774	36435	0
126345148618783	36432	0
126345148626966	18128	0
126345148626973	18127	0
126345244039199	18124	0
126345244047388	11204	0
126345244047389	18121	0
126345260824603	11203	0
126345260824605	11202	0
126346311686207	15211	0
126346311694396	11201	0
126346311694397	15208	0
126346317584447	11200	0
126346317592636	11199	0
126346317592637	11198	0
126346317649983	38373	14
126346317658172	11197	0
126346317658173	38398	0
126346328471611	11196	0
126346328471613	11195	0
126346334369851	11194	0
126346334369853	11193	0
126346334435387	11192	0
126346334435389	11191	0
126348358318262	11190	0
126348358318717	11189	0
126349440438038	11188	0
126349440449302	11187	0
126349440449309	11186	0
126349440449558	11185	0
126349555791901	11184	0
126349555792157	11183	0
126349557888285	11182	0
126349557888541	11181	0
126349557954077	11180	0
126350623438909	11179	0
126350623439165	11178	0
126350629337149	11177	0
126350629337405	11176	0
126350629402685	11175	0
126350629402941	11174	0
126350631433789	11173	0
126350631499325	11172	0
126353735408150	11171	0
126353735408159	11170	0
126353735416342	11169	0
126353735416349	11168	0
126353735416854	11167	0
126353736465430	11166	0
126353736465431	11165	0
126353800428568	11164	0
126354873973816	11163	0
126354874039352	11162	0
126377895149078	20122	0
126377898797078	17764	0
126396786357786	11161	0
126396819781150	11160	0
126399495550654	11159	0
126399503414974	11158	0
126413868095510	27236	0
126413868099606	18118	0
126413869148182	17757	0
126413869148694	17754	0
126413869148695	17753	0
126413963520028	17749	0
126413980297243	17746	0
126413997062174	27229	0
126415031167036	14989	0
126415037065276	11157	0
126415037130812	36125	0
126415047944251	36653	0
126415053842491	11156	0
126415053908027	36122	0
126415064709182	37246	0
126415070607422	11155	0
126415070672958	36278	0
126418159921942	17743	0
126418160532246	27315	0
126418164115478	17740	0
126418164115734	17737	0
126418164115735	17736	0
126422454884886	11154	0
126422454888982	11153	0
126422586243614	20117	0
126426749840662	11152	0
126426749840918	11151	0
126426749856278	11150	0
126426749856534	11149	0
126426750905110	11148	0
126426750905111	11147	0
126426751952918	11146	0
126468223866547	11145	0
126468257289907	11144	0
126468985722563	11143	0
127065524095002	11142	0
127065524095018	11141	0
127066530727962	11140	0
127066530727978	11139	0
127069819062282	11138	0
127069819062314	11137	0
127070825695242	11136	0
127070825695274	11135	0
127083987785802	29430	0
127086753937482	27756	0
127086992631882	33544	0
127087292884680	30120	0
127087558174456	30113	0
127087999264842	33539	0
127129703819338	33536	0
127156735190763	33527	0
127221452941052	27748	0
127221452962380	27741	0
127221453792796	11134	0
127221453792812	11133	0
127221722228227	11132	0
127221722228236	11131	0
127221722228268	11130	0
127221755651587	11129	0
127224724498172	27037	0
127224724500300	27033	0
127224725318220	33521	0
127224725349932	33517	0
127224732199500	33512	0
127224732199532	33510	0
127224992933628	11128	0
127225261377258	28686	0
127264402744860	11127	0
127264402744876	11126	0
127264671180300	11125	0
127264671180332	11124	0
127271415633435	31843	0
127271415633451	31841	0
127275710600715	38076	0
127275710600747	38001	8
127290129831451	11123	0
127290129831467	27728	0
127290398266883	38074	0
127290398266891	38071	0
127290398266923	38001	7
127292638680827	27714	0
127292639489355	33503	0
127292646021195	27707	0
127292646370635	33497	0
127292646370667	33495	0
127292646413867	33491	0
127292890207787	27697	0
127292890337355	37452	0
127292890338827	37450	0
127293872154363	33489	0
127294140589803	33487	0
127294140591435	33484	0
127294140591467	33482	0
127335588484651	33480	0
127358927554638	30100	0
127361601775294	33476	0
127361601776718	33472	0
127361601776750	33470	0
127361870210734	33468	0
127362702428238	30092	0
127376036939804	11122	0
127376036939820	11121	0
127376305375244	11120	0
127376305375276	11119	0
127380056582220	33466	0
127380056582222	33464	0
127380062488620	11118	0
127380062488622	11117	0
127380400424478	11116	0
127380400424494	11115	0
127380668859918	11114	0
127380668859950	11113	0
127384175298094	33461	0
127427594596173	30085	0
127430077634239	29401	0
127430614514253	30977	0
127430616610893	11112	0
127449069581853	11111	0
127449069581869	11110	0
127449338017293	11109	0
127449338017325	11108	0
127499007174334	33452	0
127516785649742	33448	0
127654202378430	11107	0
127654672140540	11106	0
127654957353195	11105	0
127663228521720	11104	0
127679871520440	11103	0
128165035718682	11102	0
128166042351642	11101	0
128166058500584	24433	0
128169330685962	11100	0
128170337318922	11099	0
128173380859962	11098	0
128173380925498	11097	0
128173619370042	11096	0
128173625641018	11095	0
128174626003002	11094	0
128174632273978	11093	0
128217849788442	11092	0
128217859373082	26136	0
128218118223882	11091	0
128218380499002	11090	0
128218380564538	11089	0
128218386462778	11088	0
128218395859002	11087	0
128222161514264	24428	0
128222429949704	24416	0
128222692224824	11086	0
128222698188600	30061	0
128226439714842	23964	0
128226708150282	36561	0
128226970425402	11085	0
128226970490938	11084	0
128226976389178	29356	0
128234777973227	23613	0
128290876923771	11083	0
128290880986907	11082	0
128291149422347	11081	0
128291411697467	11080	0
128291411697531	11079	0
128291411763003	11078	0
128291411877691	11077	0
128291417661243	11076	0
128303447130600	23609	0
128303447130602	23607	0
128311351422780	11075	0
128311352056380	11074	0
128311352075836	11073	0
128311358937660	11072	0
128359546081146	11071	0
128359550144280	11070	0
128359550144282	11069	0
128359818579720	11068	0
128359818579722	11067	0
128360080854840	11066	0
128360080854842	11065	0
128360080854906	11064	0
128360080920378	11063	0
128360086818616	11062	0
128360086818618	11061	0
128363914307100	11060	0
128364182742540	11059	0
128364443097660	11058	0
128364450961980	11057	0
128364450981436	11056	0
128364451307580	37448	0
128370925099035	31335	0
128370927194459	23088	0
128370927195675	23085	0
128371898167800	24835	0
128372166603240	24831	0
128375222292539	11055	0
128379266227515	11054	0
128379272943675	11053	0
128379273009211	11052	0
128379273108795	11051	0
128379273139771	11050	0
128379508873275	31330	0
128379508938811	31323	0
128379509069371	31316	0
128379517259835	35851	0
128380767329595	11049	0
128406878664733	37226	0
128406878664735	11048	0
128406895441949	23079	0
128406895441950	11047	0
128406895450139	23075	0
128407147100173	37214	7
128407147100175	11046	0
128407163877389	23067	0
128407163877390	11045	0
128407163885579	23061	0
128407409375293	11044	0
128407409375295	11043	0
128407409440829	11042	0
128407409440831	11041	0
128407415339069	27005	0
128407415339071	11040	0
128407426152509	11039	0
128407426152510	11038	0
128407426160699	11037	0
128407426218045	11036	0
128407426218046	11035	0
128407426226235	11034	0
128407432116285	27673	0
128407432116286	11033	0
128407432124475	27666	0
128410418657520	11032	0
128410687092960	11031	0
128432564583960	24827	0
128432833019400	24821	0
128433095294520	11030	0
128433101258296	30958	0
128433112243515	11029	0
128433112243771	11028	0
128433112274491	11027	0
128448228514878	11026	0
128448236686398	11025	0
128449329350718	11024	0
128449329416254	11023	0
128449486833214	11022	0
128475547822108	22668	0
128475547826204	11021	0
128475548563484	26133	0
128475614918686	11020	0
128475614922782	11019	0
128475816257548	22662	0
128475816261644	11018	0
128475883354126	11017	0
128475883358222	11016	0
128476078532668	11015	0
128476078536764	11014	0
128476078598204	11013	0
128476078602300	11012	0
128476079151164	11011	0
128476084496444	26994	0
128476084500540	11010	0
128476145629246	11009	0
128476145633342	11008	0
128476145694782	11007	0
128476145698878	11006	0
128476151593022	11005	0
128476151597118	11004	0
128479909890078	11003	0
128479909890334	11002	0
128479911986718	11001	0
128480178325518	11000	0
128480178325774	10999	0
128480180422158	10998	0
128480440600638	10997	0
128480440600894	10996	0
128480440666174	10995	0
128480440666430	10994	0
128480446564414	10993	0
128480446564670	10992	0
128480448633662	10991	0
128480448633918	10990	0
128480448661054	10989	0
128480448987198	37438	0
128508800266680	24813	0
128517239666749	10988	0
128517241436733	10987	0
128517243533373	10986	0
128517243598909	10985	0
128544267294751	23949	0
128544267302940	10984	0
128544267302941	23943	0
128544284080155	10983	0
128544284080157	10982	0
128544535730191	23931	0
128544535738380	10981	0
128544535738381	23922	0
128544552515595	10980	0
128544552515597	10979	0
128544798005311	10978	0
128544798013500	10977	0
128544798013501	10976	0
128544798070847	10975	0
128544798079036	10974	0
128544798079037	10973	0
128544803969087	29323	0
128544803977276	10972	0
128544803977277	29313	0
128544814790715	10971	0
128544814790717	10970	0
128544814856251	10969	0
128544814856253	10968	0
128544820754491	10967	0
128544820754493	10966	0
128547320756400	10965	0
128548579047453	10964	0
128548579047709	10963	0
128548581144093	10962	0
128548847482893	10961	0
128548847483149	10960	0
128548849579533	10959	0
128549109758013	10958	0
128549109758269	10957	0
128549109823549	10956	0
128549109823805	10955	0
128549115721789	10954	0
128549115722045	10953	0
128549117779773	10952	0
128549117818429	10951	0
128549118144573	37429	0
128552823684120	10950	0
128553092119560	10949	0
128553354394680	10948	0
128553360358456	10947	0
128612986775580	23603	0
128613003552795	23599	0
128613020317726	37201	0
128613255211020	23593	0
128613271988235	23587	0
128613288753166	37187	0
128613517486140	10946	0
128613517551676	10945	0
128613523449916	28640	0
128613534263355	10944	0
128613534328891	10943	0
128613540227131	28633	0
128613551028286	10942	0
128613551093822	10941	0
128613556992062	29294	0
128622141135422	10940	0
128622148999742	10939	0
134156783260862	10938	0
134165174359770	26127	0
134165369984702	26120	0
134165370050238	26116	0
134208104779441	34944	0
134208121544372	26097	0
134229797700542	10936	0
134233893766834	10934	0
134233893832370	10932	0
134233893832402	10929	0
134233893832410	10927	0
134233899665074	10925	0
134233899730610	10923	0
134233900713650	10921	0
134233900779186	10919	0
134234162005730	10917	0
134234162005746	10915	0
134234162267826	10913	0
134234162267842	10910	0
134234169149106	10909	0
134234169149122	10907	0
134234169214642	10906	0
134234169214658	10905	0
134234169345682	10904	0
134234430441170	10902	0
134234430441202	10900	0
134234430506738	10897	0
134234434438898	10894	0
134234434504434	10892	0
134234698876626	10890	0
134234698876642	10888	0
134234698942178	10885	0
134234699007666	10883	0
134234703966306	10882	0
134276841017010	20111	0
134276841017012	10881	0
134276842852018	10880	0
134276876275382	10878	0
134299559606001	17945	0
134299559868081	10876	0
134299593160401	10874	0
134299593291441	10872	0
134302562924209	10870	0
134302562989745	10868	0
134302562989777	10865	0
134302562989786	10864	0
134302568822449	10862	0
134302568887985	10860	0
134302569871025	10858	0
134302569936561	10856	0
134302813664958	10854	0
134302813664986	10853	0
134302831163105	38494	10
134302831163121	38497	0
134302831425201	10851	0
134302831425217	10848	0
134302838306481	10847	0
134302838306497	10845	0
134302838372017	10844	0
134302838372033	10843	0
134302838503057	10842	0
134303099598545	10840	0
134303099598577	10838	0
134303099664113	10835	0
134303103596273	10832	0
134303103661809	10830	0
134303368034001	10828	0
134303368034017	10826	0
134303368099553	10823	0
134303368165041	10821	0
134303373112161	10820	0
134329497369969	20108	0
134333792337009	20105	0
134338084159345	20101	0
134342379126385	20098	0
134345509060273	20095	0
134345509125809	20092	0
134345510174385	20090	0
134345510178481	10819	0
134345595567798	36230	0
134350056800702	10818	0
134402227645812	33442	0
134414229647028	33440	0
134414229655217	10817	0
134414229655218	33438	0
134414246432432	10816	0
134414246432434	37426	0
134414307176116	33435	0
134414307241588	33433	0
134414307241652	33431	0
134414307241654	33430	0
134471920213107	10814	0
134482984197811	10812	0
134485048555028	23054	0
134485048800788	23910	0
134488107038228	23907	0
134492402005508	10811	0
134539917178388	26090	0
134548505015828	26086	0
134551703670454	36244	0
135039399084094	10810	0
135046915277854	10809	0
135050767745662	10808	0
135051478680334	10805	0
135055306376730	26078	0
135055501018238	10804	0
135055507404318	26073	0
135055770433038	10801	0
135055770437134	10798	0
135055770502670	10796	0
135056035722814	10795	0
135056035726910	10794	0
135056035791998	10793	0
135056035792446	10792	0
135056043587134	10791	0
135056043591226	10790	0
135056043591230	10787	0
135105805021622	10786	0
135110064730292	10785	0
135118604334257	10784	0
135118621111472	10783	0
135118681928317	10782	0
135118681928374	10781	0
135118689727158	10780	0
135122899301297	10779	0
135127191058097	26066	0
135127191123633	26061	0
135127229331123	10776	0
135127238244018	33420	0
135127238309554	33418	0
135192912803358	37630	0
135193175832078	10773	0
135193441121854	10772	0
135193448986174	29271	0
135256398078406	10771	0
135256398078662	10769	0
135256405055686	10768	0
135260642715073	10767	0
135260642715329	10766	0
135264937682625	10764	0
135264937682627	10762	0
135264954459841	26051	0
135264954459842	10761	0
135279900629055	26042	0
135282115430593	34798	0
135282132195524	26038	0
135282157820099	26033	0
135282383669489	34937	0
135282400434420	26031	0
135282652104929	34931	0
135282668869860	26029	0
135296562013889	10760	0
135297097144515	26025	0
135333673895618	10757	0
135333673935042	10755	0
135333673936576	10753	0
135333673936578	10752	0
135333674944194	10749	0
135333680776866	10748	0
135333680776898	10746	0
135333680842434	10745	0
135333680907970	10743	0
135333680908482	10741	0
135333942134514	10738	0
135333943183090	10735	0
135334210569954	10732	0
135334211618530	10729	0
135334215550626	10727	0
135348620101695	10725	0
135350851668162	20081	0
135350851668164	10724	0
135350860449986	10723	0
135350860515522	20078	0
135350877292738	22399	0
135350877292739	10721	0
135350877300928	22396	0
135350893873350	10719	0
135351119907058	20074	0
135351119907060	10718	0
135351388342498	20070	0
135351388342500	10717	0
135365547133122	10715	0
135365548181698	10712	0
135365548181700	10710	0
135365549990082	10709	0
135365816617154	10707	0
135365816617155	10705	0
135402343052993	10702	0
135402343080897	10700	0
135402343081153	10698	0
135402343081665	10696	0
135402343081667	10695	0
135402344101569	10692	0
135402349934241	10691	0
135402349934273	10689	0
135402349999809	10688	0
135402350065345	10686	0
135402350065857	10684	0
135402611291889	10681	0
135402612340465	10678	0
135402879727329	10675	0
135402880775905	10672	0
135402884708001	10670	0
135419519776961	20066	0
135419520825537	20063	0
135419520829633	10668	0
135419529672897	20060	0
135419596769475	10666	0
135419596773571	38204	15
135419613165766	20057	0
135419788015857	20053	0
135419789064433	20050	0
135419789068529	10664	0
135420056451297	20046	0
135420057499873	20043	0
135420057503969	10662	0
135433304029377	20039	0
135433304029382	20037	0
135433461315777	20033	0
135433462364353	20030	0
135433462368449	10660	0
135433464096449	10659	0
135433464161217	10658	0
135434284497089	10657	0
135434284497091	10656	0
135434536093891	10654	0
135434536097987	38204	0
135434537576131	10652	0
135449671606724	10651	0
135449671606726	10649	0
135449671606980	10648	0
135449671606982	10647	0
135449678588100	10646	0
135449678588102	10645	0
135484985329695	10643	0
135485253765135	10641	0
135488240298180	33414	0
135488240306369	10639	0
135488240306370	33410	0
135488257083584	10637	0
135488257083586	37418	0
135488317892804	33402	0
135488317892806	33397	0
135488508537076	33395	0
135488508545265	10635	0
135488508545266	33391	0
135488525322480	10633	0
135488525322482	37411	0
135488586131700	33385	0
135488586131702	33380	0
135488776972516	33378	0
135488776980705	10631	0
135488776980706	33375	0
135488793757920	10629	0
135488793757922	37408	0
135488854567140	33372	0
135488854567142	33370	0
135502181845185	10627	0
135502181845186	10625	0
135502450280640	10623	0
135502450280642	10621	0
135518340752835	10620	0
135518340753091	10619	0
135518347745475	10618	0
135556968626369	26019	0
135556985403584	26010	0
135557001795779	10616	0
135557002168515	33358	0
135571431905475	10614	0
135571439658435	10613	0
135571439658691	10611	0
135584593847828	10610	0
135587060229827	10609	0
135587060229828	22392	0
135587067218118	27459	0
135587077006868	10608	0
135587077006876	10606	0
135587077007042	10605	0
135587077007044	10603	0
135587613746708	10602	0
135591371972804	10601	0
135591371972806	10599	0
135591371974148	10598	0
135591371974156	10595	0
135591371974340	10593	0
135591908713988	10592	0
135595616609222	10590	0
135595616609478	10588	0
135595616609852	10586	0
135595616609988	10584	0
135595623598278	10582	0
135625721268422	22386	0
135639616604358	32162	0
135639622395078	10581	0
135639890896576	10579	0
135640159134918	10577	0
135640159135427	10575	0
135640159135428	10573	0
135640427570884	10571	0
135640427636420	10570	0
136240715069460	26006	0
136241279203382	20023	0
136241755256880	25997	0
136274304541126	10569	0
136287189246662	10568	0
136295728850627	10566	0
136355104235446	10565	0
136355269907640	10564	0
136355272004790	10563	0
136356242855128	10562	0
136356242855160	10561	0
136356511290584	10560	0
136356511290600	10559	0
136356511421624	26452	0
136359355930033	10558	0
136359355930289	35231	0
136363650897585	36698	0
136363650897587	36696	0
136363667674801	25991	0
136363667674802	10557	0
136363856369342	37947	0
136363856417131	37892	7
136363856418481	37917	0
136363856697016	37912	0
136363861939891	37902	0
136363861948081	37898	0
136364829644504	33926	0
136364829644536	33923	0
136365098079960	25986	0
136365098079976	25983	0
136365098211000	25980	0
136379429099699	25977	0
136382163798193	34787	0
136382180563124	25974	0
136383188752049	20616	0
136383724066995	25971	0
136383726163635	25966	0
136386458765489	34781	0
136386475530420	25964	0
136386477627060	25962	0
136400803143480	25959	0
136405098110520	25956	0
136406592968369	10556	0
136406643233206	10555	0
136428284347320	10553	0
136428284348594	10551	0
136428284356784	10549	0
136428286444470	10548	0
136428286444978	10547	0
136428286445234	10546	0
136428286453168	10545	0
136428286453424	10544	0
136429257294808	10542	0
136429257294840	10540	0
136429525730264	10538	0
136429525730280	10536	0
136429525861304	26444	0
136432380085938	10534	0
136432380086002	10533	0
136432380088242	10531	0
136432380151474	10530	0
136432380217010	10528	0
136432380217042	10527	0
136432386049714	10524	0
136432387098290	10521	0
136432387149922	10520	0
136432387149931	10517	0
136432387150002	10515	0
136432387151536	10513	0
136432387151538	10512	0
136432581412018	10511	0
136432581412530	10510	0
136432581412531	10509	0
136432581420720	10508	0
136432581424816	10507	0
136433453696722	10505	0
136433453696754	10503	0
136433722132178	10501	0
136433722132194	10499	0
136433722263218	10497	0
136447879088306	10495	0
136447880136882	10493	0
136447880136884	10492	0
136448148572338	10491	0
136448148572339	10490	0
136450900035762	20019	0
136450900035764	10489	0
136452174055602	10487	0
136452175104178	10485	0
136452175104180	10484	0
136452176728242	36945	0
136452177200562	10483	0
136452177200818	10481	0
136452177200820	10479	0
136452443539634	10478	0
136452443539635	10477	0
136452445636274	10475	0
136452445636275	10473	0
136455195003058	25063	0
136455195003060	10472	0
136455197099698	25057	0
136455197099700	10471	0
136455197118642	36765	0
136455230664886	36756	0
136469522616120	10469	0
136471034269618	10468	0
136471067692982	10466	0
136473817583160	10465	0
136475329236658	10464	0
136475329286322	10463	0
136475362660022	10462	0
136475362709686	10461	0
136498616415953	18712	0
136498616546993	16718	0
136501049243313	10459	0
136501049243377	10458	0
136501049245617	10456	0
136501049308849	10455	0
136501049374385	10453	0
136501049374417	10452	0
136501055207089	35630	0
136501056255665	35662	0
136501056295777	35658	0
136501056295787	35655	0
136501056295857	35651	0
136501056296113	10450	0
136501056296625	35646	0
136501056296627	35645	0
136501300049598	10449	0
136501300090547	10448	0
136501300889267	10447	0
136501300893363	37983	0
136501300901552	10446	0
136501300901553	37976	0
136502122854097	10444	0
136502122854129	10442	0
136502391289553	10440	0
136502391289569	10438	0
136502391420593	35326	0
136515618789553	14572	0
136515618789555	14571	0
136515793270961	20016	0
136515794319537	20014	0
136515794323633	10437	0
136516616566993	10436	0
136516616566995	10435	0
136516625422513	14566	0
136516625422515	14565	0
136516867242195	10434	0
136516867250355	10433	0
136516868049075	10432	0
136516868053171	37477	0
136519568144561	20011	0
136519569193137	20009	0
136519569197233	10431	0
136519913756849	21844	0
136519913756851	21843	0
136519923613617	20005	0
136519923613622	20003	0
136520088238257	20000	0
136520089286833	19998	0
136520089290929	10430	0
136520090834609	21837	0
136520090899377	10429	0
136520091383473	19995	0
136520920389809	31833	0
136520920389811	31832	0
136521162217651	10428	0
136521163016371	10427	0
136521163020467	37404	0
136521164314291	37719	0
136521165113011	10425	0
136521165117107	37401	0
136523863111857	31408	0
136523864160433	31403	0
136523864164529	10424	0
136523866257073	31395	0
136523950141622	37393	0
136539700477873	19991	0
136539786985398	19988	0
136543995444913	19985	0
136543995483057	19982	0
136543998367409	10423	0
136543998432177	10422	0
136544081952438	19980	0
136548377767860	10421	0
136548377767862	10420	0
136548384821684	10419	0
136548384821940	31311	0
136548543441076	10418	0
136548543447480	10417	0
136548543449266	10416	0
136548545537716	10415	0
136548545544630	10414	0
136549516394968	10413	0
136549516395000	10412	0
136549784830424	10411	0
136549784830440	10410	0
136549784961464	34685	0
136584513800369	10409	0
136584513800370	10408	0
136584782235824	10407	0
136584782235826	10406	0
136588288665780	33349	0
136588288673969	10405	0
136588288673970	33347	0
136588305451184	10404	0
136588305451186	37391	0
136588366260404	33345	0
136588366260406	33344	0
136588366260852	33342	0
136588808767665	10403	0
136588808767666	10402	0
136589077203120	10401	0
136589077203122	10400	0
136592583633076	33340	0
136592583641265	10399	0
136592583641266	33338	0
136592585729716	33335	0
136592600418480	10398	0
136592600418482	37389	0
136592661227700	33333	0
136592661227702	33332	0
136605887844120	10396	0
136606156279560	10394	0
136608498593716	33324	0
136610182811160	10393	0
136610451246600	10392	0
136612793560756	33321	0
136612793602740	33319	0
136612801467060	10391	0
136612801467062	10390	0
136617046925235	10389	0
136617053837491	10388	0
136617053967795	10387	0
136617053968051	10386	0
136617265025459	10385	0
136621559984309	10384	0
136621559984310	10383	0
136621559992499	10382	0
136653763426515	10381	0
136653763434675	10380	0
136653763860659	10379	0
136653763861107	10378	0
136657530336945	25951	0
136658058401971	10377	0
136658058827955	10376	0
136658066396595	27657	0
136658066396851	27650	0
136658067214515	37386	0
136661305210545	25946	0
136661321987760	36813	0
136661338752435	33314	0
136661338752691	33306	0
136675137904499	10374	0
136677175615411	10372	0
136679432871539	10371	0
136681470582451	10370	0
136681470612915	10369	0
136681470613171	10368	0
136684105475604	10367	0
136685766397878	31501	0
136685773444787	10366	0
136685773444788	22380	0
136685790221844	31307	0
136685790221851	31304	0
136685790222002	31302	0
136685790222004	31299	0
136685977917108	32153	0
136685978208438	32148	0
136685983879606	23050	0
136685983880731	23047	0
136685984491188	31486	0
136685984498102	31482	0
136687125374484	10365	0
136690085187764	10364	0
136690085189124	38069	0
136690085189131	38060	0
136690085189300	38001	7
136690279461046	10363	0
136690279465142	10362	0
136691420341764	10361	0
136694322778038	10359	0
136694329824827	21706	0
136694329824948	21702	0
136694565754427	38563	0
136694565754548	38558	0
136694566045878	10357	0
136694574416822	10356	0
136694574417078	10355	0
136694574417588	10354	0
136694574432438	10353	0
136694574432694	10352	0
136721948559542	28247	0
136726243526838	28241	0
136726249133238	27647	0
136726249813681	25942	0
136726517634736	38313	0
136726785873078	27636	0
136726785873587	27630	0
136726785873588	27625	0
136727054309044	38050	0
136727054374580	38001	7
136727055107762	33302	0
136727055107764	33300	0
136730024683188	33296	0
136730024687281	25938	0
136730041464496	36801	0
136730058229427	33291	0
136730058229428	38586	0
136730075006642	33286	0
136730075006644	36035	0
136730075010740	37381	0
136745895088054	22374	0
136750156666038	10351	0
136750173509296	10350	0
136750190055094	22372	0
136750190089907	10349	0
136750190089908	22370	0
136750199002802	33283	0
136750199002804	33277	0
136750206867124	25935	0
136750206932660	10348	0
136963544686648	10347	0
136971060880408	10346	0
136975624282888	10344	0
136979916105224	10342	0
136980181395000	10341	0
137373010874806	10340	0
137373010878902	10339	0
137375760769080	10338	0
137377306456246	19975	0
137383276962840	10337	0
137385895580342	10336	0
137385895584438	10335	0
137387840365320	10333	0
137392132187656	10331	0
137392397477432	10330	0
137394396911281	36371	0
137394396915377	25929	0
137394402440881	25925	0
137394419218096	25917	0
137394435184307	10329	0
137394435188403	10328	0
137394435983027	33251	0
137394444097202	33249	0
137394444101298	33247	0
137394452760242	33243	0
137455957973734	10327	0
137456022918376	10326	0
137456022983912	10325	0
137456039761128	10324	0
137456039761129	10323	0
137463447688877	25900	0
137464609707752	25890	0
137464609773288	25887	0
137464626288363	33645	0
137464626332014	33640	0
137464626333409	33635	0
137464626550504	33629	0
137464626550505	33627	0
137481675360481	35125	0
137481675360993	35121	0
137481692125412	25885	0
137481692125924	25883	0
137481713752291	25877	0
137485971932897	10322	0
137486022197734	10321	0
137504087394017	10320	0
137506102986977	35252	0
137506119751908	25873	0
137506121848548	25871	0
137529037358056	10318	0
137529037423592	10316	0
137529054200808	10314	0
137529054200809	10312	0
137531891648226	10311	0
137531891648242	10310	0
137531891779250	10309	0
137531891779266	10308	0
137531891844786	10306	0
137531891844802	10305	0
137531898726066	10302	0
137531898726082	10300	0
137531898988178	10298	0
137532160214722	10296	0
137532160280258	10294	0
137532161263298	10292	0
137532161328834	10290	0
137532167161506	10287	0
137532167161517	10285	0
137532167161538	10283	0
137532167227074	10281	0
137533233759970	10279	0
137533233825506	10276	0
137533233826530	10274	0
137533234874082	10271	0
137533236709090	10268	0
137550411598050	19966	0
137550411598052	10267	0
137550411598562	19962	0
137550411598564	10266	0
137550416382178	10265	0
137550416447714	19958	0
137550433224930	22362	0
137550433224931	10262	0
137550433233120	22358	0
137550449805542	10259	0
137554708204514	10258	0
137554708250850	10257	0
137554741627878	10255	0
137554741674214	10253	0
137559003171554	10252	0
137559036594918	10250	0
137573076353250	10248	0
137574839224546	19955	0
137574839224548	10247	0
137574841321186	19953	0
137574841321188	10246	0
137574841340130	19951	0
137574874886374	19949	0
137598051301057	10244	0
137598051337057	10243	0
137600560805601	35537	0
137600560805617	35535	0
137600560936625	10242	0
137600560936641	10241	0
137600561002161	10239	0
137600561002177	10238	0
137600567883441	10235	0
137600567883457	10233	0
137600568145553	10231	0
137600829372097	10229	0
137600829437633	10227	0
137600830420673	10225	0
137600830486209	10223	0
137600836318881	10220	0
137600836318893	10219	0
137600836318913	10217	0
137600836384449	10215	0
137601902917345	10213	0
137601902982881	10210	0
137601902983905	10208	0
137601904031457	10205	0
137601905866465	10202	0
137615147547249	19946	0
137619079706849	19942	0
137619079707361	19938	0
137619079707367	19937	0
137619080755425	19934	0
137619080755937	19931	0
137619080759521	10200	0
137619080760033	10198	0
137619085605089	19927	0
137619152701667	10195	0
137619152705763	37374	0
137619169097958	19923	0
137623377331937	10194	0
137623377396705	10193	0
137623460920294	19920	0
137627669379809	19916	0
137627755887334	19913	0
137640894974177	21860	0
137640894974179	21859	0
137640910011105	19910	0
137640910011110	19909	0
137640990524385	19906	0
137641901607137	31864	0
137641901607139	31863	0
137643507333345	19903	0
137643508381921	19901	0
137643508386017	10192	0
137643510478561	19899	0
137643594363110	37372	0
137649231506148	10191	0
137649231506150	10190	0
137649296458216	10189	0
137649296523752	10188	0
137649313300968	10187	0
137649313300969	10186	0
137687800228068	33241	0
137687800228580	33239	0
137687800236257	10184	0
137687800236258	33236	0
137687800236769	10182	0
137687800236770	33233	0
137687817013472	10180	0
137687817013474	37369	0
137687817013984	10178	0
137687817013986	37366	0
137687877822692	33228	0
137687877822694	33226	0
137687877823092	33224	0
137687877823204	33221	0
137687877823206	33220	0
137687877823207	33219	0
137692180431588	10177	0
137692180431590	10176	0
137696467495652	33213	0
137712227854564	33211	0
137712227862753	10175	0
137712227862754	33209	0
137712229951204	33206	0
137712244639968	10174	0
137712244639970	37364	0
137712305449188	33204	0
137712305449190	33203	0
137717900663523	10173	0
137717902395619	10172	0
137756524558561	25865	0
137756541335776	25855	0
137756557727971	10169	0
137756558100707	33186	0
137760849550307	10167	0
137760849577443	10166	0
137760849577699	10164	0
137765144517347	10163	0
137778961106403	10162	0
137778961106659	10161	0
137780949432033	25853	0
137780966209248	25851	0
137780982973923	33181	0
137780982974179	33179	0
137783540237844	24410	0
137785294779924	10160	0
137786620136166	22356	0
137786747832036	32138	0
137789589747204	10159	0
137795176516326	10157	0
137795335669310	10155	0
137795335669476	10153	0
137825277200614	22352	0
137825560282644	25846	0
137829535630566	10152	0
137829552473824	10150	0
137829569022950	22349	0
137829569054435	10148	0
137829569054436	22346	0
137829585831652	25844	0
137829585897188	10147	0
137833863989990	22343	0
137847145809636	32130	0
137847680583395	10146	0
137847680583396	10145	0
137847949018850	33175	0
137847949018852	33173	0
137847950067428	37358	0
137849668904676	33171	0
137849668908769	25842	0
137849685685984	25840	0
137849702450915	33168	0
137849702450916	38583	0
137849719228130	33166	0
137849719228132	36522	0
137849719232228	37355	0
138061495945960	22335	0
138070052326120	10143	0
138070112782570	35023	0
138078642252520	33157	0
138078675060970	30056	0
138078675798760	33151	0
138122933487850	30053	0
138124845926634	22332	0
138124873574634	33148	0
138134527185124	10142	0
138138770772967	10141	0
138143066789089	10140	0
138143083566304	10139	0
138143144383206	10138	0
138143144383207	10137	0
138147361756129	10136	0
138147689707037	25836	0
138151653324513	25830	0
138151653328609	25825	0
138151653578465	25820	0
138151700510434	33138	0
138151700514530	33136	0
138151700764386	33134	0
138554664491734	10135	0
138554666588374	10134	0
138554729501880	10133	0
138554729501912	10132	0
138554729501914	10131	0
138558906759377	10129	0
138562952304378	33571	0
138562952435418	25807	0
138563220870874	25800	0
138563222968024	25795	0
138563316291256	25791	0
138563316291288	25788	0
138563316291290	25786	0
138578385246451	32185	0
138578385377340	25784	0
138578385377491	25781	0
138580381878449	22326	0
138580381878481	35108	0
138580381878993	35104	0
138580398643380	25779	0
138580398643412	25777	0
138580398643924	25775	0
138586941758520	25773	0
138590714132177	10128	0
138627743941560	10126	0
138627743941592	10124	0
138627743941594	10122	0
138631403276018	10121	0
138631403341490	10119	0
138631403341554	10118	0
138631403472562	10116	0
138631403472578	10115	0
138631403472594	10114	0
138631407208178	10112	0
138631407267938	10111	0
138631407666834	10109	0
138631671777010	10107	0
138631671777018	10105	0
138631671908034	10103	0
138631671908050	10101	0
138631671908058	10099	0
138631672825586	10097	0
138631672956610	10095	0
138631672956626	10093	0
138631940343474	10091	0
138631940343506	10088	0
138631940343514	10086	0
138631940344530	10084	0
138631941392082	10081	0
138631942440658	10078	0
138631942440664	10076	0
138631942441170	10074	0
138646835235058	10072	0
138646835366098	10070	0
138646836283634	10067	0
138646836283636	10065	0
138646836414674	18106	0
138646836414676	18104	0
138647104719090	10063	0
138647104719091	10061	0
138647104849980	10060	0
138647104850130	10058	0
138647104850131	10056	0
138649118116018	19891	0
138649118116020	10055	0
138649118116050	19887	0
138649118116052	10054	0
138649118116562	19883	0
138649118116564	10053	0
138655661231160	10052	0
138659703091410	10050	0
138697572693745	10047	0
138697572693754	10046	0
138697572824785	10043	0
138697572824794	10042	0
138700072433393	10041	0
138700072498865	10039	0
138700072498929	10038	0
138700072629937	10036	0
138700072629953	10035	0
138700072629969	10034	0
138700076365553	10032	0
138700076413793	10031	0
138700076824209	10029	0
138700340934385	10027	0
138700340934394	10026	0
138700341065409	10024	0
138700341065425	10022	0
138700341065434	10021	0
138700341982961	10019	0
138700342113985	10017	0
138700342114001	10015	0
138700609500849	10013	0
138700609500881	10010	0
138700609500890	10009	0
138700609501905	10007	0
138700610549457	10004	0
138700611598033	10001	0
138700611598040	10000	0
138700611598545	9998	0
138714637850865	38273	0
138714637850867	38204	13
138714656225905	19880	0
138714749417713	19876	0
138714749548753	19872	0
138714750466289	19869	0
138714750470385	9996	0
138714750597329	19866	0
138714750601425	9994	0
138715639822545	9993	0
138715639822547	9992	0
138715644483825	37580	0
138715644483827	37572	0
138715823397107	9990	0
138715823405267	9988	0
138715824195827	9986	0
138715824199923	38204	14
138715824326867	9984	0
138715824330963	38253	0
138717786224817	19863	0
138717786224849	19859	0
138717786225361	19855	0
138717786225367	19854	0
138717787273393	19852	0
138717787273425	19849	0
138717787273937	19846	0
138717787277489	9983	0
138717787277521	9981	0
138717787278033	9979	0
138718946868209	19842	0
138718946868214	19840	0
138723241966289	19837	0
138723241966294	19836	0
138727521712337	9977	0
138727521712339	9975	0
138727536933585	19833	0
138727536933590	19832	0
138727539030225	19828	0
138727539030230	19826	0
138727617262545	19822	0
138728526816977	9974	0
138728526816979	9973	0
138728528345297	9971	0
138728528345299	9969	0
138747938024148	9968	0
138747938024150	9967	0
138747940120788	9966	0
138747940120790	9965	0
138748003041720	9964	0
138748003041752	9963	0
138748003041754	9962	0
138783469947121	9960	0
138783469947122	9958	0
138783470077980	9957	0
138783470078161	9955	0
138783470078162	9953	0
138783738382576	9951	0
138783738382578	9949	0
138783738513420	9948	0
138783738513616	38540	0
138783738513618	38537	0
138786506746036	33132	0
138786506746068	33130	0
138786506746580	33128	0
138786506754225	9947	0
138786506754226	33126	0
138786506754257	9945	0
138786506754258	33123	0
138786506754769	9943	0
138786506754770	33120	0
138786523531440	9942	0
138786523531442	37352	0
138786523531472	9940	0
138786523531474	37349	0
138786523531984	9938	0
138786523531986	37346	0
138786584340660	33118	0
138786584340662	33117	0
138786584340692	33114	0
138786584340694	33112	0
138786584341108	33110	0
138786584341204	33107	0
138786584341206	33106	0
138786584341207	33105	0
138792026459160	9937	0
138792294894600	9936	0
138796256436948	9935	0
138796256436950	9934	0
138816607181523	9933	0
138816608729299	9932	0
138816609278163	9931	0
138852719581427	9929	0
138852719589587	9927	0
138852720007411	9925	0
138852720138451	9923	0
138861276519539	9921	0
138865587844563	9920	0
138865587844819	9918	0
138884806407700	9917	0
138884810339860	9916	0
138885326654166	22324	0
138885328750806	22320	0
138889101374980	9915	0
138889105307140	9914	0
138893883034326	9912	0
138893885130966	9910	0
138920904706294	38204	12
138920904837334	29761	0
138925071910420	25770	0
138933661836820	25767	0
138933661837009	25764	0
138933661837010	9909	0
138933661837012	25763	0
138933772547796	32119	0
138934307321555	9907	0
138934307321556	9905	0
138934416811729	9904	0
138934416811730	33101	0
138934416811732	33099	0
138934575757010	33096	0
138934575757012	33089	0
138934576805588	37340	1
139158201227514	38204	13
139158201235674	38270	0
139159933896954	38204	13
139159934027994	38209	0
139160202463450	22314	0
139160202463960	22311	0
139168490277114	9901	0
139168490408154	9899	0
139168550680794	9896	0
139168758843610	9894	0
139168758844120	9892	0
139168819116250	9889	0
139177080203514	33080	0
139177080334554	33076	0
139177112959194	9886	0
139177113749754	33053	0
139177113880794	33048	0
139177348770010	33044	0
139177348770520	33041	0
139177381394650	9883	0
139177381395160	9880	0
139177382316250	33036	0
139177382316760	33032	0
139178479167000	25758	0
139209560226010	9879	0
139209560226520	9878	0
139233233703124	9877	0
139237477290967	9876	0
139241773307089	9875	0
139241790084304	9874	0
139241850901115	9873	0
139241850901206	9872	0
139241850901207	9871	0
139246068274129	9870	0
139250359662289	25751	0
139250360096465	25746	0
139250406848210	33022	0
139250407282386	33020	0
139299906371640	9869	0
139299906371642	9868	0
139307357414134	9867	0
139307357545174	9866	0
139307422565400	9865	0
139307422565402	9864	0
139311985967880	9862	0
139311985967882	9860	0
139315913795313	25739	0
139315913795314	9859	0
139315913926172	25736	0
139315913926353	25733	0
139315913926354	9858	0
139315913934362	25730	0
139316008305786	9857	0
139316277790216	9855	0
139316277790218	9853	0
139316543079546	9852	0
139316543079992	9851	0
139316543079994	9850	0
139654241064120	26560	0
139654509303016	9849	0
139662468847279	33750	0
139662827853496	25725	0
139663096092392	33679	0
139663112672975	33735	0
139663112673003	33732	0
139677913716795	25722	0
139679893440689	34926	0
139679910205620	25720	0
139680200136931	25715	0
139686453320760	25710	0
139727255503800	26552	0
139727523742696	9847	0
139730914903778	9846	0
139730914969266	9844	0
139730915034802	9843	0
139730915034818	9842	0
139730918891618	9841	0
139731183470274	9839	0
139731184518850	9837	0
139731188319906	9834	0
139731188319919	9832	0
139731451905714	9830	0
139731720144610	9828	0
139731723093730	9826	0
139746633189435	9825	0
139748629678258	24763	0
139748629678260	9824	0
139748902766818	9823	0
139748902832354	19817	0
139748919609570	22304	0
139748919609571	9821	0
139748919617760	22301	0
139748936190182	9819	0
139753194589154	9818	0
139753228012518	9816	0
139755172793400	9815	0
139799584061153	9814	0
139799584126641	9812	0
139799584192177	9811	0
139799584192193	9810	0
139799588037473	35696	0
139799852627649	9808	0
139799853676225	9806	0
139799857477281	9803	0
139799857477295	9802	0
139800121063089	35430	0
139800389301985	9800	0
139800392251105	9798	0
139817297787057	30861	0
139817298835633	30856	0
139817298839729	9797	0
139817571989729	19814	0
139817639086307	9795	0
139817639090403	37337	0
139817655482598	19811	0
139821947304934	38494	9
139847514603960	34810	0
139847782842856	9794	0
139882998417435	9793	0
139883266852875	9792	0
139886018308276	33018	0
139886018316465	9791	0
139886018316466	33016	0
139886035093680	9790	0
139886035093682	37335	0
139886095902900	33014	0
139886095902902	33013	0
139886095903348	33011	0
139891538021400	9789	0
139891806456840	9788	0
139955010943201	25706	0
139955027720416	25700	0
139955044112611	9786	0
139955044485347	33000	0
139959335934947	9784	0
139960788081779	9782	0
139982590092820	24402	0
139984321963540	31540	0
139988616930820	36836	0
140023763585254	22298	0
140028055407590	36855	0
140262029303864	9781	0
140269545497624	9780	0
140274108900104	36196	0
140278400722440	9778	0
140278666012216	9777	0
140313547376874	32993	0
140330748776507	9776	0
140338264970267	9775	0
140341362463355	9774	0
140342828372747	9772	0
140346710865439	25694	0
140346850710651	9771	0
140347119822347	9768	0
140347120195083	9766	0
140347385112123	9765	0
140347385484411	9764	0
140347385484859	9763	0
140397473145318	9762	0
140410357850854	9761	0
140418897454819	9760	0
140468137406520	9759	0
140475653600280	9758	0
140480217002760	37214	6
140484508825096	9755	0
140484525217291	9753	0
140484525217295	9751	0
140484525221387	9749	0
140484774114872	9748	0
140484790507067	9747	0
140484790507071	9746	0
140484790511163	9745	0
140501322741780	25686	0
140501886875702	19808	0
140502362929200	25682	0
140972613781455	9744	0
140973089834953	9743	0
140973653968875	9742	0
140990186199492	9741	0
140990186203584	9740	0
140990186203588	9739	0
140990202595783	16166	0
140990451489268	9738	0
140990451493360	9737	0
140990451493364	9736	0
140990467885559	16163	0
140994759707895	38494	15
140999323110375	16158	0
141006839304135	16156	0
141056079255836	9735	0
141064618859801	9734	0
141077503565337	9733	0
141127591225796	9732	0
141127591226244	9731	0
141127591598532	25680	0
141127856515572	9730	0
141127856888308	25678	0
141128126000004	9729	0
141128265845216	22296	0
141132148337908	9728	0
141133614247300	9727	0
141136711740388	9726	0
141144227934148	9725	0
141161429333781	9724	0
141196310698439	19806	0
141196575988215	19803	0
141200867810551	24758	0
141205431213031	19800	0
141212947406791	19798	0
141446921303065	27963	0
141451213125401	9723	0
141486359779835	25670	0
141490654747115	25668	0
141492386617835	26270	0
141514188628876	9722	0
141515640775708	9721	0
141519932225308	9720	0
141519932598044	9719	0
141519948990239	9718	0
141519965767454	9717	0
141583170253815	9716	0
141583438689255	9715	0
141588880807307	23022	0
141588880807753	23019	0
141588880807755	23018	0
141588941616973	22654	0
141588941616975	9714	0
141588958394189	23014	0
141588958394190	9713	0
141588958402379	23010	0
141591709857780	9712	0
141591978293220	9711	0
141627193867799	9710	0
141627462106695	26865	0
141653029405721	37214	0
141657321228057	9709	0
141657337620252	29688	0
141657337624348	9708	0
141657404720926	9707	0
141657677870926	9706	0
141657677875022	24379	0
141657678923598	24375	0
141674584459550	16154	0
141674587408670	9705	0
141674855647566	26859	0
141675119233360	9704	0
141675119233374	9703	0
141675123034430	9702	0
141675124083006	9701	0
141675388673182	25666	0
141675392518462	22292	0
141675392518478	22290	0
141675392584014	9700	0
141675392649502	9699	0
141719803917255	9698	0
141721748698137	9697	0
141721782121501	9696	0
141726040520473	9695	0
141726057092895	9694	0
141726057101084	9693	0
141726057101085	9692	0
141726073878301	9691	0
141726073943837	9690	0
141726347032395	9689	0
141726347032397	24366	0
141728343521220	9688	0
141743253616925	16152	0
141743256566045	9687	0
141743524804941	26851	0
141743788390736	9686	0
141743788390749	9685	0
141743792191805	9684	0
141743793240381	9683	0
141744057819037	25664	0
141744061675837	22287	0
141744061675853	22285	0
141744061741389	9682	0
141744061806877	9681	0
141747452967959	9680	0
141747721206855	26848	0
141788523389895	23551	0
141794776573724	21552	0
141795066505035	23542	0
141795083269966	23873	0
141797062993860	24947	0
141811864037652	35603	0
141811864037680	35601	0
141811880618263	35053	0
141812148857159	26845	0
141812507863376	30687	0
141820467407639	9679	0
141820735646535	26838	0
142158433630661	9678	0
142158433630663	9677	0
142158433631109	9676	0
142158698920437	9675	0
142158698920439	9674	0
142158968404869	9673	0
142159062776293	9672	0
142159062784301	9671	0
142159062784302	9670	0
142159062784483	9669	0
142159062915341	9668	0
142159062915342	9667	0
142162990742773	9666	0
142162990742775	9665	0
142167554145253	9664	0
142167554145255	9663	0
142167619165481	9662	0
142167619296521	9661	0
142175070339013	9660	0
142175070339015	9659	0
142224569428269	9658	0
142224569862445	9657	0
142224616614190	9656	0
142224617048366	9655	0
142228908436526	9654	0
142233125809448	9653	0
142233125809449	9652	0
142233125809540	9651	0
142233186626351	9650	0
142233203403566	9649	0
142237499419688	9648	0
142241743007531	9647	0
142265416484135	9646	0
142265416484645	9645	0
142296497543655	19792	0
142297594393895	9644	0
142297594394405	9643	0
142297595315495	9642	0
142297595316005	9641	0
142297627940135	9640	0
142297627940645	9639	0
142297862829861	20608	0
142297862960901	20605	0
142297863751461	9638	0
142297896376101	20602	0
142297896507141	20599	0
142306157594405	9637	0
142306217866535	9636	0
142306217867045	9635	0
142306426029861	9634	0
142306486302501	9633	0
142306486433541	9632	0
142314774246695	9631	0
142314774247205	9630	0
142315042682661	38088	0
142315042813701	38001	12
142316775474981	38093	0
142316775483141	38001	12
142540399905067	38184	4
142540400953643	11942	0
142540400953645	11941	0
142540559898923	14559	0
142540559898925	14558	0
142540559898926	9629	0
142540669389099	9628	0
142540669389100	9627	0
142541204162859	38176	0
142541314873643	14962	0
142541314873645	9626	0
142541314873646	14961	0
142541314873835	14959	0
142549904800235	20909	0
142554071873321	22280	0
142554072004361	38001	11
142581091579689	9625	0
142581093676329	16149	0
142585871403515	9624	0
142585875335675	9623	0
142589647959849	9622	0
142589650056489	18097	0
142590166370795	9621	0
142590170302955	9620	0
142609388865836	9619	0
142609388866092	9618	0
142613700191116	9617	0
142622256572204	22278	0
142622256703244	9616	0
142622257121068	22276	0
142622257129228	22274	0
142658367432492	9615	0
142658367981356	9614	0
142658369529132	16146	0
142678720273705	9613	0
142678720273707	9612	0
142682681816055	9611	0
142682950251495	9610	0
142688392369448	17080	0
142688392369449	17079	0
142688392369451	17078	0
142688392369547	17076	0
142688392369961	17073	0
142688392369963	17072	0
142688392369993	9609	0
142688392369995	9608	0
142688453178669	23374	0
142688453178671	9607	0
142688453179181	23371	0
142688453179183	9606	0
142688453179213	9605	0
142688453179215	9604	0
142688469955885	17069	0
142688469955886	9603	0
142688469956397	17066	0
142688469956398	9602	0
142688469956429	9601	0
142688469956430	9600	0
142688469964075	17063	0
142688469964587	17060	0
142688469964619	9599	0
142691238197037	36156	0
142691238197039	36153	0
142691238197235	9598	0
142691238328077	9597	0
142691238328079	9596	0
142691506632493	22271	0
142691506632494	22270	0
142691506632675	9595	0
142691506763533	9594	0
142691506763534	9593	0
142726973668901	9592	0
142726973668903	16144	0
142726973668935	16142	0
142727036589865	9591	0
142727036589867	9590	0
142727038686505	16140	0
142727038686507	16139	0
142746448365356	9589	0
142746448365358	9588	0
142746449893676	9587	0
142746449893678	9586	0
142747359448110	12795	0
142747437680425	9585	0
142747437680430	9584	0
142747439777065	15382	0
142747439777070	15381	0
142747454998316	9583	0
142747454998318	9582	0
142751734744361	9581	0
142751734744366	9580	0
142756029842441	21301	0
142756029842446	21300	0
142757189432622	9579	0
142757189433134	9578	0
142757189433166	9577	0
142757189436718	18464	0
142757189437230	18461	0
142757189437262	9576	0
142757190485288	18458	0
142757190485294	18457	0
142757190485806	18454	0
142757190485838	9575	0
142759152379692	38035	0
142759152383788	22266	0
142759152510732	38001	13
142759152514828	9574	0
142759153305388	22264	0
142759153313548	22262	0
142759332226828	35906	0
142759332226830	35902	0
142759336888108	22260	0
142759336888110	22259	0
142760226109230	22257	0
142760226113326	22255	0
142760226240270	9573	0
142760226244366	21295	0
142760227161902	22253	0
142760227292942	21290	0
142760320484750	9572	0
142760338859788	38001	12
142760338859790	38016	0
142774365112110	9571	0
142774365112615	9570	0
142774365112622	9569	0
142774366161198	16137	0
142774367208750	16135	0
142774367209765	9568	0
142774367209774	16133	0
142774367209806	16131	0
142774634596654	9567	0
142774634596670	9566	0
142774634727694	9565	0
142774635645221	9564	0
142774635645230	9563	0
142774635645246	9562	0
142774635776261	9561	0
142774635776270	9560	0
142774899886446	9559	0
142774900296862	9558	0
142774900345102	9557	0
142774904080686	22251	0
142774904080702	22249	0
142774904080718	22247	0
142774904211726	9556	0
142774904211790	9555	0
142774904277262	9554	0
142777403885861	22245	0
142777403885870	22244	0
142777404016901	9553	0
142777404016910	16128	0
142815273619245	9552	0
142819315479495	9551	0
142825858594091	9550	0
142825858594093	18451	0
142825858594603	9549	0
142825858594605	18448	0
142825858594635	9548	0
142825858594637	9547	0
142827871860524	22242	0
142827871860525	22241	0
142827871860675	9546	0
142827871991564	9545	0
142827871991565	9544	0
142828140295979	22238	0
142828140295981	22237	0
142828140427019	9543	0
142828140427021	9542	0
142828141344557	22235	0
142828141475597	9541	0
142843034269485	9540	0
142843034269991	9539	0
142843034269997	9538	0
142843035318573	16126	0
142843036366125	16124	0
142843036367141	9537	0
142843036367149	16122	0
142843036367181	16120	0
142843303754029	9536	0
142843303754045	9535	0
142843303885069	9534	0
142843304802597	9533	0
142843304802605	9532	0
142843304802621	9531	0
142843304933637	9530	0
142843304933645	9529	0
142843569043821	9528	0
142843569442717	9527	0
142843569502477	9526	0
142843573238061	22233	0
142843573238077	22231	0
142843573238093	22229	0
142843573369101	9525	0
142843573369165	9524	0
142843573434637	9523	0
142847232769061	9522	0
142847232769063	16118	0
142847232769095	16116	0
142884262578478	9521	0
142888034952135	9520	0
142894578066731	17712	0
142894578067243	17709	0
142894578067275	9519	0
142894594831662	22776	0
142894594832174	22773	0
142894594832206	9518	0
142896591333164	22227	0
142896591333315	20905	0
142896591464204	37998	0
142911660419365	17706	0
142911660419367	17705	0
142911660419399	16113	0
142911753742631	9517	0
142911755839781	17698	0
142912024275237	20898	0
142912024406277	36426	0
142916069951278	9516	0
142920247208741	9515	0
142920247208743	16107	0
142920247208775	16105	0
142920310122281	9514	0
142920312218921	16103	0
143323275946269	9513	0
143323276196125	9512	0
143323276200221	9511	0
143323323132190	9510	0
143323323382046	9509	0
143323323386142	9508	0
143327287003618	9507	0
143327614954526	9506	0
143331832327448	9505	0
143331832327449	9504	0
143331893144351	9503	0
143331909921566	9502	0
143336205937688	9501	0
143340449525531	9500	0
143350103136021	9499	0
143350130784021	9498	0
143352043222805	19789	0
143396300911895	9497	0
143396301649685	19787	0
143396334458135	9496	0
143404863928085	19785	0
143404924384535	9495	0
143413480764695	9494	0
143625257478427	34164	0
143625257482523	34160	0
143625257482525	17057	0
143625274259739	18092	0
143625274259740	17054	0
143625291024671	17688	0
143625307801886	17685	0
143625307805979	18089	0
143627026643227	30446	0
143627027691803	19782	0
143627027691805	19781	0
143627296127259	19779	0
143627296127260	19778	0
143627830901019	19774	0
143641112720665	9493	0
143645390813467	9492	0
143645390879003	9491	0
143645407656219	9490	0
143645407656220	9489	0
143645407687705	9488	0
143645424236831	9487	0
143645441080089	9486	0
143649416428011	9485	0
143649699510041	9484	0
143679641041179	19771	0
143679641041345	19769	0
143679800194329	16101	0
143685386963451	9483	0
143688228878619	35401	0
143688356574489	18080	0
143689681930731	9482	0
143691436472811	19762	0
143693993736476	17045	0
143693993736732	17042	0
143694010501407	17682	0
143694027278622	17679	0
143696015603996	19760	0
143696015604252	19758	0
143709832193308	9481	0
143714127132956	9480	0
143714127133212	9479	0
143714127160348	9478	0
143718418609948	9477	0
143718418982684	9476	0
143718435374879	9475	0
143718452152094	9474	0
143757074315036	19756	0
143757076047132	16098	0
143762671261465	17033	0
143762671261467	17032	0
143762732070685	35448	0
143762732070687	9473	0
143762746759451	17029	0
143762748847901	17024	0
143762748847902	9472	0
143762748856091	17021	0
143778509215003	11934	0
143782796279065	9471	0
143782796279067	9470	0
143787098887448	17018	0
143787098887449	17017	0
143787098887451	17016	0
143787098887563	17014	0
143787098887961	17011	0
143787098887963	17010	0
143787159696669	28322	0
143787159696671	9469	0
143787159697181	28318	0
143787159697183	9468	0
143787176473885	17007	0
143787176473886	9467	0
143787176474397	17004	0
143787176474398	9466	0
143787176482075	17001	0
143787176482587	16998	0
143825663409686	9465	0
143825663409687	9464	0
143825680186903	16096	0
143825680252439	9463	0
143825745204505	16094	0
143825745204507	16093	0
143831382347545	18441	0
143831466232094	18438	0
143831468324638	9462	0
143831468328734	18435	0
143831469377310	18432	0
143833075103516	19754	0
143833075103518	19753	0
143833986186270	19751	0
143834066699545	18427	0
143834066699550	18426	0
143834081736476	19749	0
143834081736478	19748	0
143847220823321	9461	0
143847307330846	12789	0
143851515790361	9460	0
143851599313950	9459	0
143851599378718	9458	0
143855807612697	9457	0
143855824004892	38491	0
143855824008988	9456	0
143855891105566	9455	0
143855895950622	9454	0
143855895951134	9453	0
143855895954718	18423	0
143855895955230	18420	0
143855897003288	18417	0
143855897003294	18416	0
143855897003806	18413	0
143859829163406	18410	0
143873070844190	16090	0
143873072679198	16088	0
143873073726750	16086	0
143873073727774	16084	0
143873073793310	9452	0
143874140326206	9451	0
143874140391742	9450	0
143874140391762	9449	0
143874140391774	9448	0
143874146224446	9447	0
143874146289982	9446	0
143874147273022	9445	0
143874147338558	9444	0
143874408565102	9443	0
143874408827198	9442	0
143874408827214	9441	0
143874415708478	9440	0
143874415708494	9439	0
143874415774014	9438	0
143874415774030	9437	0
143874415905038	37329	0
143874415905054	37327	0
143876925373598	19746	0
143876925409598	19744	0
143900101824281	18406	0
143900135370525	18403	0
143900135389467	9436	0
143900135389469	18400	0
143900137486107	9435	0
143900137486109	18397	0
143901900357405	19742	0
143915940115737	9434	0
143915973539101	9433	0
143920235036441	9432	0
143920235082777	9431	0
143920268459805	9430	0
143920268506141	9429	0
143924526905113	9428	0
143924543477535	9427	0
143924543485724	9426	0
143924543485725	9425	0
143924560262941	9424	0
143924560328477	9423	0
143924565112091	9422	0
143924565112093	18394	0
143924565112603	9421	0
143924565112605	18391	0
143941740001565	16082	0
143941741836573	16080	0
143941742884125	16078	0
143941742885149	16076	0
143941742950685	9420	0
143942809483581	9419	0
143942809549117	9418	0
143942809549138	9417	0
143942809549149	9416	0
143942815381821	9415	0
143942815447357	9414	0
143942816430397	9413	0
143942816495933	9412	0
143943077722477	9411	0
143943077984573	9410	0
143943077984589	9409	0
143943084865853	9408	0
143943084865869	9407	0
143943084931389	9406	0
143943084931405	9405	0
143943085062413	37325	0
143943085062429	37323	0
143945922509846	9404	0
143945922509847	9403	0
143945939287063	16074	0
143945939352599	9402	0
143968854862107	17676	0
143968856958747	17673	0
143968873723678	35344	0
143970889316638	19739	0
143988954512921	9401	0
143989004777758	9400	0
143993262958364	15620	0
143993284584731	17670	0
143993284585243	17667	0
143993301349662	27220	0
143993301350174	27216	0
144010350160150	35594	0
144010350160151	35592	0
144010350377246	35586	0
144010350378641	35581	0
144010350422292	35576	0
144010366937367	17660	0
144010367002903	14947	0
144011529021778	12305	0
144018936949526	9399	0
144018936949527	9398	0
144018953726743	16067	0
144018953792279	9397	0
144019018736921	16065	0
144080523950413	9396	0
144080532609357	11931	0
144080532613453	11928	0
144080540727628	9395	0
144080541522252	9394	0
144080541526348	9393	0
144080557492559	9392	0
144080574269774	9391	0
144080579795278	12294	0
144080579799374	30170	0
144082579233223	9390	0
144082844522999	9389	0
144087136345335	9388	0
144089081126217	9387	0
144089081130313	9386	0
144091699747815	9385	0
144097670254409	9384	0
144099215941575	9383	0
144101965831753	9382	0
144101965835849	9381	0
144494795315655	9380	0
144495060605431	9379	0
144499352427767	9378	0
144503915830247	9377	0
144511432024007	9376	0
144724769777995	9375	0
144724769843531	9374	0
144724777707851	12291	0
144724777707853	11923	0
144724786620747	9373	0
144724786620748	9372	0
144724786655561	9371	0
144724803201359	9370	0
144724820044617	9369	0
144729081622601	9368	0
144744901699915	28586	0
144744901704011	28579	0
144744901704013	27605	0
144744918481227	29258	0
144744918481228	27599	0
144744935246159	28573	0
144744952023374	28568	0
144744952027467	29252	0
144747921602891	27591	0
144747921602893	27589	0
144747922336075	38204	8
144747922401611	38241	0
144748190837067	32980	0
144748190837068	32975	0
144748190837577	32968	0
144748459075919	37470	0
144748726896974	28564	0
144748727577417	32963	0
144748733183817	29248	0
144753028151113	29243	0
144780402277961	9367	0
144780402278217	9366	0
144780402293067	9365	0
144780402293577	9364	0
144780402293833	9363	0
144780410664777	9362	0
144780410956107	32958	0
144780410956228	32952	0
144780646885707	32946	0
144780646885828	32942	0
144780653932617	37316	0
144783556368891	9361	0
144784697245513	9360	0
144784697249609	9359	0
144784891521355	38204	8
144784891521524	38227	0
144784891521531	38226	0
144784891522891	32938	0
144787851336171	9358	0
144788992212553	29237	0
144788992219467	29234	0
144788992829924	32935	0
144788992831049	32933	0
144788998502217	29230	0
144788998793547	32928	0
144789186488651	32923	0
144789186488653	32922	0
144789186488804	32918	0
144789186488811	32917	0
144789203265867	32913	0
144789203265868	32912	0
144789210312777	37311	0
144790871235051	9357	0
144793506097484	9356	0
144793506097740	9355	0
144793506128204	9354	0
144795543839116	9353	0
144797801095244	9352	0
144799838806156	9351	0
144813637957964	27583	0
144813637958220	27577	0
144813654722895	38118	0
144813671500110	28558	0
144816909496140	26979	0
144816910313804	32908	0
144816910314060	32901	0
144816917882700	9350	0
144816918308684	32899	0
144817446373710	28552	0
144821212849548	9349	0
144821212849996	9348	0
144821213275980	32895	0
144821213284140	32893	0
144853416718156	9347	0
144853416726345	9346	0
144853416726346	9345	0
144857711685196	9344	0
144857922742604	32891	0
144857922742860	32889	0
144857922873164	32887	0
144857929785420	37309	0
144862175243593	9343	0
144862175243595	9342	0
144862183107915	11920	0
144862183149899	11917	0
144864525464055	9341	0
144864793899495	9340	0
144866478116939	11914	0
144868820431095	9339	0
144869088866535	9338	0
144882315482953	27567	0
144882315482955	27566	0
144882376292173	26975	0
144882376292175	9337	0
144882390980939	27561	0
144882393069389	27555	0
144882393069390	9336	0
144882393077579	27551	0
144885899507533	9335	0
144885899507535	9334	0
144886167942989	9333	0
144886167942990	9332	0
144886610449803	27548	0
144886610450249	27545	0
144886610450251	27544	0
144886671259469	26971	0
144886671259471	9331	0
144886688036685	27540	0
144886688036686	9330	0
144886688044875	27536	0
144890194474829	9329	0
144890194474831	9328	0
144890462910285	9327	0
144890462910286	9326	0
144925191749191	35308	0
144925191880215	9325	0
144925191880231	9324	0
144925460315655	9323	0
144925460315687	9322	0
144926431166025	9321	0
144926431172939	9320	0
144926433261389	9319	0
144926433263175	9318	0
144926433269579	9317	0
144926591888715	36993	0
144926591888971	32882	0
144926598942793	37307	0
144926598942795	37306	0
144930894758217	9316	0
144930978278478	9315	0
144930978343246	9314	0
144930981227598	12783	0
144930981265742	12780	0
144935189725257	9313	0
144935276232782	12777	0
144951026569033	30037	0
144951110453582	30031	0
144951112546126	9312	0
144951112550222	30027	0
144951113598798	30021	0
144953811593548	34417	0
144953811597644	9311	0
144953812396364	32876	0
144953813690188	26964	0
144953813694284	9310	0
144953814493004	32874	0
144954056320844	32872	0
144954056320846	32871	0
144954885327182	30017	0
144954885811278	32866	0
144954885876046	32860	0
144954887419726	9309	0
144954887423822	30013	0
144954888472398	30008	0
144955053097033	37301	0
144955053097038	37296	0
144955062953804	32858	0
144955062953806	32857	0
144955407513422	9308	0
144955407517518	30003	0
144955408566094	29997	0
144958108657484	38319	0
144958108661580	9307	0
144958109460300	32855	0
144958109468460	32853	0
144958351288140	32851	0
144958351288142	32850	0
144958360143660	9306	0
144958360143662	9305	0
144959182387022	9304	0
144959182391118	29993	0
144959183439694	29988	0
144959357921100	32848	0
144959357921102	32847	0
144972585290062	35299	0
144972585421086	9303	0
144972585421102	9302	0
144972853856526	9301	0
144972853856558	9300	0
144973675809102	38416	0
144973675809103	9299	0
144973675817292	38409	0
144973675821388	9298	0
144973676620108	32845	0
144973676661057	9297	0
144973920414028	36940	0
144973920414030	36937	0
144973920414542	32837	0
144973920414798	36932	0
144973920414868	36928	0
144973920414878	36927	0
144973920454990	36917	0
144973921503566	37288	0
144973927336238	9296	0
144973927336270	9295	0
144973927401806	9294	0
144973927465038	37283	0
144973927467278	37281	0
144973927467342	37267	0
144976360163662	35293	0
144976360294702	32834	0
144999614000969	9293	0
144999614050633	9292	0
144999647424333	9291	0
144999647473997	9290	0
145001159127495	9289	0
145003909017673	9288	0
145003942441037	9287	0
145005454094535	9286	0
145019746045769	29982	0
145019779592013	29978	0
145019779610955	9285	0
145019779610957	29972	0
145019781707595	9284	0
145019781707597	29966	0
145022531074380	9283	0
145022531074381	9282	0
145022533171020	9281	0
145022533171021	9280	0
145022799509835	9279	0
145022799509837	9278	0
145022799510093	9277	0
145022799982413	32826	0
145022801606475	9276	0
145022801606477	9275	0
145022802655053	9274	0
145024076674891	9273	0
145024076674893	29960	0
145026828138316	9272	0
145026828138317	9271	0
145027096573771	9270	0
145027096573773	9269	0
145027097622349	9268	0
145041254447437	35285	0
145041254578461	9267	0
145041254578477	9266	0
145041523013901	9265	0
145041523013933	9264	0
145042395285839	9263	0
145042395289935	9262	0
145042395298124	9261	0
145042395298125	9260	0
145042395298637	9259	0
145042589559117	32824	0
145042589559119	32818	0
145042589560653	32812	0
145042589560724	32803	0
145042589560733	32802	0
145042589612365	32794	0
145042590660941	37259	0
145042596493613	9258	0
145042596493645	9257	0
145042596559181	9256	0
145042596622413	37254	0
145042596624653	37252	0
145042596624717	37240	0
145045450849351	35280	0
145045450980375	9255	0
145045450980391	9254	0
145045719415815	9253	0
145045719415847	9252	0
145046690257231	9251	0
145046690257487	9250	0
145046690265421	9249	0
145046690265677	9248	0
145046690266185	9247	0
145046692353871	9246	0
145046692362061	9245	0
145046692363335	9244	0
145068333477449	9243	0
145068383742286	9242	0
145069878600135	31087	0
145074173567175	36644	0
145088499083595	28546	0
145088501180235	28542	0
145088517945166	29221	0
145091250547020	34434	0
145091252643660	28536	0
145091787958606	32785	0
145092796147531	28531	0
145092812912462	29217	0
145095547610956	28526	0
145109878499655	35275	0
145109878630679	14927	0
145109878630695	28519	0
145110147066119	37795	0
145110147066151	37765	0
145111114762574	38461	0
145111114770764	38457	0
145111120013639	38445	0
145111120292174	38436	0
145111120293524	38373	7
145111120341313	38391	0
145111309035853	32774	0
145111309035854	32771	0
145111325813068	36972	0
145111325813070	36969	0
145115620780366	36311	0
145115620780622	32768	0
145118465289031	35268	0
145118465420055	9241	0
145118465420071	9240	0
145118733855495	9239	0
145118733855527	9238	0
145119704705865	9237	0
145119706803015	9236	0
145119872475209	37234	0
145179247860028	9235	0
145187787463993	9234	0
145200672169529	9233	0
145233221453775	9232	0
145233697507273	9231	0
145234261641195	9230	0
145834549074235	9229	0
145834549139771	9228	0
145834817575227	9227	0
145834817575228	9226	0
145834817575737	9225	0
145835085814079	9224	0
145835354315577	9223	0
145835360106297	27775	0
145849255442233	9222	0
145879353112377	9221	0
145879360100667	9220	0
145879360100803	9219	0
145879360101177	9218	0
145879360101433	9217	0
145883067996667	9216	0
145883604736315	9215	0
145883604736499	9214	0
145883604736507	9213	0
145883604737849	9212	0
145883604737851	9211	0
145887362963947	9210	0
145887899703611	9209	0
145887899703613	9208	0
145887899703779	9207	0
145887899703787	9206	0
145887909492537	34077	0
145887916480827	29209	0
145887916480828	9205	0
145890382862827	9204	0
145903537051964	9203	0
145903537052220	9202	0
145903544805180	9201	0
145917974542140	9200	0
145917974914876	9199	0
145917991307071	9198	0
145918008084286	9197	0
145956628965180	9196	0
145956635957564	9195	0
145956635957820	9194	0
145972526430013	9193	0
145972526430015	9192	0
145972794865469	9191	0
145972794865470	9190	0
145986122143513	23006	0
145986122143515	23004	0
145986182952733	22650	0
145986182952735	9189	0
145986199729949	23000	0
145986199729950	9188	0
145986199738139	22996	0
145986390578953	22990	0
145986390578955	22986	0
145986451388173	36061	0
145986451388175	9187	0
145986468165389	22981	0
145986468165390	9186	0
145986468173579	22975	0
145986658817849	27523	0
145986658817851	27518	0
145986719627069	26954	0
145986719627071	9185	0
145986736404285	27513	0
145986736404286	9184	0
145986736412475	27506	0
145989722945520	9183	0
145989991380960	9182	0
146025298122553	9181	0
146025298122555	9180	0
146025305103673	9179	0
146025305103675	9178	0
146025305103929	9177	0
146025305103931	9176	0
146040439134524	9175	0
146040440612668	38001	15
146040440616764	9174	0
146040692213564	9173	0
146040692213566	9172	0
146041512549438	9171	0
146041512614206	9170	0
146041514342206	9169	0
146041514346302	12774	0
146041515394878	12771	0
146041672681273	34249	0
146041672681278	34245	0
146054919206686	9168	0
146054919210782	24356	0
146054920259358	24351	0
146055187642126	9167	0
146055187646222	24344	0
146055188694798	24336	0
146055363544889	9166	0
146055379937084	38001	14
146055379941180	9165	0
146055447037758	9164	0
146055455881022	9163	0
146055455885118	29940	0
146055456933694	29933	0
146072092002654	9162	0
146072095934750	9161	0
146072096983326	9160	0
146072364370190	9159	0
146072365418766	9158	0
146072626644798	9157	0
146072626645310	9156	0
146072626710846	9155	0
146072626776382	9154	0
146072626776414	9153	0
146072632609086	9152	0
146072633628988	9151	0
146072633628990	9150	0
146072633629502	9149	0
146072633629758	9148	0
146072633657662	9147	0
146109160093500	9146	0
146109160093501	9145	0
146109426720573	9144	0
146109428528955	9143	0
146109428528957	9142	0
146109429577533	9141	0
146123588368155	9140	0
146123588368157	24325	0
146123856803595	9139	0
146123856803597	24315	0
146124082837305	9138	0
146124099409727	9137	0
146124099417916	9136	0
146124099417917	9135	0
146124116195133	9134	0
146124116260669	9133	0
146124125042491	9132	0
146124125042493	29917	0
146126356608960	9131	0
146140761160029	9130	0
146140765092125	9129	0
146140766140701	9128	0
146141033527565	9127	0
146141034576141	9126	0
146141295802173	9125	0
146141295802685	9124	0
146141295868221	9123	0
146141295933757	9122	0
146141295933789	9121	0
146141301766461	9120	0
146141302774077	9119	0
146141302774079	9118	0
146141302775613	9117	0
146141302815037	9116	0
146177879566140	31035	0
146178414696766	9115	0
146192307840795	23528	0
146192324605726	23868	0
146192576276235	23522	0
146192593041166	35805	0
146192818890556	30819	0
146192844515131	28507	0
146192861280062	29200	0
146195076081600	36687	0
146210022250813	9114	0
146210022250814	28491	0
146210039028028	9113	0
146210039028030	9112	0
146214333995326	9111	0
146214333995582	9110	0
146218571654969	9109	0
146218578631993	9108	0
146218578632249	9107	0
146281527724481	29879	0
146281535588801	22219	0
146281800878577	22216	0
146282063907297	30514	0
146347738401101	9106	0
146347738466637	9105	0
146347747379532	9104	0
146347785587022	9103	0
146347785652558	9102	0
146352077409358	9101	0
146356286983497	9100	0
146356294782281	9099	0
146356294782338	9098	0
146356355599183	9097	0
146356372376398	9096	0
146364911980363	9095	0
146369171689033	9094	0
146418933119425	9093	0
146418933119429	9092	0
146418933123521	9091	0
146418940918209	9090	0
146418940918657	9089	0
146418940983745	9088	0
146418940987841	9087	0
146419206207985	9086	0
146419206273521	9085	0
146419206277617	9084	0
146419469306337	9083	0
146419475692417	9082	0
146419670333925	9081	0
146423498030321	9080	0
146424208964993	9079	0
146428061432801	9078	0
146435577626561	9077	0
146923273040201	23864	0
146926471694827	29104	0
146935059532267	9076	0
146982574705147	22208	0
146986869672427	29100	0
146989927909867	36239	0
146989928155627	32756	0
146991992512844	9075	0
147003056497548	9074	0
147060669469001	22972	0
147060669469003	22971	0
147060669469067	22969	0
147060669534539	22966	0
147060730278221	37444	0
147060730278223	9073	0
147060747055437	22961	0
147060747055438	9072	0
147060747063627	22958	0
147072749064843	27502	0
147124919909953	9071	0
147129381142857	24306	0
147129466532174	9070	0
147129466536270	24303	0
147129467584846	24299	0
147129467650382	24294	0
147132597584270	9069	0
147136892551310	9068	0
147141184373646	9067	0
147145479340686	9066	0
147171603598494	22205	0
147171608545614	9065	0
147171608611102	9064	0
147171608676638	25654	0
147171608676654	25651	0
147171873048846	9063	0
147171873114382	9062	0
147171877046542	9061	0
147171877112078	9060	0
147171877112110	9059	0
147172138207598	9058	0
147172138338622	9057	0
147172138338638	9056	0
147172138404158	9055	0
147172138404174	9054	0
147172145285438	9053	0
147172145285454	9052	0
147172145547534	37220	0
147172145547550	37214	1
147172163045669	32752	0
147172163045697	9051	0
147172406774094	32748	0
147172406839630	32743	0
147172407822670	37212	0
147172407888206	37206	0
147172413720869	9050	0
147172413720878	9049	0
147172413720910	9048	0
147172413786446	9047	0
147175383419214	9046	0
147175383550254	32740	0
147175416842574	22202	0
147175417104654	37204	0
147198100435273	9045	0
147198133858637	9044	0
147198135693643	9043	0
147198135693645	24286	0
147240272744349	22200	0
147240277702989	9042	0
147240277768477	9041	0
147240277834013	25645	0
147240277834029	25642	0
147240542206221	9040	0
147240542271757	9039	0
147240546203917	9038	0
147240546269453	9037	0
147240546269485	9036	0
147240807364973	9035	0
147240807495997	9034	0
147240807496013	9033	0
147240807561533	9032	0
147240807561549	9031	0
147240814442813	9030	0
147240814442829	9029	0
147240814704909	37195	0
147240814704925	37181	0
147241075931469	32736	0
147241075997005	32731	0
147241076980045	37178	0
147241077045581	37172	0
147241082878245	9028	0
147241082878253	9027	0
147241082878285	9026	0
147241082943821	9025	0
147245179010113	9024	0
147266855166283	23508	0
147266871931214	37435	0
147309606660417	28470	0
147309606725953	28464	0
147309802350885	28460	0
147318193449793	9023	0
152852827710913	9022	0
152852835575233	9021	0
152861419718593	34760	0
152861425616833	22197	0
152861425682369	22195	0
152861436483524	25623	0
152861442381764	25621	0
152861442447300	25619	0
152861453260739	25616	0
152861459158979	25614	0
152861459224515	25612	0
152861687957489	34905	0
152861704722420	25609	0
152861721499635	25606	0
152861956392929	34899	0
152861973157860	25603	0
152861989935075	25600	0
152921616352199	9019	0
152921622315975	9018	0
152921884591095	9016	0
152922153026535	9014	0
152925858566082	9012	0
152925858892226	9010	0
152925858930882	9008	0
152925860988610	9007	0
152925860988866	9005	0
152925866886850	9004	0
152925866887106	9003	0
152925866952386	9002	0
152925866952642	9001	0
152926127131122	8999	0
152926129227506	8998	0
152926129227762	8996	0
152926395566562	8994	0
152926397662946	8993	0
152926397663202	8991	0
152927655954255	8989	0
152930155956162	8986	0
152930155956164	8984	0
152930161854402	8982	0
152930161854404	8981	0
152930161919938	8979	0
152930161919940	8978	0
152930172733378	22181	0
152930172733379	8976	0
152930172741568	22177	0
152930178631618	22174	0
152930178631619	8975	0
152930178639808	22171	0
152930178697154	22168	0
152930178697155	8974	0
152930178705344	22165	0
152930424195058	8971	0
152930424195060	8969	0
152930440972274	22161	0
152930440972275	8967	0
152930440980464	22157	0
152930692630498	8964	0
152930692630500	8962	0
152930709407714	22153	0
152930709407715	8960	0
152930709415904	22149	0
152957733111746	8959	0
152957733177282	8958	0
152957735273922	16062	0
152957737043906	8957	0
152966176443975	16059	0
152994527723457	8955	0
152994528049601	8953	0
152994528076737	8951	0
152994528076993	8949	0
152994530145985	8948	0
152994530146241	8946	0
152994536044225	8945	0
152994536044481	8944	0
152994536109761	8943	0
152994536110017	8942	0
152994796288497	8940	0
152994798384881	8939	0
152994798385137	8937	0
152995064723937	8935	0
152995066820321	8934	0
152995066820577	8932	0
152998825113537	8930	0
152998825117633	8928	0
152998831011777	8927	0
152998831015873	8926	0
152998831077313	8925	0
152998831081409	8924	0
152998892210115	8922	0
152998892214211	37160	0
152998897559491	8921	0
152998898108355	8920	0
152998898112451	37158	0
152998898173891	8919	0
152998898177987	37156	0
152999093352433	8917	0
152999093356529	8915	0
152999160449011	8913	0
152999160453107	37146	0
152999361787873	8911	0
152999361791969	8909	0
152999428147171	8908	0
152999428884451	8906	0
152999428888547	37143	0
153025489877441	19728	0
153025647294401	19725	0
153025647359937	19722	0
153026740024257	8905	0
153026748195777	8903	0
153041864436164	8902	0
153041864466884	8901	0
153041864467140	8900	0
153041875452359	16056	0
153041881416135	16052	0
153042143691255	16049	0
153042412126695	16046	0
153064289617695	8898	0
153064558053135	8896	0
153067544586180	32713	0
153067544594369	8894	0
153067544594370	32707	0
153067550484420	32704	0
153067550492609	8893	0
153067550492610	32702	0
153067550549956	32698	0
153067550558145	8892	0
153067550558146	32696	0
153067561371584	8890	0
153067561371586	37132	0
153067567269824	8889	0
153067567269826	37130	0
153067567335360	8888	0
153067567335362	37128	0
153067812825076	32689	0
153067812833265	8886	0
153067812833266	32683	0
153067829610480	8884	0
153067829610482	38494	0
153068081260516	32679	0
153068081268705	8882	0
153068081268706	32676	0
153068098045920	8880	0
153068098045922	38503	0
153094209381060	8878	0
153095459450820	32673	0
153095467641284	32669	0
153095467771844	32664	0
153095467837380	32661	0
153095703570884	32657	0
153095703601860	32653	0
153095703701444	32649	0
153095703766980	32646	0
153095710483140	8877	0
153099754418116	32644	0
153102810107415	28919	0
153103078542855	36187	0
153104049514980	32642	0
153104049516196	32640	0
153104051611620	32637	0
153110525403075	8876	0
153110525729219	8875	0
153110525748675	8874	0
153110533612995	8873	0
153110793968115	8872	0
153111062403555	8871	0
153114889892037	8869	0
153114889892039	8867	0
153114895790277	8866	0
153114895855749	8865	0
153114895855813	8864	0
153114895855815	8863	0
153115158130933	8861	0
153115158130935	8859	0
153115426566373	8857	0
153115426566375	8855	0
153115430629509	8853	0
153163617772995	8852	0
153163624634819	8850	0
153163624654275	8849	0
153163625287875	37123	0
153171529580053	25592	0
153171529580055	25590	0
153183559049412	8847	0
153183564832964	8846	0
153183564947652	8845	0
153183565013124	8844	0
153183565013188	8843	0
153183827288308	8841	0
153184095723748	8839	0
153184099786884	8837	0
153240198737428	25587	0
153248000321477	28226	0
153248006219717	22133	0
153248006285253	22131	0
153248268560373	29093	0
153248536995813	29088	0
153252278522055	19715	0
153252284485831	19708	0
153252546760951	19701	0
153252815196391	19696	0
153256580851653	8835	0
153256590247877	8833	0
153256596146117	8832	0
153256596211653	8831	0
153256858486773	8829	0
153257117337573	8827	0
153257126922213	8825	0
153300344436677	8823	0
153300350707653	8821	0
153301351069637	8819	0
153301357340613	8817	0
153301595785157	32630	0
153301595850693	32623	0
153304639391733	8816	0
153305646024693	8815	0
153308918210071	28968	0
153308934359013	8814	0
153309940991973	8813	0
153795105190215	26832	0
153811748188935	8810	0
153820019357460	25579	0
153820304570115	8807	0
153820774332225	8804	0
153958191060913	21511	0
153975969536321	34577	0
154025638693330	8802	0
154025638693362	8800	0
154025907128786	8798	0
154025907128802	8796	0
154044360099762	8795	0
154044362196402	16042	0
154044899076416	37525	0
154047382114482	37511	0
154090801412561	18707	0
154094307850705	8793	0
154094307850737	8791	0
154094576286161	8789	0
154094576286177	8787	0
154094914222033	8785	0
154094914222035	8784	0
154094920128433	8782	0
154094920128435	8781	0
154098671335379	8780	0
154098671335411	8779	0
154098939770835	8778	0
154098939770851	8777	0
154112274282417	19689	0
154113106499921	11903	0
154113374933905	11900	0
154113374933937	11897	0
154113374935361	11894	0
154116049156017	33811	0
154139388226004	34426	0
154180836119188	33719	0
154180836119220	33716	0
154180836120852	33713	0
154181104556292	37500	0
154182086371828	32608	0
154182086373300	32603	0
154182086502868	32597	0
154182330296788	33707	0
154182330339988	33703	0
154182330340020	33697	0
154182330689460	32591	0
154182337221300	8776	0
154182338029828	37116	0
154184578443732	38204	8
154184578443764	38222	0
154184578443772	38221	0
154184846879188	32585	0
154184846879204	32581	0
154199266109908	38204	9
154199266109940	38215	0
154203561077204	32579	0
154203561077220	32577	0
154210305530323	8775	0
154210305530355	8774	0
154210573965779	8773	0
154210573965795	8772	0
154249715333397	25564	0
154249983777027	8770	0
154250244511123	8769	0
154250244511155	8768	0
154250251360723	27485	0
154250251392435	27482	0
154250252210355	37113	0
154250252212483	37110	0
154253221059068	8767	0
154253254482387	8765	0
154253254482419	8762	0
154253254482428	8761	0
154253522917843	8759	0
154253522917859	8756	0
154253523748275	32573	0
154253523769603	37105	0
154318241519892	25558	0
154345272891317	30743	0
154386977445813	27473	0
154387418536199	35999	0
154387683825975	28071	0
154387984078773	27467	0
154388222773173	32564	0
154390988924853	32559	0
154404151015381	8754	0
154404151015413	8753	0
154405157648341	8751	0
154405157648373	8750	0
154408445982677	8749	0
154408445982693	8748	0
154409452615637	8747	0
154409452615653	8746	0
155005990988092	19685	0
155006719420748	8745	0
155006752844108	22107	0
155048224757737	8744	0
155048225805544	8743	0
155048225805545	8742	0
155048226854121	8741	0
155048226854377	8740	0
155048226869737	8739	0
155048226869993	8737	0
155052390467041	12765	0
155052521821673	8736	0
155052521825769	8735	0
155056812594920	25546	0
155056812594921	25545	0
155056812595177	25542	0
155056816178409	34618	0
155056816788713	25539	0
155059906037697	34665	0
155059906103233	22105	0
155059912001473	35218	0
155059922802628	33312	0
155059922868164	25537	0
155059928766404	33257	0
155059939579843	38592	0
155059939645379	25535	0
155059945543619	25532	0
155060979648481	35093	0
155060996413412	25529	0
155061013190627	25526	0
155061107561960	25523	0
155061107561961	25522	0
155061107562473	25518	0
155061108611049	25515	0
155061108615145	35087	0
155075473295681	22096	0
155075481160001	22094	0
155078156929505	8734	0
155078190352869	8733	0
155097077913577	25510	0
155097081561577	18380	0
155120102671303	8732	0
155120102736839	8731	0
155121176282087	8729	0
155121240245224	8728	0
155121240245225	8727	0
155121241293801	8725	0
155121241294306	8724	0
155121241294313	8723	0
155121241302496	8722	0
155121241302505	8721	0
155124345211330	8719	0
155124345276866	8717	0
155124347307714	8716	0
155124347307970	8715	0
155124347373250	8714	0
155124347373506	8713	0
155124353271490	8712	0
155124353271746	8710	0
155125418756578	8708	0
155125418822114	8706	0
155125418822370	8704	0
155125420918498	8703	0
155125420918754	8701	0
155125536261097	8699	0
155125536261346	8698	0
155125536261353	8697	0
155125536272617	8695	0
155126618391938	8693	0
155126618392393	8691	0
155128642275266	8689	0
155128642275268	8688	0
155128642340802	8686	0
155128642340804	8685	0
155128648239042	8682	0
155128648239044	8680	0
155128659052482	37940	0
155128659052483	8679	0
155128659060672	37892	14
155128659118018	22091	0
155128659118019	8678	0
155128659126208	22088	0
155128665016258	22084	0
155128665016259	8676	0
155128665024448	22080	0
155129715886050	8673	0
155129715886052	8671	0
155129732663266	22076	0
155129732663267	8669	0
155129732671456	22072	0
155129828083682	22068	0
155129828083689	22065	0
155129828091872	37854	0
155129828091881	37848	0
155151190263746	8668	0
155151190263778	8667	0
155165262612450	8666	0
155165262612457	8665	0
155165264709090	16037	0
155165264709097	16036	0
155165801038057	18377	0
155165801579497	22063	0
155167296391106	8664	0
155167296391138	8663	0
155193014368705	8661	0
155193014434241	8659	0
155193016465089	8658	0
155193016465345	8657	0
155193016530625	8656	0
155193016530881	8655	0
155193022428865	8654	0
155193022429121	8652	0
155194087913953	8650	0
155194087979489	8648	0
155194087979745	8646	0
155194090075873	8645	0
155194090076129	8643	0
155194255000553	8641	0
155194255000809	8638	0
155194255737833	8636	0
155194255738089	8634	0
155194255742185	37102	0
155194255749353	37099	0
155197311432641	8633	0
155197311436737	8632	0
155197311498177	8631	0
155197311502273	8630	0
155197317396417	8628	0
155197317400513	8626	0
155197377669059	8625	0
155197377673155	8624	0
155197378529219	8623	0
155197378533315	37097	0
155197378594755	8622	0
155197378598851	37095	0
155197384492995	8620	0
155197384497091	37090	0
155198385043425	8618	0
155198385047521	8616	0
155198451398627	8615	0
155198451402723	8614	0
155198452140003	8612	0
155198452144099	37087	0
155198452451299	8610	0
155211628231105	19681	0
155212618123601	8609	0
155212878694721	8608	0
155212886557585	8607	0
155212886559041	8606	0
155215562328545	8605	0
155215629175267	16033	0
155215629175269	8604	0
155215923198401	19678	0
155233098873313	19675	0
155233176795105	19672	0
155233176795113	19671	0
155234356151265	12761	0
155234520318953	8603	0
155234521056233	8602	0
155235961616321	34447	0
155235961616353	34445	0
155240350820804	8600	0
155240361771463	37399	0
155240361836999	16031	0
155241419358692	12756	0
155241419358948	34235	0
155241420368356	8598	0
155241435382247	16027	0
155241499345384	16025	0
155241499345385	16024	0
155241500386793	30429	0
155241500393961	16022	0
155241500398057	8597	0
155241500398313	8596	0
155263252055833	8594	0
155263520491273	8592	0
155266030905284	36819	0
155266030913473	8591	0
155266030913474	36807	0
155266030970820	32554	0
155266030979009	8590	0
155266030979010	32552	0
155266036869060	32546	0
155266036877249	8588	0
155266036877250	32541	0
155266047690688	8587	0
155266047690690	37085	0
155266047756224	8586	0
155266047756226	37083	0
155266053654464	8584	0
155266053654466	37074	0
155267104516068	32537	0
155267104524257	8582	0
155267104524258	32534	0
155267121301472	8580	0
155267121301474	37071	0
155267262850536	32531	0
155267262850537	32530	0
155267262851044	32527	0
155267262851049	32525	0
155267262859234	32522	0
155267262859241	32520	0
155280347742868	8579	0
155280347744532	8578	0
155280616179972	8577	0
155281598065092	38263	0
155281598130628	32518	0
155281605994948	32513	0
155284358506948	32511	0
155284358506980	32507	0
155284358507492	32504	0
155284358546068	32502	0
155284358546078	32500	0
155284358546148	32497	0
155284358547938	32495	0
155284358547940	32493	0
155285893032388	32491	0
155285893097924	32489	0
155285895129028	32483	0
155285895194564	32477	0
155285900962244	32472	0
155288653474244	32468	0
155288653474276	32465	0
155288653474532	32462	0
155301817336548	34230	0
155301898375913	8576	0
155303072704996	32460	0
155303072770532	32458	0
155303072770788	32456	0
155303074867172	32453	0
155303076637156	32447	0
155303232914148	34220	0
155303233202148	32443	0
155303233202153	32442	0
155303239795428	8575	0
155303239795433	8574	0
155304759601604	32437	0
155304759601636	32435	0
155309012048323	8573	0
155309012113859	8572	0
155310085593571	8571	0
155310085659107	8570	0
155310085659363	8569	0
155310088504803	8568	0
155310219863529	8567	0
155310219874787	8566	0
155310219874793	8565	0
155310219875049	8564	0
155313376211141	8563	0
155313376211143	8562	0
155313376276677	8561	0
155313376276679	8560	0
155313382174917	8558	0
155314449821925	8556	0
155314449821927	8554	0
155314514833637	8553	0
155314514833641	8551	0
155314514841827	8549	0
155314514841833	8547	0
155314514842345	8545	0
155353001150949	8544	0
155353034545603	8543	0
155353034545635	8540	0
155353034546147	8538	0
155353034573283	8537	0
155353034574307	8535	0
155353034574309	8534	0
155357329512899	8533	0
155357329512931	8531	0
155357329513187	8530	0
155370617226729	29903	0
155370617852649	25506	0
155371147085283	8529	0
155371153966563	29900	0
155371153966569	29899	0
155371154723043	37068	0
155371154723049	37067	0
155373435640259	8527	0
155373435640291	8526	0
155375726518660	8524	0
155378934106089	30643	0
155382045368516	8523	0
155382045434052	8522	0
155382051332292	8520	0
155383118979300	8518	0
155383119724772	8516	0
155387521943529	8514	0
155387521950696	8512	0
155387521950697	8510	0
155417753143572	25504	0
155421763946978	32431	0
155421763946980	32427	0
155439332083689	30634	0
155446486640581	30723	0
155446486706117	22050	0
155446492604357	31195	0
155447560251365	30627	0
155447653582825	30622	0
155447654633959	24581	0
155447654633960	24580	0
155447654633961	24579	0
155450764841159	36528	0
155450764906695	19666	0
155451838451943	19660	0
155451949600999	24573	0
155451949601000	24571	0
155451949601001	24568	0
155455066859461	38001	14
155455066863557	8508	0
155455076566981	8507	0
155455076632517	8506	0
155455082530757	8504	0
155456140593125	8502	0
155456150177765	8500	0
155456241420265	8498	0
155460536390375	8497	0
155460536390376	8496	0
155460536390377	8495	0
155490777753541	35157	0
155490777757637	8493	0
155491784386501	38001	14
155491784390597	8491	0
155507957610469	8490	0
155507957614565	29896	0
155507958663141	29891	0
155508051560425	30617	0
155508585842665	21268	0
155508964243429	8489	0
155508964247525	29888	0
155508965296101	29883	0
155509125285861	32417	0
155509125285865	32416	0
155510901385157	32409	0
155510901385189	32407	0
155722402519523	19658	0
155722419296738	19655	0
155722436061669	22038	0
155722447309284	34642	0
155722464381415	22035	0
155726714261737	19650	0
155731025988069	8488	0
155731035146558	8486	0
155731035146724	8484	0
155731052218855	16010	0
155735253866977	8483	0
155735270644192	8482	0
155739548820969	32404	0
155739581625833	8481	0
155739581629929	8480	0
155739582367209	32400	0
155739642145255	32397	0
155739644234215	32394	0
155743843169513	8479	0
155743843173609	8478	0
155743843174734	8477	0
155743843793377	25498	0
155743860570592	25495	0
155743876598094	8475	0
155743876598243	8473	0
155743877335523	32387	0
155743894112738	32384	0
155748135610345	32379	0
155748198524905	32373	0
155782817274337	35741	0
155782817274338	35740	0
155782833424869	8472	0
155782845286884	34637	0
155782862359015	22029	0
155783380060643	19643	0
155783380060644	8471	0
155783396641255	8470	0
155783840057829	8469	0
155784104626657	25488	0
155784109107684	32367	0
155784125336032	8468	0
155784141916643	8467	0
155784141916644	22024	0
155784142653923	32364	0
155784142653924	38575	0
156151093851601	8466	0
156151096800721	8465	0
156155409012440	25473	0
156157147207665	8463	0
156157147215825	8461	0
156159417599985	34990	0
156159417731009	22022	0
156159417731025	34985	0
156159434364916	25470	0
156159434495940	25468	0
156159434495956	25466	0
156159451142131	25464	0
156159451273155	25462	0
156159451273171	25460	0
156159686166481	35081	0
156159687215057	22013	0
156159702931412	25457	0
156159703979988	25454	0
156159719708627	25451	0
156159720757203	25448	0
156174984923457	34147	0
156174989654337	30366	0
156183704836057	25445	0
156183708299737	8460	0
156219614233591	8459	0
156219614364615	8458	0
156219614364631	8457	0
156219882800087	8455	0
156219883848663	8454	0
156219883848664	8452	0
156223856773618	8450	0
156223856904642	8448	0
156223856904658	8446	0
156223858870002	8445	0
156223858870258	8444	0
156223859001026	8443	0
156223859001042	8442	0
156223859001282	8441	0
156223859001298	8440	0
156224125071570	8438	0
156224125340114	8436	0
156224125340370	8434	0
156224127436498	8433	0
156224127436754	8431	0
156224128485074	8430	0
156224128485080	8429	0
156224128485330	8427	0
156228153837554	8425	0
156228153837556	8424	0
156228153968578	8422	0
156228153968580	8421	0
156228153968594	8419	0
156228153968596	8418	0
156228170614770	22006	0
156228170614771	8417	0
156228170622960	22003	0
156228170745794	22000	0
156228170745795	8416	0
156228170745810	21997	0
156228170745811	8415	0
156228170753984	21994	0
156228170754000	21991	0
156228422404050	8412	0
156228422404052	8410	0
156228423452626	8407	0
156228423452628	8405	0
156228439181266	21987	0
156228439181267	8403	0
156228439189456	21983	0
156228440229842	21979	0
156228440229843	8401	0
156228440238032	21975	0
156243239831879	16005	0
156247531654215	16002	0
156251826621255	15999	0
156251889534930	8400	0
156251889534937	8399	0
156251891631570	15997	0
156251891631577	15996	0
156252427776217	8398	0
156252428501977	21973	0
156292525930993	8396	0
156292526062017	8394	0
156292526062033	8392	0
156292528027377	8391	0
156292528027633	8390	0
156292528158401	8389	0
156292528158417	8388	0
156292528158657	8387	0
156292528158673	8386	0
156292794217425	8384	0
156292794217681	8382	0
156292794497489	8380	0
156292794497745	8378	0
156292796593873	8377	0
156292796594129	8375	0
156292797642449	8374	0
156292797642456	8373	0
156292797642705	8371	0
156293937477585	8369	0
156293937477587	8368	0
156296822994929	8367	0
156296822999025	8366	0
156296823125953	8365	0
156296823125969	8364	0
156296823130049	8363	0
156296823130065	8362	0
156296889300931	8361	0
156296889300947	8360	0
156296890091507	8359	0
156296890095603	37060	0
156296890222531	8358	0
156296890222547	8357	0
156296890226627	37058	0
156296890226643	37056	0
156297091561425	8355	0
156297091565521	8353	0
156297092610001	8351	0
156297092614097	8349	0
156297157736403	8347	0
156297158658003	8345	0
156297158662099	37053	0
156297158784979	8343	0
156297159706579	8341	0
156297159710675	37050	0
156311136713201	19638	0
156312126617937	8339	0
156312390322497	8338	0
156312395051921	8336	0
156312395053377	8334	0
156319803717585	19634	0
156319803717593	19633	0
156320980247505	8333	0
156320982889425	8330	0
156321147057113	8329	0
156321147978713	8328	0
156339873333751	15994	0
156339873464775	15992	0
156339873464791	15990	0
156340125692372	8326	0
156340125692628	8324	0
156340141900247	15987	0
156340142948823	15985	0
156340142948824	15984	0
156365542467572	32361	0
156365542475761	8323	0
156365542475762	32359	0
156365542598596	32355	0
156365542598612	32353	0
156365542606785	8322	0
156365542606786	32351	0
156365542606801	8321	0
156365542606802	32349	0
156365559252976	8320	0
156365559252978	37048	0
156365559384000	8319	0
156365559384002	37046	0
156365559384016	8318	0
156365559384018	37044	0
156365811034068	32345	0
156365811042257	8316	0
156365811042258	32342	0
156365812082136	32340	0
156365812082644	32337	0
156365812090833	8314	0
156365812090834	32334	0
156365827819472	8312	0
156365827819474	37041	0
156365828868048	8310	0
156365828868050	37038	0
156379856237204	8308	0
156379856238868	8306	0
156379873495319	15980	0
156380124674308	8304	0
156380141930759	15976	0
156381109627380	32331	0
156381109627892	32326	0
156381109758404	32324	0
156381109758420	32321	0
156381114477044	32311	0
156384165317655	15973	0
156384433753095	15970	0
156385404725700	32308	0
156385404725716	32306	0
156385404725972	32304	0
156385406822340	32301	0
156385406822356	32298	0
156388444074708	8301	0
156388460284695	15967	0
156388525298393	8300	0
156388728720135	15964	0
156389699693012	32292	0
156389699693268	32290	0
156389701789652	32286	0
156389702838228	32281	0
156389859652308	32272	0
156389860124628	32268	0
156389860124633	32267	0
156389866533588	8299	0
156389866533593	8298	0
156408523610611	8297	0
156408523741635	8296	0
156408523741651	8295	0
156408791889363	8294	0
156408792177107	8293	0
156408792177363	8292	0
156408794838483	8291	0
156412887773429	8290	0
156412887773431	8289	0
156412887904453	8288	0
156412887904455	8287	0
156412887904469	8286	0
156412887904471	8285	0
156413156339925	8283	0
156413156339927	8281	0
156413157388501	8279	0
156413157388503	8278	0
156413157388504	8277	0
156448592967957	25441	0
156448592967959	25438	0
156452884790293	25435	0
156452884790295	25433	0
156457179757333	25429	0
156457179757335	25427	0
156457243964889	8276	0
156457244775129	25425	0
156457773823443	8275	0
156457780704723	8274	0
156457780704729	8273	0
156457781645523	37033	0
156457781645529	37032	0
156481556930804	8272	0
156481557061828	8271	0
156481557061844	8270	0
156481825497300	8268	0
156481826058452	8266	0
156481826545876	8264	0
156481826545880	8262	0
156486071182296	8260	0
156517261637908	25420	0
156517262125332	25416	0
156521553947668	25413	0
156525848914708	25411	0
156525959006169	21965	0
156544229038069	8258	0
156544229046229	8256	0
156545998202869	29748	0
156545998333893	21960	0
156545998333909	29744	0
156546266769365	30610	0
156546267817941	21954	0
156550276403447	19628	0
156550276534471	19625	0
156550276534487	19621	0
156550544969943	19615	0
156550546018519	19610	0
156550546018520	19607	0
156554578491333	8254	0
156554578491349	8252	0
156554588129269	8251	0
156554588260293	8250	0
156554588260309	8249	0
156554846926773	8247	0
156554846926805	8245	0
156554846992341	8243	0
156554856695765	8241	0
156554857744341	8239	0
156585981597975	25407	0
156590273420311	25404	0
156590289377269	8237	0
156590289385413	8235	0
156590289385429	8233	0
156591296010229	8231	0
156591296018373	8229	0
156591296018389	8227	0
156594568387351	25401	0
156594584352725	8224	0
156594585401301	8221	0
156594678482905	21952	0
156595212580825	8220	0
156595590985685	8217	0
156595592034261	8214	0
156595752208341	32254	0
156595752208345	32253	0
156821109037523	19602	0
156821125814555	19600	0
156821125814738	19598	0
156821142579669	21945	0
156821153642964	34632	0
156821170899415	21942	0
156825420779737	19593	0
156825420781835	19589	0
156827786392537	18072	0
156829665417531	8212	0
156829732506069	8211	0
156829741480251	8208	0
156829741480253	8206	0
156829741480404	8204	0
156829758736855	15952	0
156833960384811	8203	0
156833960384977	8202	0
156833977162192	8201	0
156838255338969	32250	0
156838287963609	8200	0
156838288885209	32246	0
156838348663255	32243	0
156838350752215	32240	0
156842549507289	8199	0
156842549508427	8198	0
156842549508429	8197	0
156842550307147	32237	0
156842550311377	25396	0
156842567088592	25393	0
156842582931787	8194	0
156842582931789	8192	0
156842582931923	8190	0
156842583853387	32228	0
156842583853523	32225	0
156842600630738	32222	0
156846842128345	32217	0
156846905042905	32211	0
157258929293249	34894	0
157258946058180	25383	0
157258962835395	25381	0
157274501278017	34591	0
157319125926855	8189	0
157323368466882	8187	0
157323370563266	8186	0
157323370563522	8185	0
157323905141218	8183	0
157325669041995	8182	0
157327665530818	8180	0
157327665530820	8179	0
157327682308034	37967	0
157327682308035	8178	0
157327682316224	37890	0
157343383693632	37564	0
157347043216455	15948	0
157355712514018	8177	0
157392037624257	8175	0
157392039720641	8174	0
157392039720897	8173	0
157392574298593	8171	0
157396334688193	8170	0
157396334692289	8169	0
157396400924611	8168	0
157396401784771	8167	0
157396401788867	37026	0
157411638241617	30149	0
157411906675601	38530	0
157411906677057	38524	0
157423532194273	19585	0
157423626696673	29502	0
157439385027015	30834	0
157439906752996	8166	0
157462302705435	8165	0
157462571140875	8164	0
157465054160836	32207	0
157465054169025	8163	0
157465054169026	32205	0
157465070946240	8162	0
157465070946242	37023	0
157479367860884	35557	0
157479367862548	35553	0
157479636297988	38204	6
157480621320644	38297	0
157480814848484	38286	0
157480814895764	38204	7
157480822647044	38204	7
157482844891588	36743	0
157482844891599	36742	0
157482844891620	36739	0
157482844892132	36729	0
157483676879895	28902	0
157483945315335	36173	0
157484916287940	32203	0
157484918384580	32200	0
157493509958116	32194	0
157493683103716	35951	0
157508035303875	8161	0
157508571978211	8160	0
157512399466693	8159	0
157512399466695	8158	0
157548199950613	25377	0
157548468394243	8156	0
157548729066899	8155	0
157548735912419	28445	0
157548736829699	37019	0
157551487506895	8154	0
157551520930243	8152	0
157551520930255	8151	0
157551520930275	8149	0
157551520930787	8147	0
157552396352533	25372	0
157552396352535	25370	0
157581068624068	8146	0
157616773261588	25365	0
157621065509908	25362	0
157645509896133	30889	0
157649788096711	36584	0
157654090115013	30807	0
157654099822533	8145	0
157685903153415	38204	5
157686168443191	28953	0
157689784982551	28948	0
157689801009093	8143	0
157690807642053	8141	0
157698390931429	8140	0
157699397564389	8139	0
157699575187429	37340	8
157918635223387	33898	0
157918908639515	35478	0
157918909311307	34029	0
157920637376795	33985	0
157923199674635	38204	6
157924932344075	38204	6
157927491496251	38603	0
157927491496267	38597	0
157927499237691	8138	0
157927499237707	8137	0
157929176979771	8135	0
157930452048155	8134	0
157930452048171	8133	0
157933471947051	8132	0
157934741350747	33886	0
157939041233227	30299	0
157939041974555	25358	0
157939577973051	28424	0
157939577973067	38360	0
157942061869387	32189	0
157942095415627	32179	0
158055712862535	26824	0
158072355861255	8131	0
158080627029780	25354	0
158080912242435	8130	0
158081382004545	8129	0
158569213327572	8128	0
158569214187732	8127	0
158569214191824	8126	0
158569214191828	8125	0
158569487538372	8124	0
158569487542464	8123	0
158569487542468	8122	0
158570018621668	8121	0
158584915569232	8120	0
158635371681821	12701	0
158635383543836	8119	0
158652448700949	38204	15
158652450789909	38272	0
158653635050005	38204	0
158655938312725	25350	0
158656757718296	13491	0
158721280797204	8118	0
158721280797232	8117	0
158721548315380	36438	0
158721549232660	8116	0
158721581869780	22947	0
158724333333204	8115	0
158724333333236	8114	0
158724333333748	8113	0
158724601768660	8112	0
158724601768676	8111	0
158724607448740	25348	0
158725876837076	8110	0
158728896735956	8109	0
158728896735972	8108	0
158728896736228	8107	0
158740976331476	8106	0
158740976331492	8105	0
158740976332468	8104	0
158826912225494	8103	0
158827185576134	8102	0
158831374066648	22941	0
158858715556376	38204	14
158867612855368	26817	0
158868142954694	25343	0
158872387590390	37340	15
158876682557670	25341	0
159096012077596	38204	15
159097744747036	38204	15
159097785174556	15945	0
159100311640652	8101	0
159100311640668	8100	0
159102080129612	8099	0
159106375096892	8098	0
159110619732588	25337	0
159111148848874	23483	0
159112390376012	22937	0
159112390376028	23952	0
159114907818588	25335	0
159147387637594	19576	0
159151045044812	26812	0
159151577111148	25332	0
159185010087956	20564	0
159185010087984	19572	0
159185701099600	8097	0
159235722102814	8096	0
159245168264216	8095	0
159249864968014	8094	0
159249864968270	8093	0
159249864968286	8092	0
159252884867166	8091	0
159253724645396	8090	0
159253724645424	19566	0
159253891696158	8089	0
159253891696670	8088	0
159254159935566	8087	0
159254159935582	8086	0
159254428370494	8085	0
159254428371006	8084	0
159254428371038	8083	0
159254428436574	8082	0
159257179834462	19564	0
159257213388862	21926	0
159257213519902	8081	0
159302153861149	8080	0
159303636285469	8079	0
159313968165917	8078	0
159318259988253	8077	0
159318259988509	8076	0
159320796953181	8075	0
159320799049821	8074	0
159322554955293	8073	0
159322554955805	8072	0
159322556004381	38041	0
159322824439837	8071	0
159322824439853	8070	0
159323089729616	8069	0
159323089729629	8068	0
159325094017117	19561	0
159325127571517	21924	0
159325127702557	8067	0
159340661168735	19558	0
159340661176925	19556	0
159391809202256	8066	0
159408743082574	26809	0
159409275148910	25330	0
159737612089557	8065	0
159737612097581	8064	0
159737612097582	8063	0
159737612097747	8062	0
159737612228621	8061	0
159737612228622	8060	0
159753145694965	8059	0
159753145743909	8058	0
159753145874949	8057	0
159753146665509	8056	0
159753146673669	8055	0
159753146677765	8054	0
159753179249365	8053	0
159753179290149	8052	0
159753179421189	8051	0
159755449926565	8050	0
159755449928229	8049	0
159755449936389	8048	0
159755449940485	8047	0
159755466201640	13486	0
159755466332680	13484	0
159757474216661	8046	0
159757476313301	8045	0
159759758023976	21241	0
159759758155016	38494	5
159771837619752	13482	0
159771837750792	13480	0
159820964493862	8044	0
159820964493864	8043	0
159820966582822	8042	0
159820966582824	8041	0
159821059877422	8040	0
159821059877423	8039	0
159821059877620	8038	0
159821059914278	8037	0
159821060835878	8036	0
159821060860420	8035	0
159821076654637	8034	0
159821076654639	8033	0
159821093431853	8032	0
159821093431854	8031	0
159821093432020	8030	0
159821093432366	8029	0
159821093460518	8028	0
159824185674278	21922	0
159824185674280	21921	0
159825257237798	8027	0
159825257237800	8026	0
159825371621935	8025	0
159825371622191	8024	0
159825388399150	8023	0
159825388399316	8022	0
159825388399406	8021	0
159828477496614	21919	0
159828477496616	21918	0
159829551283238	8020	0
159829551283240	8019	0
159829557120038	8018	0
159829616258602	8017	0
159829616258858	8016	0
159829616293418	8015	0
159829683366954	8014	0
159829685464104	8013	0
159833846239014	8012	0
159833846239016	8011	0
159833911226154	8010	0
159833911226156	8009	0
159833928003370	8008	0
159833928003371	8007	0
159838206193194	8006	0
159838206193196	8005	0
159838206219818	8004	0
159838239746604	8003	0
159840557092390	21916	0
159840557092392	21915	0
159857871181869	8002	0
159857871181870	8001	0
159892854831653	21913	0
159892854962693	8000	0
159892855327269	21911	0
159892855335429	21909	0
159897146653989	21907	0
159897146785029	7999	0
159898404944933	7998	0
159898673380389	7997	0
159898673511429	7996	0
159909226249765	21905	0
159909226380805	7995	0
159926422927398	7994	0
159926422927405	7993	0
159926422927574	7992	0
159926423783462	7991	0
159926423848998	7990	0
159926423849174	7989	0
159926427715622	7988	0
159926428764198	7987	0
159926428764205	7986	0
159926590658605	7985	0
159926590658606	7984	0
159926692284454	7983	0
159926692284460	7982	0
159926693333030	7981	0
159926697199654	7980	0
159926697199814	7979	0
159926697265190	7978	0
159927228221478	7977	0
159927228221486	7976	0
159927228221670	7975	0
159927229024294	7974	0
159927231363110	7973	0
159927231973414	7972	0
159930885628888	7971	0
159961574304296	21903	0
159961574435336	15942	0
159962812975151	7970	0
159962829752366	7969	0
159962829752530	7968	0
159963366492374	7967	0
159965866126632	21901	0
159965866257672	38513	0
159965882890454	19548	0
159965882890470	19546	0
159965883074774	7966	0
159965883074790	7965	0
159967062853674	7964	0
159967124417576	15940	0
159967124417608	15938	0
159967124720680	7963	0
159967654578374	7962	0
159971899214070	7961	0
159975681099820	7960	0
159976194181350	7959	0
159977945722408	21899	0
159977945853448	15935	0
159977962485974	19544	0
159977962485990	19542	0
159977962670294	7958	0
159977962670310	7957	0
160199822342693	14543	0
160199822342700	14542	0
160199822342732	14540	0
160199822342748	7956	0
160199823264293	7955	0
160199823264300	7954	0
160199823264332	7953	0
160199823264348	7952	0
160199855888933	14535	0
160199856687653	7951	0
160201568094758	7950	0
160201568094764	13478	0
160201574480428	13476	0
160201574910508	7949	0
160201574976044	13474	0
160201591753253	7948	0
160201591753260	7947	0
160201591753292	7946	0
160201608026664	13472	0
160201608026668	13471	0
160202104834598	7945	0
160205886720556	7944	0
160205886720572	7943	0
160205886728716	7942	0
160211901936938	23940	0
160211901936940	23939	0
160211901938220	23936	0
160211901938252	7941	0
160211901938268	23934	0
160211902858538	7940	0
160211902858540	7939	0
160211902859820	7938	0
160211902859852	7937	0
160211902859858	7936	0
160211902859868	7935	0
160211918701866	23596	0
160211918701871	22665	0
160211935479082	17624	0
160211935479086	17623	0
160211935483178	23928	0
160211936281898	7934	0
160211936283218	7933	0
160214436219436	21897	0
160214436227596	21895	0
160216193759274	7932	0
160216193759276	7931	0
160216193759788	7930	0
160216194680874	7929	0
160216194680876	7928	0
160216194681388	7927	0
160216210524202	7926	0
160216210524207	7925	0
160216227301418	7924	0
160216227301422	7923	0
160216227305514	7922	0
160216228104234	7921	0
160250553465388	13468	0
160250553961004	13466	0
160250556607020	15933	0
160250556607052	15931	0
160250556910124	7920	0
160251088734828	7919	0
160251358226956	21893	0
160251361901148	19540	0
160251362085468	7918	0
160251362150956	7917	0
160268575365669	14529	0
160280638174509	23590	0
160280638174511	7916	0
160280654951725	16973	0
160280654951726	7915	0
160280654959914	16970	0
160280654959915	16969	0
160284929996845	7914	0
160284929996847	7913	0
160284930607149	7912	0
160284930607151	7911	0
160284946774061	7910	0
160284946774062	7909	0
160284946782250	7908	0
160284946782251	7907	0
160284947384365	7906	0
160284947384366	7905	0
160337296934014	7904	0
160337296934949	7903	0
160337296934958	7902	0
160337296934990	7901	0
160337296935006	7900	0
160339545062446	13464	0
160339545081894	7899	0
160339545081902	13462	0
160339545492526	7898	0
160339578608680	13460	0
160339578608686	13459	0
160348168700936	7897	0
160348168700942	7896	0
160349307331882	37192	0
160349307331884	37190	0
160349307335978	7895	0
160349307335980	7894	0
160349308257578	7893	0
160349308257580	7892	0
160349374428462	7891	0
160349374432554	7890	0
160349374432558	7889	0
160349375104302	7888	0
160349376529704	7887	0
160349376529710	7886	0
160349376530222	7885	0
160349376530254	7884	0
160349376530478	7883	0
160349376530510	7882	0
160349376530526	7881	0
160352413206318	21891	0
160352413206574	21889	0
160352413337358	7880	0
160352413337614	7879	0
160353599154218	7878	0
160353599154220	7877	0
160353599158314	7876	0
160353599158316	7875	0
160353600079914	7874	0
160353600079916	7873	0
160353666250798	7872	0
160353666254890	7871	0
160353666254894	7870	0
160353666861102	7869	0
160353666862126	7868	0
160353666862210	7867	0
160353666862222	7866	0
160353666926638	7865	0
160353671497006	7864	0
160353671497262	7863	0
160353671497765	7862	0
160353671497774	7861	0
160353671497806	7860	0
160353671497822	7859	0
160353939932718	7858	0
160353939932734	7857	0
160353939933221	7856	0
160353939933230	7855	0
160353939933246	7854	0
160353939933278	7853	0
160353940063758	7852	0
160353940064261	7851	0
160353940064270	7850	0
160353940064350	7849	0
160356708173861	21887	0
160356708173870	21886	0
160356708304901	7848	0
160356708304910	7847	0
160356724951086	21884	0
160356724951102	21882	0
160356725082126	19536	0
160356725147662	7846	0
160407457167910	7845	0
160407457167917	13457	0
160407459233581	13455	0
160407459264550	7844	0
160407459264557	13453	0
160407459663661	7843	0
160407492779816	13451	0
160407492779821	13450	0
160416082883592	7842	0
160416082883597	7841	0
160418026804522	37214	10
160418026804527	37215	0
160418026812714	18062	0
160418026812716	7840	0
160418026812717	18061	0
160418043589930	7839	0
160418043589931	7838	0
160418043589933	7837	0
160420325292589	21880	0
160420325423629	7836	0
160420327388973	21878	0
160420327389229	21876	0
160420327520013	7835	0
160420327520269	7834	0
160422318626858	7833	0
160422318626863	7832	0
160422318635050	7831	0
160422318635052	7830	0
160422318635053	7829	0
160422335412266	7828	0
160422335412267	7827	0
160422335412269	7826	0
160422336006189	7825	0
160422336006191	7824	0
160422336007981	7823	0
160422336008066	7822	0
160422336008077	7821	0
160422336067597	7820	0
160422336067629	7819	0
160424622356517	21874	0
160424622356525	21873	0
160424622487557	7818	0
160424622487565	7817	0
160424639133741	21871	0
160424639133757	21869	0
160424639264781	19532	0
160424639330317	7816	0
160476212256296	13447	0
160486746281258	23070	0
160486746285354	18058	0
160486746285356	17620	0
160486747079978	7815	0
160486763062570	17617	0
160486763062571	17616	0
160486779827502	23064	0
160486780503342	7814	0
160491038103594	7813	0
160491038107690	7812	0
160491038107692	7811	0
160491038902314	7810	0
160491054884906	7809	0
160491054884907	7808	0
160491055482925	7807	0
160491055482926	7806	0
160491071649838	7805	0
160491072260142	7804	0
160491072325678	7803	0
160508251503150	13445	0
160508251998766	13443	0
160508254644782	15929	0
160508254644814	15927	0
160508254947886	7802	0
160508786772590	7801	0
160509056264718	21867	0
160509059938910	19529	0
160509060123230	7800	0
160509060188718	7799	0
160512451349800	7798	0
160512451350056	7797	0
160875776535069	20027	0
160875776535070	7796	0
160876515374618	7795	0
160919671011862	7794	0
160919671011864	7793	0
160919673100822	7792	0
160919673100824	7791	0
160919766395422	7790	0
160919766395423	7789	0
160919766432278	7788	0
160919767169558	7787	0
160919767173654	7786	0
160919767181844	7785	0
160919783172637	7784	0
160919783172639	7783	0
160919799949853	7782	0
160919799949854	7781	0
160919799950366	7780	0
160919799978518	7779	0
160923963571478	7778	0
160923963571480	7777	0
160923963575574	7776	0
160923963575576	7775	0
160924078139935	7774	0
160924078140191	7773	0
160924094917150	7772	0
160924094917406	7771	0
160928257801238	7770	0
160928257801240	7769	0
160928263453718	7768	0
160928263457814	7767	0
160928322776602	7766	0
160928322776858	7765	0
160928322811418	7764	0
160928389884954	7763	0
160928391982104	7762	0
160932552757014	7761	0
160932552757016	7760	0
160932617744154	7759	0
160932617744156	7758	0
160932634521370	7757	0
160932634521371	7756	0
160936912711194	7755	0
160936912711196	7754	0
160936912737818	7753	0
160936946264604	7752	0
161011276699670	18055	0
161011276699674	18054	0
161011305019414	18051	0
161011305019420	16961	0
161011321784342	38001	3
161011321784351	38018	0
161011338561558	17613	0
161011338561566	17612	0
161011338565654	18048	0
161011339614230	18045	0
161013049849878	16952	0
161013049849885	16951	0
161013049850070	16949	0
161013050521622	35913	0
161013050587158	19527	0
161013050587350	19525	0
161013054453782	38001	3
161013055502358	19523	0
161013055502365	19522	0
161013319022614	19520	0
161013319022620	19519	0
161013320071190	19517	0
161013323937814	19515	0
161013323937990	19513	0
161013324003350	19511	0
161013855143958	17609	0
161013855143966	17608	0
161013855144166	17606	0
161013855762454	19509	0
161013858285590	18042	0
161013858711574	19507	0
161057076410390	37791	0
161057076410902	37787	0
161057076410904	37785	0
161057078499350	37778	0
161057078499862	37775	0
161057078499864	37774	0
161057201941016	15925	0
161061368227862	34278	0
161061368231958	7751	0
161061368232150	7750	0
161061368969238	34205	0
161061368969425	34203	0
161061368969430	34202	0
161061368970518	34199	0
161061368970520	34198	0
161062878120150	7749	0
161065394518230	36369	0
161065394518246	19505	0
161065394702550	7748	0
161065394702566	7747	0
161065663199254	7746	0
161065663200278	7745	0
161065663200280	7744	0
161065664247830	7743	0
161065668425750	7742	0
161065668851734	33643	0
161065668851905	33637	0
161065668851910	33633	0
161065668852758	33625	0
161065830935576	15922	0
161069958154262	7741	0
161069958154486	7740	0
161069958156054	7739	0
161069958156056	7738	0
161074253121558	7737	0
161074253121766	7736	0
161074253125654	33757	0
161074254174230	33748	0
161074256263190	33741	0
161074256689174	33730	0
161077464283350	37486	0
161077464283366	37484	0
161077474113750	19503	0
161077474113766	19501	0
161077474298070	7735	0
161077474298086	7734	0
161286179781148	16942	0
161286180829718	16939	0
161286180829724	16938	0
161286214375958	16933	0
161286445398556	9903	0
161286449265180	16930	0
161286449265244	16928	0
161286449330716	14524	0
161286450002453	19499	0
161286450002460	19498	0
161286450002524	19496	0
161286483425813	19494	0
161288194832918	19491	0
161288194832924	19490	0
161288201402908	13440	0
161288201648668	19488	0
161288201714204	19486	0
161288218491413	19484	0
161288218491420	19483	0
161288218495516	15918	0
161288731572758	19481	0
161302019271196	7733	0
161302019271228	7732	0
161305398348348	7731	0
161305398352444	38184	13
161306313177628	7730	0
161306314225178	7729	0
161306314225180	7728	0
161306314226204	7727	0
161306347648538	7726	0
161310608454938	29342	0
161310608454940	29338	0
161310608456220	29331	0
161310608456284	29326	0
161310609193500	7725	0
161310609193553	7724	0
161310609193564	7723	0
161310609197596	7722	0
161310625219866	28643	0
161310625219871	26997	0
161310641997082	17603	0
161310641997086	17602	0
161310642001178	29319	0
161310642616913	7721	0
161314775484442	38001	2
161314776533018	17599	0
161314776537114	16918	0
161314901014554	29476	0
161314901014556	29474	0
161314901015068	29469	0
161314934437914	29461	0
161318787336426	17596	0
161344833965846	7720	0
161344833965850	13436	0
161349128935958	7719	0
161349260294684	19479	0
161349263125020	15916	0
161350865664604	19477	0
161350873528924	19475	0
161350873713244	7718	0
161354933852694	16911	0
161379344692509	28636	0
161379344692511	7717	0
161379361469725	16905	0
161379361469726	7716	0
161379361477914	16902	0
161379361477915	16901	0
161383496005661	16895	0
161383496013850	16892	0
161383496013851	16891	0
161383496431645	19473	0
161383496433025	19470	0
161383496472596	16881	0
161383636940829	28728	0
161383636940831	28723	0
161383653718045	19466	0
161383653718046	19465	0
161384722258002	7715	0
161417848405526	7714	0
161417848412694	7713	0
161423387183134	7712	0
161423387183166	7711	0
161423655421726	7710	0
161423655421974	7709	0
161423655421982	7708	0
161423923857438	7707	0
161423923857502	7706	0
161423923922974	7705	0
161426171984926	13430	0
161426172004374	7704	0
161426172004382	13428	0
161426172230686	19459	0
161439493375262	7703	0
161443654614040	7702	0
161443654648856	7701	0
161443719624218	7700	0
161443719624220	7699	0
161443785358366	7698	0
161443786470942	7697	0
161448013849882	29299	0
161448013849884	29297	0
161448013853978	7696	0
161448013853980	7695	0
161448080946462	7694	0
161448080950554	7693	0
161448080950558	7692	0
161448083047704	7691	0
161448083047710	7690	0
161448083048222	7689	0
161448083048478	7688	0
161448083048542	7687	0
161452210243614	34267	0
161452210243615	7686	0
161452210251804	34260	0
161452210255900	7685	0
161452210993180	19457	0
161452211030036	7684	0
161452306413594	19452	0
161452306413596	19451	0
161452373194782	19449	0
161452373195806	19447	0
161452373195905	19445	0
161452373195918	19444	0
161452373260318	19442	0
161452378015006	7683	0
161452378015262	7682	0
161452378015774	7681	0
161452378015838	7680	0
161452378080798	7679	0
161452378081310	7678	0
161453451560510	7677	0
161453451561022	7676	0
161453451561054	7675	0
161453451626046	7674	0
161453451626558	7673	0
161453451626590	7672	0
161456226712718	19440	0
161456236578878	19438	0
161456236644414	38324	0
161456236775438	37015	0
161456236775454	37012	0
161492052408349	7671	0
161492052408381	7670	0
161492587182109	7669	0
161494084090390	7668	0
161494084090397	13426	0
161494086156061	13424	0
161494086187030	7667	0
161494086187037	13422	0
161494086401821	19436	0
161508158535709	7666	0
161508158535741	7665	0
161508159583517	7664	0
161511272675901	7663	0
161512454504221	7662	0
161512454550557	7661	0
161516733322522	27011	0
161516733322527	27008	0
161516733330714	18035	0
161516733330716	7660	0
161516733330717	18034	0
161516746372893	7659	0
161516746373149	7658	0
161516750107930	7657	0
161516750107931	7656	0
161516750107933	7655	0
161520929720351	7654	0
161520929724447	18031	0
161520929732636	7653	0
161520929732637	18028	0
161520930773023	18023	0
161520930781213	18020	0
161521041339933	7652	0
161521041340445	7651	0
161521042339869	38001	3
161521042339871	38014	0
161521042341661	38010	0
161521042341761	38001	3
161521042341773	38002	0
161521042389021	38025	0
161522110887485	7650	0
161522110887997	7649	0
161522110888018	7648	0
161522110888029	7647	0
161524140883853	19434	0
161524140931133	19432	0
161524150761533	19430	0
161524150827069	38310	0
161524150958093	38047	0
161524150958109	38001	4
161538107496982	7646	0
161538107496991	13420	0
161538107505174	7645	0
161538107505181	13418	0
161538107505686	7644	0
161581158446618	7643	0
161581191869982	7642	0
161585452799258	27676	0
161585452803354	18017	0
161585452803356	17593	0
161585469580570	17590	0
161585469580571	17589	0
161585486345502	27669	0
161589649197086	34308	0
161589649205276	34303	0
161589651302426	34296	0
161589745235994	27846	0
161589761816605	28767	0
161589761816606	28765	0
161589778593822	27871	0
161589778659358	27836	0
161590830360658	7641	0
161606826973718	7640	0
161606826977814	7639	0
161606958332446	19422	0
161606961162782	15914	0
161608563702366	19420	0
161608571566686	19418	0
161608571751006	7638	0
161611121945110	7637	0
161611121945366	7636	0
161611124041750	7635	0
161661752842451	12696	0
161662507817187	7634	0
162110805518413	7633	0
162110817380428	7632	0
162157846264392	27457	0
162157848353352	27452	0
162158051535432	32160	0
162160530582088	35259	0
162162138085590	7631	0
162162138884308	32156	0
162162138884310	32151	0
162162138885448	32146	0
162164822404424	35255	0
162165342497864	35250	0
162166433053768	7630	0
162166438766788	32140	0
162166438766790	32136	0
162166674696388	32131	0
162166674696390	32128	0
162170728007926	7629	0
162170728009544	7628	0
162170919332084	32123	0
162170919332086	32117	0
162175022975206	7627	0
162175214299213	32113	0
162175214299364	32111	0
162175214299366	32110	0
162176902000200	35247	0
162385692142156	7626	0
162385693190732	7625	0
162385960958492	14496	0
162385960958508	14494	0
162385961626188	7624	0
162385961626204	7623	0
162387730115148	15908	0
162387730123292	15906	0
162387730123308	15904	0
162390255925772	37704	0
162390255925804	37690	0
162392025090572	15902	0
162392025090604	15900	0
162405731719752	27449	0
162405824002636	27443	0
162405825051212	27436	0
162409096358476	32100	0
162409097407052	32094	0
162409103915596	7622	0
162409104288332	32092	0
162409104288364	32090	0
162409206458952	32088	0
162409206458956	32081	0
162409633466090	28417	0
162409743198792	32077	0
162410120018508	27423	0
162410120018524	27418	0
162410120825372	7621	0
162410120825388	7620	0
162410389260812	7619	0
162410389260844	7618	0
162413392374348	32072	0
162413392374364	32066	0
162413392382508	32059	0
162413928433130	28411	0
162418220255466	28405	0
162445602770761	7617	0
162445602770762	7616	0
162445603819338	7615	0
162445872254794	7614	0
162445872254810	7613	0
162445872385834	32054	0
162448774687308	35244	0
162450108787276	32052	0
162450108852812	32050	0
162450108852844	32048	0
162450377288268	32045	0
162450377288284	32043	0
162450385406508	32041	0
162474451196488	27407	0
162483433822211	7612	0
162518617210441	7611	0
162523164322894	7610	0
162523167272014	7609	0
162523167310158	7608	0
162523435549054	7607	0
162523435550750	7606	0
162523435550766	7605	0
162527462277198	7604	0
162527730516094	7603	0
162527730518030	7602	0
162527730518062	7601	0
162543165427528	26935	0
162543165439048	7600	0
162543299624014	7599	0
162543299643214	7598	0
162543299643470	7597	0
162547071855694	32030	0
162547074497614	7596	0
162547074516814	7595	0
162547074517070	7594	0
162547181956174	32025	0
162547191955528	37010	0
162547191955534	37006	0
162547594610510	7593	0
162547594610766	7592	0
162547594610782	7591	0
162551369484110	7590	0
162551369484366	7589	0
162551369484382	7588	0
162551889578062	7587	0
162551889578078	7586	0
162551889708574	7585	0
162551889708590	7584	0
162551889709086	7583	0
162551889709102	7582	0
162552158144014	7581	0
162552158144046	7580	0
162552158144526	7579	0
162552158144558	7578	0
162555659693198	32022	0
162555664451662	7577	0
162555664451678	7576	0
162555664582190	32019	0
162555664582702	32016	0
162591833468749	7575	0
162591833518413	7574	0
162596128485453	7573	0
162611884904264	7572	0
162611884915784	29181	0
162614985554509	7571	0
162614986026829	32010	0
162614986603085	7570	0
162614988668749	7569	0
162614988699469	7568	0
162614988699725	7567	0
162615096127309	32001	0
162615106138184	37004	0
162615106138189	36997	0
162619281570381	7566	0
162619281570397	7565	0
162619283666765	7564	0
162619283667021	7563	0
162619283667037	7562	0
162620554016797	7561	0
162620554016813	7560	0
162620822452227	7559	0
162620822452237	7558	0
162620822452269	7557	0
162623573864333	36693	0
162623573915693	31995	0
162623578634317	7556	0
162623578634333	7555	0
162623578764845	31991	0
162623578765357	31987	0
162638876301903	7554	0
162638876310093	7553	0
162638876310601	7552	0
162638877350479	7551	0
162638877358669	7550	0
162639145785935	7549	0
162639145785951	7548	0
162639145794125	7547	0
162639145794141	7546	0
162639145916975	31985	0
162639145925165	31983	0
162680606485064	28402	0
162689541924867	7545	0
162706472725070	35241	0
162707806825038	31975	0
162707806890574	31973	0
162707806890606	31971	0
162708075326030	31967	0
162708075326046	31965	0
162708083444270	31963	0
162711890750281	7544	0
162758540286013	7543	0
162758552148028	7542	0
162775633885752	11881	0
162775635974712	11878	0
162776803654225	37575	0
162779123489336	25327	0
162779926322488	13404	0
162783415311672	25324	0
162784220675128	7541	0
162785359294810	7540	0
162788515630904	7539	0
162793949221210	7538	0
162795494907448	25322	0
162825691662941	26001	0
162825691662942	7537	0
162825693759581	7536	0
162825693759582	7535	0
162826430525530	7534	0
162829988726877	7533	0
162829988726878	7532	0
162845522332254	7531	0
162845522332255	7530	0
162845522393680	7529	0
162845523118674	7528	0
162845523126864	7527	0
162845523130960	7526	0
162845539109469	7525	0
162845539109471	7524	0
162845555886685	7523	0
162845555886686	7522	0
162845555887198	7521	0
162845555939920	7520	0
162847842830936	13399	0
162847842961976	7519	0
162849834076767	7518	0
162849834077023	7517	0
162849836173407	7516	0
162849850853982	7515	0
162849850854238	7514	0
162849852950622	7513	0
162852134653272	24182	0
162852134784312	7512	0
162854078713434	7511	0
162854078713690	7510	0
162854078771290	7509	0
162854086051930	7508	0
162854145821786	7507	0
162854147918936	7506	0
162858373680986	7505	0
162858373680988	7504	0
162858390458202	7503	0
162858390458203	7502	0
162862668648026	7501	0
162862668648028	7500	0
162862668697690	7499	0
162862702201436	7498	0
162862704298076	7497	0
162864214249048	13397	0
162864214380088	7496	0
163212240839128	22917	0
163220579285053	7495	0
163220584814653	7494	0
163220820744253	29809	0
163220820744254	7493	0
163220830881853	35824	0
163220830881854	7492	0
163220848334908	7491	0
163221384579134	7490	0
163221559138362	7489	0
163221575718973	7488	0
163221575718974	7487	0
163256757254712	7486	0
163256757869112	7485	0
163256757873208	7484	0
163256790800952	7483	0
163261079115839	7482	0
163261095893054	7481	0
163261095893203	7480	0
163264854191128	7479	0
163265122626568	7478	0
163265313634362	7477	0
163265328994362	7476	0
163265381030083	7475	0
163265390861368	7474	0
163265390865464	7473	0
163269625665779	7472	0
163273903560762	7471	0
163273920632893	7470	0
163273920633059	7469	0
163273947240508	7468	0
163485466557020	33082	0
163485472518490	22912	0
163485472518492	22911	0
163485472520732	22908	0
163485472520796	22905	0
163485473253980	7467	0
163485473258005	7466	0
163485473258012	7465	0
163485473258076	7464	0
163485489283418	23469	0
163485489283423	23468	0
163485506060634	23465	0
163485506060638	23464	0
163485506064730	22900	0
163485506681365	7463	0
163489768222810	7462	0
163489768222812	7461	0
163489768225285	7460	0
163489768225292	7459	0
163489768225372	7458	0
163489801646170	7457	0
163489801648645	7456	0
163494054394428	33067	0
163494054394460	33055	0
163494063180348	7455	0
163494063180380	7454	0
163495723096636	13395	0
163495724145212	13393	0
163495724149308	7453	0
163495731026492	13391	0
163495833197112	27918	0
163495833197116	27904	0
163495848249912	7452	0
163495848249916	7451	0
163496369936952	27896	0
163509631646300	27384	0
163509631711772	22892	0
163509631711836	27378	0
163509632449052	25319	0
163509632449105	25314	0
163509632449116	25311	0
163509665872465	25307	0
163509900147212	38419	0
163509900147280	38373	1
163509900147292	38374	0
163509933693520	38401	0
163510168386108	27360	0
163510168386140	27347	0
163512904002140	31951	0
163512904006225	25303	0
163512904006236	31943	0
163512920783440	38289	0
163512920783452	38204	1
163513440746065	25299	0
163513457523280	38256	0
163514455906362	7450	0
163514455906364	7449	0
163514455906876	7448	0
163514489329722	7447	0
163544419389240	7446	0
163544419389241	7445	0
163544419389242	7444	0
163545383882586	7443	0
163545383948122	31936	0
163545400725328	7442	0
163545400725338	36986	0
163548286380572	7441	0
163548554816012	7440	0
163548714359352	7439	0
163548815186492	13387	0
163548822002236	34542	0
163548823050812	34539	0
163548823054908	7438	0
163549695695440	7437	0
163549888916060	31933	0
163549888920156	31931	0
163549889968732	38204	1
163549891005020	31920	0
163549896784476	25296	0
163549896968796	31918	0
163554208756061	36656	0
163554208756063	7436	0
163554225533277	22887	0
163554225533278	7435	0
163554225541466	22884	0
163554225541467	22883	0
163578653170256	35818	0
163583191832637	7434	0
163583191832639	7433	0
163583208609853	7432	0
163583208609854	7431	0
163617433828920	7430	0
163617433828921	7429	0
163617433836088	7428	0
163618415165008	7427	0
163618415172176	7426	0
163622877913434	37250	0
163622877913436	37249	0
163622877917530	7425	0
163622877917532	7424	0
163622945010014	7423	0
163622945014106	7422	0
163622945014110	7421	0
163622947111256	7420	0
163622947111262	7419	0
163622947111294	7418	0
163622947112990	7417	0
163622947113054	7416	0
163625228812632	26383	0
163625228812638	26381	0
163627173621850	7415	0
163627173621852	7414	0
163627240468574	7413	0
163629523910712	7412	0
163629523910718	7411	0
163633698593854	13381	0
163633701439294	7410	0
163633701439550	7409	0
163633701505086	7408	0
163633808694334	13379	0
163633818831928	7407	0
163633818831934	7406	0
163633818878008	7405	0
163633818878014	7404	0
163647106238558	7403	0
163647106303774	7402	0
163647106304030	7401	0
163647106304094	7400	0
163647374739214	7399	0
163647374739470	7398	0
163647374739536	7397	0
163647374739550	7396	0
163647642978110	7395	0
163647642978366	7394	0
163647642978398	7393	0
163650881112158	7392	0
163650881177694	31913	0
163650897954896	7391	0
163650897954910	36979	0
163651393313934	7390	0
163651401205854	7389	0
163651401270814	7388	0
163651401271326	7387	0
163651401271390	7386	0
163651669706254	7385	0
163651669706766	7384	0
163651669706832	7383	0
163651669706846	7382	0
163651861305402	7381	0
163651861305404	7380	0
163651928086590	7379	0
163651928087614	7378	0
163651928087683	7377	0
163651928087694	7376	0
163651928152126	7375	0
163651937916988	7374	0
163651937916990	7373	0
163651937918014	7372	0
163651937945150	7371	0
163651937945662	7370	0
163651937945694	7369	0
163655176079454	7368	0
163655176144990	31910	0
163655192922192	7367	0
163655192922206	36976	0
163691597386074	37279	0
163691597386079	37276	0
163691597394266	23849	0
163691597394268	7366	0
163691597394269	23846	0
163691608340573	7365	0
163691614171482	7364	0
163691614171483	7363	0
163691614171485	7362	0
163693142995288	26378	0
163693142995293	26375	0
163697438093368	7361	0
163697438093373	7360	0
163700196177981	7359	0
163700196178013	7358	0
163701611755581	7357	0
163701612764989	13377	0
163701613525565	7356	0
163701615621949	7355	0
163701615622205	7354	0
163701615687741	7353	0
163701722577464	7352	0
163701722577469	7351	0
163701722865469	30250	0
163701733003064	7350	0
163701733003069	7349	0
163701733060664	7348	0
163701733060669	7347	0
163715767531613	7346	0
163716302305085	7345	0
163716302305341	7344	0
163716302305373	7343	0
163718793198173	7342	0
163718793263709	31904	0
163718795294813	7341	0
163718795360349	31900	0
163718810040912	7340	0
163718810040925	36962	0
163718812137552	7339	0
163718812137565	36947	0
163720062459789	7338	0
163720062498909	7337	0
163720597231677	7336	0
163720597231679	7335	0
163720597233469	7334	0
163720597233539	7333	0
163720597233549	7332	0
163720597272125	7331	0
163720597272637	7330	0
163720597272669	7329	0
163723090262109	7328	0
163723090327645	31896	0
163723107104848	7327	0
163723107104861	36942	0
163737692920376	7326	0
163737692920383	7325	0
163737692928568	7324	0
163737692928573	7323	0
163737692929080	7322	0
163737692929081	7321	0
163738657413727	7320	0
163738657421917	7319	0
163738657479263	31890	0
163738657487453	31886	0
163738674256464	7318	0
163738674256479	36911	0
163738674264656	7317	0
163738674264669	36905	0
163738674265168	7316	0
163760316862810	36639	0
163760316866906	23843	0
163760316866908	23461	0
163760333644122	23458	0
163760333644123	23457	0
163760350409054	36632	0
163764612444250	7315	0
163764645867614	7314	0
163770452479544	7313	0
163789300127802	7312	0
163789316708413	7311	0
163789316708414	7310	0
163789333485630	7309	0
163789333551166	7308	0
163789343316028	7307	0
163789343316030	29154	0
163805984418334	7306	0
163806252853774	7305	0
163806412397112	7304	0
163806412401208	7303	0
163806513224254	13374	0
163806520039998	34530	0
163806521088574	34527	0
163806521092670	7302	0
163807393733200	7301	0
163807393737296	7300	0
163807586953822	31881	0
163807586957918	31879	0
163807588006494	37462	0
163807589042782	31871	0
163807594822238	25293	0
163807595006558	31869	0
163810707368504	7299	0
163810707368760	7298	0
163810707368761	7297	0
163810717490488	34513	0
163810717490744	34505	0
163810717851704	36898	0
163811688704592	7296	0
163811688704848	7295	0
163811690801232	7294	0
163843601209421	25761	0
163843601209422	7293	0
163844337787210	7292	0
163860562901201	30490	0
163860563577041	29862	0
163860774000853	25291	0
163860836927681	27167	0
163861368195297	30497	0
163861528975589	25288	0
163875241552449	7291	0
163875509987905	7290	0
163878551439969	29432	0
163927039805517	7289	0
163927051667532	7288	0
163944229464640	7287	0
163948542691407	7286	0
163948559468622	7285	0
163948559468754	7284	0
163952792569930	7283	0
163961410816076	7282	0
163997968300241	7281	0
163997968971985	7280	0
163997968971989	7279	0
163997968976081	7278	0
163998219647189	7277	0
163998242322625	7276	0
163998242322629	7275	0
163998242326721	7274	0
163998773594337	7273	0
164012143635009	7272	0
164015956834913	7271	0
164015956839009	7270	0
164016473651409	7269	0
164020248525009	7268	0
164020248525025	7267	0
164032328120529	7266	0
164032328120545	7265	0
164584179589450	7264	0
164584179589452	7263	0
164584179591700	7262	0
164584179591708	7261	0
164584179591724	7260	0
164584179591756	7259	0
164584213012810	7258	0
164584213015060	7257	0
164586679396940	21863	0
164586686270060	27758	0
164595235777084	7256	0
164595235777100	7255	0
164595242650220	7254	0
164596259187228	7253	0
164596259187244	7252	0
164596259187265	7251	0
164596259187276	7250	0
164596292610625	7249	0
164599530744364	7248	0
164599530744385	7247	0
164599530744396	7246	0
164599547521600	7245	0
164599547521612	36885	0
164600067484225	7244	0
164600084261440	7243	0
164613432756844	28186	0
164613966854764	20542	0
164616750516844	21856	0
164616750762604	31860	0
164647792036460	33546	0
164647797942860	7242	0
164647798008348	7241	0
164648066443788	7240	0
164648334682684	7239	0
164648334682700	7238	0
164648603118124	7237	0
164648603118156	7236	0
164648603183692	7235	0
164682454980613	7234	0
164682752776229	31858	0
164682752776257	27329	0
164721584988490	7233	0
164721584988492	7232	0
164721651835214	7231	0
164721653629262	7230	0
164721653631006	7229	0
164721653631022	7228	0
164721653631054	7227	0
164721653694798	7226	0
164724656752718	30122	0
164733213132862	7225	0
164733213132878	7224	0
164733733226526	7223	0
164733733226542	7222	0
164733733226561	7221	0
164733733226574	7220	0
164737508100142	7219	0
164737508100161	7218	0
164737508100174	7217	0
164737524877376	7216	0
164737524877390	36879	0
164750904937582	21854	0
164750904937614	21852	0
164750912833614	7215	0
164750912899102	7214	0
164750912963182	25285	0
164750912964638	25281	0
164750912964654	25278	0
164751181334542	7213	0
164751181400078	7212	0
164751181400110	7211	0
164751449573438	7210	0
164751449573454	7209	0
164751449833582	36875	0
164751449835534	36871	0
164751449835550	36867	0
164751467333669	31854	0
164751467333697	7208	0
164751718008869	7207	0
164751718008878	7206	0
164751718008910	7205	0
164751718074446	7204	0
164754687707214	7203	0
164754687838254	31850	0
164754721098862	21849	0
164754721130574	21846	0
164754721344622	31847	0
164754721392654	36865	0
164790319903053	7202	0
164792570935373	30115	0
164801127315517	7201	0
164801127315533	7200	0
164805422282797	7199	0
164805422282817	7198	0
164805422282829	7197	0
164805439060032	7196	0
164805439060045	38001	6
164819574083437	30598	0
164819574083469	30596	0
164819843610629	7195	0
164819843610637	7194	0
164820108900413	7193	0
164820108900429	7192	0
164820377335885	31838	0
164820378384461	38001	5
164822601889869	7191	0
164822602020909	31835	0
164822635269997	21840	0
164822635313229	21834	0
164822635515757	31829	0
164822635575309	36863	0
164859023810890	7190	0
164859057234254	7189	0
164888563083269	7188	0
164905490074222	33541	0
164905495980622	7187	0
164905496046110	7186	0
164905764481550	7185	0
164906032720446	7184	0
164906032720462	7183	0
164906301155886	7182	0
164906301155918	7181	0
164906301221454	7180	0
164910380542017	7179	0
164975290030646	25273	0
165043740412658	16868	0
165043741067858	7178	0
165043773967058	16862	0
165044009503286	7177	0
165044009503314	7176	0
165046525430482	7175	0
165046525430514	7174	0
165046525431026	7173	0
165046793865938	7172	0
165046793865954	7171	0
165046799108722	7170	0
165046799239762	19409	0
165046799305298	19406	0
165046799323298	19403	0
165048068934354	7169	0
165048071030994	7168	0
165051088833234	7167	0
165051088833250	7166	0
165051088833506	7165	0
165051090929874	7164	0
165051090929890	7163	0
165051090931058	7162	0
165051091062098	24228	0
165052365999218	7161	0
165052366130258	7160	0
165052634565714	7159	0
165063168428754	7158	0
165063168428770	7157	0
165063168429746	7156	0
165063170525394	7155	0
165063170525410	7154	0
165063170526834	7153	0
165063170657874	19401	0
165111655250513	19397	0
165112515656273	7152	0
165112515721809	7151	0
165112517745233	7150	0
165112517810769	7149	0
165115468397137	19394	0
165115468462673	19391	0
165116807970129	7148	0
165119760219473	29837	0
165120280312913	19388	0
165121102445649	7147	0
165121107852369	7146	0
165125397401425	7145	0
165131839815249	19386	0
165180374731286	7144	0
165180643166726	7143	0
165683690600988	35390	0
165683690601004	35385	0
165683952876124	7142	0
165683952941660	7141	0
165683953367644	7140	0
165686207797788	28065	0
165686214679068	19384	0
165690502765068	35980	0
165690509646348	19379	0
165691039006954	17579	0
165694747400764	7139	0
165694754282044	7138	0
165695283643370	17573	0
165695770810908	7137	0
165695770810924	7136	0
165699042368044	7135	0
165699049249324	7134	0
165700059003484	7133	0
165700059069020	7132	0
165700059495004	7131	0
165703337323100	31796	0
165703344138844	31794	0
165703344204380	31792	0
165703370869340	31770	0
165703377255004	7130	0
165703377685084	31760	0
165703377750620	31753	0
165742847053594	25246	0
165743602028330	31745	0
165743870267226	7129	0
165747573152268	19377	0
165747838442044	19375	0
165747846306364	35730	0
165748115049004	31735	0
165748377324124	31733	0
165748377389660	31731	0
165821165191550	7128	0
165821165193246	7127	0
165821165193262	7126	0
165821165322574	7125	0
165821165322590	7124	0
165821425548382	7123	0
165821433758046	7122	0
165821433758302	7121	0
165824185092126	7120	0
165825728725054	7119	0
165825728725086	7118	0
165825728725598	7117	0
165828480057470	7116	0
165828480059406	7115	0
165828480188510	19370	0
165832724693886	7114	0
165832724695102	7113	0
165833244918366	7112	0
165833244918814	7111	0
165837531675742	7110	0
165837539885662	7109	0
165837808321294	7108	0
165841314720862	31727	0
165841347837022	7107	0
165841347856478	7106	0
165841348267102	31714	0
165890094694237	7105	0
165890094725213	7104	0
165892097178141	7103	0
165892099274781	7102	0
165896392145421	7101	0
165896394240125	7100	0
165896394242061	7099	0
165896394371165	19364	0
165900636781117	7098	0
165900638876541	7097	0
165900638877757	7096	0
165906200821597	7095	0
165906200852573	7094	0
165909228891997	31712	0
165909259942493	7093	0
165909262008157	7092	0
165909262039133	7091	0
165909262438237	31698	0
165936120584735	25240	0
165936120592925	25237	0
165936875559471	37214	11
165936875567661	31694	0
165937143798367	7090	0
165937143806557	7089	0
166005271190030	19362	0
166005536479806	19360	0
166005544344126	35725	0
166005813086766	31683	0
166006075361886	31681	0
166006075427422	31679	0
171617825785554	7088	0
171617825785586	7087	0
171618094221010	7086	0
171618094221026	7085	0
171618094352050	7084	0
171619369289170	16850	0
171619369420210	7082	0
171619369421394	7080	0
171619371518034	7078	0
171622389320274	7076	0
171622391416914	7074	0
171623661045970	7072	0
171623661097090	7070	0
171623661111506	7068	0
171623661242546	7066	0
171623666485330	7064	0
171623934920786	7062	0
171626450847996	7060	0
171626686384210	37152	0
171654333009746	19352	0
171658627976786	19350	0
171682988504785	7059	0
171682988635825	7058	0
171686494942929	7057	0
171686494942961	7056	0
171686763378385	7055	0
171686763378401	7054	0
171686763509425	7053	0
171687283604049	7051	0
171687285700689	7049	0
171691058477649	7047	0
171691060574289	7045	0
171691412895985	19346	0
171691413027025	19342	0
171691575228625	19339	0
171691575268225	19336	0
171691575294161	19333	0
171691575425201	19330	0
171691580667985	19327	0
171692407838801	7044	0
171695081666769	33577	0
171695081666801	19323	0
171695081732305	33568	0
171695081732337	19320	0
171695170140412	19317	0
171695350102225	33789	0
171695350102241	19313	0
171695350167761	33783	0
171695350167777	19310	0
171695350298801	33776	0
171695355541585	33768	0
171723002167121	19306	0
171727297134161	19304	0
171760137458308	7043	0
171760137459732	7042	0
171760405895172	7041	0
171763879782612	31667	0
171763879782644	31664	0
171763879848148	31662	0
171763879848180	31660	0
171764148218068	31657	0
171764148218084	31654	0
171764148283604	31652	0
171764148283620	31650	0
171764148414644	31648	0
171764158900228	36852	0
171800563366421	7040	0
171800565463061	7038	0
171804858200277	7037	0
171804858331317	7036	0
171804858333701	7035	0
171804860430341	7033	0
171829019621397	25214	0
171829288065027	7031	0
171829545818323	7030	0
171829545850243	7029	0
171829545883859	7028	0
171829546014899	7027	0
171829555648723	27312	0
171829556500483	36849	0
171832525347068	7026	0
171832558770387	7024	0
171832558770419	7021	0
171832558770428	7020	0
171832827205843	7018	0
171832827205859	7015	0
171832828057603	38494	6
171859476438931	13371	0
171863771405971	13369	0
171868477415892	22859	0
171868477546932	7014	0
171868477549076	7013	0
171871497447956	7012	0
171875523846356	7011	0
171875523846388	7010	0
171875792281812	7009	0
171875792281828	7008	0
171875792412852	7007	0
171875792415236	7006	0
171927600328468	25206	0
171927661137814	21826	0
171931895295508	25204	0
171931956104854	21824	0
172005918597448	26805	0
172006454843414	35365	0
172008972040214	28046	0
172010742929414	7004	0
172013267007494	36449	0
172014798821430	16841	0
172015034751030	35357	0
172015045380150	7002	0
172017561962550	7000	0
172017835497494	6999	0
172017835497510	27305	0
172021856929830	6997	0
172022561596168	6995	0
172069369403414	6994	0
172069637838854	6993	0
172069896247350	19302	0
172069906077750	35721	0
172584765483036	6991	0
172585033918476	6988	0
172585302157372	35710	0
172585755273308	6987	0
172640330062566	6986	0
172644574718689	6985	0
172644576511457	6984	0
172648948308712	25192	0
172648955036904	6983	0
172653164645089	35072	0
172653181410020	25188	0
172653198187235	25185	0
172657461216993	6982	0
172657461217505	6981	0
172657494640869	6979	0
172672247405149	25181	0
172674701073125	26138	0
172688683680232	6978	0
172689405036769	6977	0
172689420196580	25176	0
172689420196581	26022	0
172717604866786	6975	0
172717605848802	6974	0
172717605914338	6973	0
172717605915362	6971	0
172717608797922	6970	0
172721900882514	6968	0
172721900882658	6965	0
172721900882660	6963	0
172721917659874	21817	0
172721917659875	6961	0
172721917668064	37421	0
172726230960352	6959	0
172740211903053	15896	0
172740959930962	25703	0
172740959996498	19288	0
172740966877778	19283	0
172740966877789	19282	0
172743375260386	6958	0
172743408683750	6957	0
172757403156706	6955	0
172757403156712	6954	0
172758139669074	26016	0
172758139669218	26014	0
172758139669220	6953	0
172758139669221	26013	0
172786274024161	6951	0
172786275006177	6950	0
172786275071713	6949	0
172786275072737	6947	0
172786277955297	6946	0
172786393859048	6945	0
172786393859304	6943	0
172790570039889	6941	0
172790570040033	6939	0
172790570044129	6937	0
172790637136611	6935	0
172790637140707	36844	0
172790638495715	6934	0
172790638495971	6933	0
172790929569985	19278	0
172791914547281	6932	0
172794861729985	34368	0
172794861730017	34362	0
172794861795553	19275	0
172794861861089	34354	0
172794861861601	34349	0
172794866616033	6931	0
172794866616545	6930	0
172794933463267	6928	0
172794933463269	6926	0
172794950240483	19271	0
172794950240484	6925	0
172809629088337	33003	0
172809629153873	19266	0
172809636035153	19261	0
172809636035165	19260	0
172812041468641	19258	0
172812111211235	15893	0
172812127976166	19256	0
172825265335009	22390	0
172825265335011	22389	0
172825267063009	6924	0
172825267063011	6923	0
172825282099937	19253	0
172825282099942	19252	0
172825317327841	6922	0
172825317327848	6921	0
172826273695969	6920	0
172826273695971	6919	0
172826542195681	6918	0
172826808826449	33364	0
172826808826593	33362	0
172826808826597	33361	0
172826810435809	6917	0
172833603594980	30236	0
172833603594982	6916	0
172833605403108	6915	0
172833605403364	6914	0
172833638826472	6912	0
172833638826728	6911	0
172859289512676	31629	0
172859289520865	6909	0
172859289520866	31626	0
172859306298080	6907	0
172859306298082	36841	0
172859644168212	6906	0
172859912603652	6905	0
172863659845828	31624	0
172863659845860	31621	0
172863659911396	31619	0
172863659976932	31616	0
172863659977444	31613	0
172863669715684	6904	0
172863669717220	6903	0
172863669782756	6902	0
172876845566493	15890	0
172877114001933	15888	0
172878087072365	31611	0
172878355507805	31607	0
172880839518948	31604	0
172880839584484	31602	0
172880856361700	31599	0
172880856361701	31597	0
172880856369890	31594	0
172880872942312	31590	0
172894003380964	6901	0
172894036804328	6900	0
172895258815204	31587	0
172895259863780	31584	0
172895259863782	31583	0
172895528299236	31580	0
172895528299237	31579	0
172902271703779	13361	0
172902272752355	13359	0
172902272756451	6899	0
172902274484451	6898	0
172902274549219	6897	0
172906637701349	6894	0
172932305438949	6893	0
172932338833635	6890	0
172932338861539	6888	0
172932338861795	6886	0
172932338862307	6884	0
172932338862309	6883	0
172932339882211	6880	0
172945565039125	25171	0
172945565039133	25170	0
172949515557603	34487	0
172949516606179	34480	0
172949516610275	6878	0
172949575838437	31576	0
172949575842533	31571	0
172949576891109	38204	1
172963283098339	30228	0
172963283098344	30227	0
172964247775973	31569	0
172964247780065	25167	0
172964247780069	31567	0
172964249258213	6877	0
172964264557280	38299	0
172964264557285	38204	2
172964281322211	31565	0
172964281322213	31564	0
172964282681571	6876	0
172964282681573	6875	0
172970992224998	33405	0
172970992233187	6874	0
172970992233188	33400	0
172971009010196	6873	0
172971009010402	6872	0
172971009010404	6870	0
172971069819622	30582	0
172971069819624	30580	0
172971077648870	6869	0
172971077648872	6868	0
172975303909604	6867	0
172975303975140	6865	0
172975303977476	6864	0
172975303977700	6862	0
172975305769188	6861	0
172979548605158	6860	0
172979548613348	6858	0
172979657657062	6856	0
172979657657064	6854	0
173014227249684	25163	0
173014227315220	25159	0
173018219506400	6852	0
173018236078822	21815	0
173018236087011	6850	0
173018236087012	21812	0
173018252864228	25157	0
173018252929764	6849	0
173031406987796	25154	0
173031406988001	25152	0
173031406988002	6848	0
173031406988004	25151	0
173031467797222	30575	0
173031467797224	30574	0
173031475561702	6847	0
173031475561704	6846	0
173032012301542	6845	0
173032012301544	6844	0
173032161962721	6843	0
173032161962722	31558	0
173032161962724	31556	0
173048326814437	6841	0
173082953669149	25149	0
173086917286625	35704	0
173086964472546	31550	0
173086981237477	31545	0
173100144707557	6840	0
173100144707813	6839	0
173101151340517	6838	0
173101151340773	6837	0
173108432783080	6836	0
173108449626142	6835	0
173108449626338	6834	0
173108483047910	6833	0
173108483047912	6832	0
173108483049494	6831	0
173108483049502	6830	0
173108483049702	6829	0
173112744591592	6827	0
173112744593422	6825	0
173114305529910	6823	0
173116983372520	21408	0
173116989228008	6822	0
173116989229118	6821	0
173117046287080	30414	0
173117342205974	6820	0
173117342205990	6819	0
173121367753446	6818	0
173121367753448	6817	0
173121367754790	6816	0
173121367754798	6815	0
173121367754982	6814	0
173125612389864	6812	0
173125612390120	6810	0
173125612390494	6808	0
173125612390630	6806	0
173168847603937	25144	0
173168847603938	6805	0
173168864184549	6804	0
173168864184550	35234	0
173168880961766	35701	0
173168881027094	6803	0
173168881027302	6802	0
173169149462534	6801	0
173169149462752	6799	0
173169149462758	6798	0
173169417701430	35698	0
173169417701603	35694	0
173169417701604	6797	0
173169417701606	35693	0
173169602578657	6796	0
173169602578658	31542	0
173169870817000	6795	0
173169870817509	6794	0
173169870817510	6793	0
173170139252966	6792	0
173170139318502	31538	0
173170156095712	6791	0
173170156095718	36834	0
173170172676323	6790	0
173170172676324	21806	0
173170172676326	21804	0
173737526498554	6789	0
173737526629594	26643	0
173739036580566	6788	0
173739038677206	6787	0
173739072230614	6786	0
173739072230616	13354	0
173739072246232	13352	0
173739072246488	13349	0
173743278848209	6785	0
173743279896017	6784	0
173743281236689	6783	0
173743282845137	6782	0
173747592959706	25140	0
173747595056856	25137	0
173747654826712	25131	0
173747661370584	6781	0
173747662165208	25129	0
173751871163089	35065	0
173751873259473	21802	0
173751873259729	21800	0
173751887928020	25125	0
173751890024404	25123	0
173751890024660	25120	0
173751904705235	25117	0
173751906801619	25115	0
173751906801875	25113	0
173756162701521	37980	0
173756162701523	37973	0
173756167550673	6780	0
173756167551185	6779	0
173756168227025	21793	0
173756168231121	21791	0
173756168231123	19245	0
173756184991444	25111	0
173756184991956	25108	0
173756184991957	25107	0
173756185008337	25105	0
173756185008338	19240	0
173756200974549	6777	0
173756201769171	25102	0
173756201769173	25101	0
173756201773269	21788	0
173756218546387	25097	0
173756218546388	25096	0
173756218550484	21784	0
173756218554577	25093	0
173771734702833	6776	0
173771734710993	6775	0
173771752151764	25090	0
173771752151765	25089	0
173775310418392	6773	0
173776029678289	6772	0
173776031774929	6770	0
173776047119060	25085	0
173776047119061	25084	0
173776049215700	25079	0
173776049215701	25077	0
173812069893079	6769	0
173812069893080	6768	0
173812086670294	6767	0
173812086670296	6765	0
173816311115986	6763	0
173816311384786	6761	0
173816312432306	6760	0
173816312432338	6759	0
173816312432346	6758	0
173816312433362	6756	0
173816314529490	6755	0
173816314529496	6754	0
173816314529746	6753	0
173816314530002	6752	0
173816314556626	6751	0
173816381637592	6750	0
173816381637842	6749	0
173816381637848	6748	0
173816381649112	6747	0
173818325566962	6744	0
173818325566970	6742	0
173818325698002	17994	0
173818325698010	17992	0
173820607400530	6740	0
173820607400658	6737	0
173820607400660	6735	0
173820609497042	6734	0
173820609497044	6733	0
173820609497170	6732	0
173820609497298	6730	0
173820609497300	6729	0
173820624177874	21780	0
173820624177875	6727	0
173820624186064	37414	0
173820626274258	21778	0
173820626274259	6726	0
173820626274514	21775	0
173820626274515	6725	0
173820626282448	21773	0
173820626282704	21770	0
173822617389298	6722	0
173822617389306	6720	0
173822617520338	6717	0
173822617520346	6715	0
173824904464082	19226	0
173824904464084	6714	0
173824904464466	19224	0
173824904464594	19220	0
173824904464596	6713	0
173824904464597	19219	0
173824904483026	19216	0
173824904485072	19214	0
173824904485074	19213	0
173824921241810	21766	0
173824921241811	6711	0
173824921241813	21765	0
173824921250000	21761	0
173824921250005	21760	0
173824937294032	6709	0
173824938019026	21756	0
173824938019027	19210	0
173824938019028	21755	0
173824938027216	21752	0
173824938027220	21751	0
173824938031312	19205	0
173840471624274	19201	0
173840471624402	19199	0
173840471624404	6708	0
173840471624405	19198	0
173840471624786	19195	0
173844029894866	6705	0
173844029894872	6703	0
173844766591570	19192	0
173844766591698	19190	0
173844766591700	6702	0
173844766591701	19189	0
173844766591826	19186	0
173844768688210	24423	0
173844768688338	24420	0
173844768688340	6700	0
173844768688341	24418	0
173881944782577	6699	0
173881944782586	6698	0
173881944913617	6697	0
173881944913626	6696	0
173884980261841	6694	0
173884980262097	6692	0
173884980542161	6690	0
173884981589681	6689	0
173884981589713	6688	0
173884981589722	6687	0
173884981590737	6685	0
173884983686865	6684	0
173884983686872	6683	0
173884983687121	6682	0
173884983687377	6681	0
173884983702481	6680	0
173884983702737	6679	0
173885100192728	6678	0
173885100192984	6676	0
173885101114328	6675	0
173885101114584	6674	0
173885101118680	36832	0
173885101125848	36830	0
173889276557905	6672	0
173889276558033	6670	0
173889276562129	6668	0
173889278654417	6667	0
173889278654545	6666	0
173889278654673	6665	0
173889278658513	6664	0
173889278658769	6663	0
173889342733011	6661	0
173889343654611	6659	0
173889343658707	36827	0
173889344829395	6658	0
173889344829651	6657	0
173889345750995	6656	0
173889345751251	6655	0
173889345755091	36825	0
173889345755347	36823	0
173890436151537	19182	0
173890436282577	19178	0
173890531571953	19174	0
173890531571962	19172	0
173890531702993	19168	0
173890531703002	19166	0
173891426175057	6654	0
173893568051409	37958	0
173893568051441	37953	0
173893568099201	37943	0
173893568099213	37892	4
173893568099281	37907	0
173893568100561	37899	0
173893568100563	37895	0
173893568379057	19163	0
173893568379089	37933	0
173893568379098	37931	0
173893568379601	37926	0
173893572949713	6653	0
173893572950225	6652	0
173893573621457	19160	0
173893573621841	19158	0
173893573621969	19155	0
173893573621973	19154	0
173893573626065	6651	0
173893573630161	19152	0
173893573630163	19151	0
173893639796947	6649	0
173893639796949	6647	0
173893640718547	6645	0
173893640718549	6644	0
173893640722643	36810	0
173893640722645	36809	0
173893656574163	19146	0
173893656574164	6643	0
173893657495763	19143	0
173893657495764	6642	0
173893657499859	36798	0
173893657499860	36797	0
173893657508048	19138	0
173893657508049	36791	0
173907597290193	15884	0
173907597290195	15883	0
173907614055121	19135	0
173907614055126	19134	0
173909140101873	6641	0
173909140110033	6640	0
173909140781649	19130	0
173909140781777	19128	0
173909140781781	19127	0
173909140782161	19124	0
173911892257489	15881	0
173911892257491	15880	0
173911893801169	6639	0
173911893801171	6638	0
173911909022417	19121	0
173911909022422	19120	0
173911911119057	19118	0
173911911119062	19117	0
173911944066001	6637	0
173911944066008	6636	0
173912900434129	6635	0
173912900434131	6634	0
173913168933841	6633	0
173913435077329	6632	0
173913435748945	19114	0
173913435749073	19112	0
173913435749077	19111	0
173913435749201	19108	0
173913437173969	6630	0
173913437845585	30069	0
173913437845713	30065	0
173913437845717	30063	0
173932310112980	30221	0
173932310112982	6629	0
173932311736788	6628	0
173932311737044	6627	0
173932312209620	13344	0
173932312209622	6626	0
173932312228308	13342	0
173932312228564	13340	0
173932328993239	15878	0
173932328993240	15877	0
173932345160152	6624	0
173932345160408	6623	0
173932345770454	15875	0
173932345770456	15874	0
173932345774552	13337	0
173932345774808	13335	0
173957996029402	31534	0
173957996030676	31530	0
173957996038865	6621	0
173957996038866	31527	0
173957998126552	31525	0
173957998127060	31523	0
173957998127316	31520	0
173957998135249	6620	0
173957998135250	31518	0
173957998135505	6619	0
173957998135506	31516	0
173958012816080	6617	0
173958012816082	36788	0
173958014912464	6616	0
173958014912466	36786	0
173958014912720	6615	0
173958014912722	36784	0
173959155795988	6614	0
173959424231428	6613	0
173962293094100	31513	0
173962293094612	31510	0
173962293094613	31509	0
173962293102801	6612	0
173962293102802	31507	0
173962293106897	6611	0
173962293106898	31505	0
173962309880016	6610	0
173962309880018	36782	0
173962309884112	6609	0
173962309884114	36780	0
173962366167252	31498	0
173962366167284	31496	0
173962366218884	31494	0
173962366218893	31491	0
173962366218964	31488	0
173962366220498	31483	0
173962366220500	31479	0
173962366494900	31477	0
173962366494932	31474	0
173962366494938	31472	0
173962366495444	31469	0
173962376049364	6608	0
173962376050900	6607	0
173962376116436	6606	0
173962376972498	31465	0
173962376972500	31464	0
173962376976596	36778	0
173962376980484	36776	0
173962376980688	31461	0
173962376980692	36774	0
173977590770388	31458	0
173977591818964	31455	0
173977591818966	31454	0
173977860254420	31451	0
173977860254421	31450	0
173980630119124	6605	0
173980630610644	13332	0
173980663542488	6603	0
173980664156888	13329	0
173981885737684	31446	0
173981886786260	31443	0
173981886786262	31442	0
173981888882644	31440	0
173981888882900	31437	0
173981888882902	31434	0
173982155221716	31431	0
173982155221717	31430	0
173982157318356	31425	0
173982157318357	31423	0
174000977933779	13326	0
174000978221779	13323	0
174000979270355	13321	0
174000979274451	6602	0
174000980818131	6601	0
174000980882899	6600	0
174000981366995	13319	0
174001065251283	13317	0
174001065251288	13316	0
174001065251544	13314	0
174003814478069	6598	0
174003814478074	6597	0
174003814609109	6595	0
174003814609114	6594	0
174005343432917	6592	0
174005343432919	6591	0
174005343432920	6590	0
174005360210133	13311	0
174005360210134	6589	0
174005360210136	13310	0
174005360218323	13307	0
174005360218328	13305	0
174005360218840	13302	0
174028502161651	6587	0
174028502161658	6586	0
174028502292691	6584	0
174028502292698	6583	0
174031011772629	6582	0
174031012571349	31419	0
174031012574929	25073	0
174031012575441	25069	0
174031012575445	31416	0
174031012583633	25066	0
174031012583634	31413	0
174031012583635	31412	0
174031029352144	25060	0
174031029352656	25054	0
174031029352661	36762	0
174031029360848	25052	0
174031029360850	36760	0
174031029360851	36753	0
174031045155027	6580	0
174031045155059	6579	0
174031045195219	6577	0
174031045195475	6575	0
174031045195987	6573	0
174031045195989	6572	0
174031046116819	31405	0
174031046117075	31400	0
174031046117587	31392	0
174031046117589	31391	0
174031046137859	36751	0
174031046138064	31388	0
174031046138065	36749	0
174031046138067	36746	0
174045597850355	6571	0
174045597850357	6570	0
174045597858515	6569	0
174045597858517	6568	0
174045615053523	13299	0
174045615053528	13298	0
174045615053971	13296	0
174046578924277	6567	0
174046578932437	6566	0
174046579731157	31386	0
174046579735249	25050	0
174046579735253	31384	0
174046596512464	25048	0
174046596512469	36733	0
174046612347635	6565	0
174046612347637	6564	0
174046612355795	6563	0
174046612355797	6562	0
174046613277395	31382	0
174046613277397	31381	0
174049383633624	34476	0
174049892825811	6561	0
174049892825813	6560	0
174049910020819	13293	0
174049910020824	13292	0
174049920504019	37632	0
174049920504024	37625	0
174050873899733	6559	0
174050874698453	31379	0
174050874702545	25045	0
174050874702549	31377	0
174050875996373	6557	0
174050876795093	31374	0
174050876799185	25041	0
174050876799189	31371	0
174050891479760	25039	0
174050891479765	36723	0
174050893576400	36396	0
174050893576405	36716	0
174050907323091	6556	0
174050907323093	6555	0
174050908244691	31369	0
174050908244693	31368	0
174050909419731	6553	0
174050909419733	6551	0
174050910341331	31359	0
174050910341333	31357	0
174067433693684	6549	0
174067433693690	6548	0
174067433824724	23834	0
174067433824730	23833	0
174069698742998	33388	0
174069698751187	6547	0
174069698751188	33383	0
174069700839638	21748	0
174069715528212	6546	0
174069715528402	6545	0
174069715528404	6543	0
174069776053462	36590	0
174069776337622	36536	0
174069776337624	36534	0
174069783982550	6542	0
174069783982552	6541	0
174069784723926	21746	0
174069784723928	21745	0
174074010493108	6540	0
174074010493140	6538	0
174074010493146	6536	0
174074010495492	6535	0
174074010495700	6533	0
174074012102868	6532	0
174074012590292	6531	0
174074012590296	6530	0
174074012594388	6529	0
174074079686870	6528	0
174074079686872	6527	0
174074079690966	6526	0
174074079690968	6525	0
174078255123158	6524	0
174078255129562	6522	0
174078255131348	6520	0
174078257219798	6519	0
174078257226712	6518	0
174078363890646	6516	0
174078363890902	6514	0
174078364175062	6512	0
174078364175064	6510	0
174078374642646	6509	0
174078374642648	6507	0
174078374642902	6506	0
174078374642904	6505	0
174078374658262	6504	0
174078374658264	6503	0
174078374658518	6502	0
174078374658520	6501	0
174113738942996	25035	0
174113738943185	25033	0
174113738943186	6500	0
174113738943188	25032	0
174113738943508	25029	0
174113799752406	21743	0
174113799752408	21742	0
174113799752854	21740	0
174114493917905	6499	0
174114493917906	31354	0
174114493917908	31352	0
174118033910292	25026	0
174118033910481	25024	0
174118033910482	6498	0
174118033910484	25023	0
174118033910548	25021	0
174118094719702	21738	0
174118094719704	21737	0
174118102299862	6497	0
174118102299864	6496	0
174118639039702	6494	0
174118639039704	6492	0
174118788885201	6491	0
174118788885202	31348	0
174118788885204	31346	0
174138420320467	19106	0
174138437097682	19103	0
174138453862357	21732	0
174138453862613	21730	0
174138453881299	6490	0
174138453881301	21728	0
174142732062935	19101	0
174142732062936	19100	0
174142732071124	6489	0
174142732071125	19093	0
174142748848339	6488	0
174142748848341	6486	0
174146976707541	6485	0
174147032906453	6483	0
174147033036757	6482	0
174147033037013	6480	0
174147033332437	6478	0
174147043788757	6477	0
174147043789013	6476	0
174147043815637	6475	0
174147043815893	6474	0
174151271667921	6473	0
174151271675089	6472	0
174151288445136	6471	0
174151288452304	6470	0
174186755479761	35689	0
174186755479762	35687	0
174186771445717	6469	0
174186771445973	6467	0
174187778078677	6466	0
174187778078933	6464	0
174207139116760	6463	0
174207139793110	21722	0
174207139797203	19090	0
174207155959837	6462	0
174207155960018	6461	0
174207156574418	19087	0
174207173339349	21719	0
174207173339350	26800	0
174207173353939	26797	0
174207173353944	26794	0
174207181453524	30568	0
174207181453526	30562	0
174207189381590	6460	0
174207189381592	6459	0
174207189383190	6458	0
174207189383197	6457	0
174207189383382	6456	0
174207190116564	21716	0
174207190116566	21715	0
174207190120470	19084	0
174207190120662	19082	0
174211450925272	6454	0
174211450927117	6452	0
174211451539672	19078	0
174211451543764	15871	0
174211451543768	19072	0
174211468320979	15869	0
174211468320984	15864	0
174211485085910	19070	0
174211485085912	19069	0
174211485087750	19067	0
174211485087958	19063	0
174213817157686	6450	0
174215689599190	21397	0
174215689890520	21391	0
174215695561688	6449	0
174215695562813	6448	0
174215696173270	15860	0
174215696180184	15858	0
174215752513749	6446	0
174215752513750	30404	0
174215752805080	30398	0
174215763265749	6445	0
174215763265750	38139	0
174215763288280	38130	0
174215763288536	38107	0
174215769290806	6443	0
174215769290813	6440	0
174215769290964	6438	0
174215769290966	6435	0
174215780042806	6434	0
174215780042964	6433	0
174215780042966	6431	0
174216853833750	6430	0
174216853833766	6429	0
174219991144657	6428	0
174220007921872	6427	0
174220064256726	6426	0
174220064258262	6424	0
174220065306838	38001	5
174220074087126	6423	0
174220074087128	6422	0
174220074088486	6421	0
174220074088493	6420	0
174220074088662	6419	0
174220075010086	6418	0
174220075010262	6417	0
174220075014358	36711	0
174224286098904	31343	0
174224286099160	31341	0
174224286099670	31338	0
174224286114769	6416	0
174224286114776	31333	0
174224318723544	6414	0
174224318723800	6412	0
174224318724189	6410	0
174224318724310	6408	0
174224319645144	31328	0
174224319645400	31321	0
174224319645910	31314	0
174255474342097	25015	0
174255474342098	6406	0
174255474956497	35683	0
174255474956498	35681	0
174255490922709	6404	0
174255490922710	35229	0
174255507699926	35678	0
174255507765270	6402	0
174255507765462	6400	0
174255508502550	25009	0
174255508502737	35673	0
174255508502742	35671	0
174255776200710	6398	0
174255776200912	6395	0
174255776200918	6393	0
174256044439606	35660	0
174256044439763	35649	0
174256044439764	6391	0
174256044439766	35643	0
174256229316817	6389	0
174256229316818	31309	0
174256497555160	6387	0
174256497555669	6385	0
174256497555670	6383	0
174256765991126	6381	0
174256766056662	31297	0
174256766789844	31293	0
174256766789846	31291	0
174256782833872	6379	0
174256782833878	38001	5
174256799414483	6377	0
174256799414484	21709	0
174256799414486	21700	0
174256800336083	31287	0
174256800336084	38568	0
174256800336086	38556	0
174484716765274	19057	0
174500286023194	25006	0
174505335964970	31284	0
174509437995066	19051	0
174509627787306	31281	0
174871268563551	30771	0
174915823994546	6376	0
174916092233442	6375	0
174916095182562	6374	0
174920118962770	6372	0
174920121059410	6371	0
174922145597666	6369	0
174922145652866	6367	0
174924416026706	37166	0
174939233061455	15855	0
174939983186514	25862	0
174939983187026	25858	0
174939988036178	36567	0
174939988036191	36563	0
174984493151921	6366	0
174984761390817	6365	0
174984764339937	6364	0
174988788120145	6362	0
174988790216785	6361	0
174990059780321	28750	0
174990059824001	28746	0
174993079679185	34339	0
174993079679201	34335	0
174993079941297	33967	0
174993085184081	33961	0
174993348114625	34323	0
174993348114639	34321	0
174993348114657	34316	0
174993348180193	34121	0
175008652343889	33195	0
175008652344401	33189	0
175008657193553	29362	0
175008657193567	29358	0
175061877795028	31273	0
175061877795044	31271	0
175061878057140	31269	0
175061888542724	36708	0
175062146230468	31265	0
175062146230479	31263	0
175062146230500	31261	0
175062146296036	31259	0
175075866724895	15851	0
175076135160335	15848	0
175077108230767	31254	0
175077376666207	31247	0
175105124085989	6359	0
175128030370019	6358	0
175128030406019	6357	0
175130556782803	6355	0
175130556782819	6354	0
175130557700099	37138	0
175130825218275	6352	0
175130826266851	6350	0
175144586197525	36550	0
175144586197535	36548	0
175145126616211	28784	0
175169227090452	6349	0
175173522055348	6348	0
175173522057732	6347	0
175173790294244	6346	0
175213250505236	24994	0
175213250505748	24991	0
175213311315094	29058	0
175281974827551	24986	0
175306701682710	28933	0
175309227485190	6344	0
175310996649990	36465	0
175313519306806	35462	0
175315291605046	6343	0
175319586572326	6342	0
175355019388950	6340	0
175355287824390	6338	0
175355556063286	35628	0
175677668775999	19039	0
175677858568239	31234	0
176158026057707	6337	0
176166612847083	25849	0
176181681933167	25368	0
176181698710382	25423	0
176183678434276	13290	0
176183695199207	15837	0
176190238314347	15833	0
176234700945685	24982	0
176234704877845	24980	0
176276188777238	6336	0
176277671201558	6335	0
176278205975318	6334	0
176303369185764	27321	0
176303369185780	27319	0
176303370103060	24978	0
176303373380036	6333	0
176303374014100	24976	0
176303374035220	24974	0
176303637621236	6332	0
176303638669812	6331	0
176303906056676	23443	0
176317952781732	26128	0
176321082780644	26121	0
176321083829220	26117	0
176321083833316	6330	0
176321144114144	21694	0
176321144114150	21693	0
176346334460693	6329	0
176346871200533	6328	0
176386498394911	6327	0
176386515172126	6326	0
176386766633807	6325	0
176386783411022	6324	0
176387035069247	6323	0
176387051846462	6322	0
176389803301863	19035	0
176389803310052	6321	0
176389803310053	19033	0
176389820087269	21691	0
176389820152805	6320	0
176395054776091	6319	0
176395323014987	6318	0
176395591450427	6317	0
176455212952351	34225	0
176455229729566	20722	0
176482039888151	6316	0
176483809052951	29405	0
176483812985111	27718	0
176488104008007	6315	0
176488107940167	6314	0
176492398975287	6313	0
176492402907447	6312	0
176528100227351	6311	0
176528368466247	26786	0
176536690153751	6310	0
176536958392647	26781	0
176765814297451	22845	0
176773330491211	22837	0
176777357219355	35288	0
176777893893691	25648	0
176781507483931	20511	0
176781775722827	26778	0
176782185716027	22823	0
176834533770094	6309	0
176841776809758	6308	0
176842049963854	6307	0
176846076691998	6306	0
176846613366334	6305	0
176850366851358	15822	0
176850635704238	6304	0
176850905188670	6303	0
176850905798974	24966	0
176851171088750	24964	0
176903202927467	6302	0
176903202927469	6301	0
176910445967133	6300	0
176910719121227	6299	0
176910719121229	6298	0
176914745849371	6297	0
176914745849373	6296	0
176915282523707	6295	0
176915282523709	6294	0
176918942243103	6293	0
176918942251293	6292	0
176919210481999	35638	0
176919210490189	35634	0
176919304861613	6291	0
176919574346043	6290	0
176919574346045	6289	0
176971922400107	23437	0
176979438593867	23429	0
176983465322011	35302	0
176984001996347	25657	0
176987772250398	33501	0
176988293818683	23413	0
176988311198014	24962	0
176988576487790	24960	0
177004839496471	6288	0
177004851358486	29106	0
177005107735367	26766	0
177005386132304	13279	0
177330552059627	6287	0
177334211590629	6286	0
177334211590645	6285	0
177334212561189	6284	0
177334212569349	6283	0
177334212573445	6282	0
177334215784901	6281	0
177334216491925	6280	0
177334216493349	6279	0
177334216501509	6278	0
177334216505605	6277	0
177334480026101	6276	0
177334481074677	6275	0
177334748461541	6274	0
177349912968047	6273	0
177349929745262	6272	0
177351926234085	10937	0
177351926234087	6271	0
177358469349227	6270	0
177400351582507	6269	0
177400351582509	6268	0
177400380942637	6267	0
177400380942639	6266	0
177400397719853	6265	0
177400397719854	6264	0
177400397748518	6263	0
177400398768430	6262	0
177417447082790	38204	8
177417448131366	6261	0
177417448131878	6260	0
177417463294761	10935	0
177417464343337	10933	0
177417464343849	10931	0
177417464343850	10930	0
177417464343972	10928	0
177417557666607	10926	0
177417558715183	10924	0
177417558719279	6259	0
177417574443822	10922	0
177417575492398	10920	0
177417575496494	6258	0
177418632448806	38204	9
177418632448815	38266	0
177418649226022	21688	0
177418649226030	21687	0
177421743098662	6257	0
177421743098918	6256	0
177421755117097	10918	0
177421755117353	10916	0
177421759310633	10914	0
177421759310889	10912	0
177421759310890	10911	0
177421869411370	10908	0
177422944193318	21685	0
177422944193574	21683	0
177422946289958	21681	0
177426034921254	6255	0
177426050084137	10903	0
177426050084649	10901	0
177426051133225	10899	0
177426051133226	10898	0
177426114047786	10896	0
177426114047787	10895	0
177426115096363	10893	0
177426115100459	6254	0
177427188829990	21679	0
177427188829995	21678	0
177430329888294	6253	0
177430330936102	6252	0
177430345051433	10891	0
177430345051689	10889	0
177430346100265	10887	0
177430346100266	10886	0
177430347148073	10884	0
177450209271591	6251	0
177450209271593	6250	0
177450210231591	6249	0
177450210231593	6248	0
177450213464871	6247	0
177450213464873	6246	0
177450214163751	6245	0
177450746141991	6244	0
177450746141993	6243	0
177450748238631	6242	0
177450748238633	6241	0
177450811159787	6240	0
177486278196005	6239	0
177486278196015	6238	0
177486278196047	6237	0
177486294973221	6236	0
177486294973230	6235	0
177486294973262	6234	0
177486546631461	37798	0
177486546631471	6233	0
177486546631487	6232	0
177486546762501	37768	0
177486546762511	6231	0
177486563408677	6230	0
177486563408686	6229	0
177486563408702	6228	0
177486563539717	6227	0
177486563539726	6226	0
177489331649317	21676	0
177489331649326	21675	0
177489331649507	6225	0
177489331649509	21673	0
177489331649829	21671	0
177489331780357	6224	0
177489331780366	6223	0
177489331780581	6222	0
177489331780869	6221	0
177489392458727	19025	0
177489392458729	19024	0
177489392459175	19022	0
177490474628391	6220	0
177490474628393	6219	0
177490589940517	6218	0
177490589940773	6217	0
177490858375973	6216	0
177490858376229	6215	0
177490858507013	6214	0
177490858507269	6213	0
177494834577189	6212	0
177494834577195	6211	0
177494834577227	6210	0
177495103012645	6209	0
177495103012651	6208	0
177495103012667	6207	0
177495103143685	6206	0
177495103143691	6205	0
177499064554791	6204	0
177499064554793	6203	0
177518878428966	6202	0
177518879377446	6201	0
177518879377702	6200	0
177518882622246	6199	0
177518883179302	6198	0
177518883309606	6197	0
177518883309862	6196	0
177519415299366	6195	0
177519417396006	6194	0
177519417953062	6193	0
177564084637606	6192	0
177585886648613	14463	0
177585886648615	14462	0
177585886648647	14460	0
177587597901609	17960	0
177587598854438	6191	0
177587598854439	13277	0
177587602094889	13275	0
177587602786598	6190	0
177587602786599	13273	0
177587615631653	6189	0
177587615631655	6188	0
177587615631687	6187	0
177587619563813	6186	0
177587619563815	6185	0
177587619563847	6184	0
177588134772009	13271	0
177588136868649	13269	0
177591910598951	6183	0
177591910598967	6182	0
177591910607111	6181	0
177591914531111	6180	0
177591914531127	6179	0
177591914539271	6178	0
177623712955177	38204	7
177623712955183	38213	0
177623729732393	17175	0
177623729732398	17174	0
177627880028453	6177	0
177627880028455	25923	0
177627880028487	25921	0
177628024699689	13267	0
177628024699945	13265	0
177628024699946	13264	0
177628031289129	6176	0
177628836530471	6175	0
177632269336361	13262	0
177632269336362	13261	0
177632269336363	13260	0
177636469954853	6174	0
177636469954855	15814	0
177636469954887	15812	0
177636581771559	35949	0
177637386037511	37340	6
177861010459437	38204	8
177861010459439	6173	0
177861026699563	19595	0
177861027236653	19591	0
177861027236654	6172	0
177861030892843	14454	0
177862742145837	38204	8
177862742145839	38211	0
177863010581293	13256	0
177863010581294	13255	0
177863010581803	13252	0
177865325859691	6171	0
177865325860139	11865	0
177872730903849	16829	0
177872730903850	16828	0
177872730903851	16827	0
177872841004330	16823	0
177872841004331	16822	0
177872842052907	16819	0
177872842053419	16816	0
177872842053451	6170	0
177877132826666	6169	0
177877132826667	6168	0
177877132826923	6167	0
177877137020203	16813	0
177877137020459	16810	0
177877405455915	20506	0
177877405455931	14449	0
177877405586955	20503	0
177881287285029	16807	0
177881287285035	16806	0
177881287285067	15809	0
177881427793706	6166	0
177881427793707	6165	0
177881427794219	6164	0
177881428842795	16803	0
177881697278251	20500	0
177881697278267	6163	0
177881697409291	20497	0
177881962568043	6162	0
177929746172206	6161	0
177929746713390	6160	0
177929746713646	6159	0
177929746843950	6158	0
177929750365486	6157	0
177931730058030	13250	0
177931730058286	13248	0
177934045332334	6156	0
177934045332782	6155	0
177941560476970	6154	0
177941560476974	6153	0
177941561148718	6152	0
177941561525550	6151	0
177941561526062	6150	0
177941561526094	6149	0
177944598202158	21669	0
177944598333198	6148	0
177944659019182	6147	0
177945852299306	6146	0
177945852299310	6145	0
177945852299566	6144	0
177945852971054	6143	0
177945852971310	6142	0
177945856492846	6141	0
177945856493102	6140	0
177946124928558	6139	0
177946124928574	6138	0
177946125059598	6137	0
177950147266346	6136	0
177950147266350	6135	0
177950147266478	6134	0
177950147266862	6133	0
177950147938094	6132	0
177950147938606	6131	0
177950148315438	15806	0
177950148987182	15804	0
177950416750894	6130	0
177950416750910	6129	0
177950416881934	6128	0
177950417422638	6127	0
177950417422654	6126	0
177950682040238	6125	0
177950682040686	6124	0
177950682712430	6123	0
177998415329579	6122	0
177998415329581	6121	0
177998415859501	6120	0
177998419522859	6119	0
177998419522861	6118	0
178002714489707	6117	0
178002714489709	6116	0
178002714490155	6115	0
178002714490157	6114	0
178010165663017	6113	0
178010165663023	6112	0
178010165671209	6111	0
178010165671213	6110	0
178010229634346	6109	0
178010229634347	6108	0
178010229634349	6107	0
178010230682923	6106	0
178010230682925	6105	0
178010230683435	6104	0
178010230683437	6103	0
178010230683467	6102	0
178010230683469	6101	0
178014521456682	6100	0
178014521456683	6099	0
178014521456685	6098	0
178014521456939	6097	0
178014521456941	6096	0
178014525650219	6095	0
178014525650221	6094	0
178014525650475	6093	0
178014525650477	6092	0
178014794085931	6091	0
178014794085933	6090	0
178014794085947	6089	0
178014794085949	6088	0
178014794216971	6087	0
178014794216973	6086	0
178018722044197	6085	0
178018722044207	15802	0
178018722044239	15800	0
178018722052389	6084	0
178018722052397	15798	0
178018722052429	15796	0
178018816423722	6083	0
178018816423723	6082	0
178018816423725	6081	0
178018816423853	6080	0
178018816424235	6079	0
178018816424237	6078	0
178018817472811	15794	0
178018817472813	15793	0
178019085908267	6077	0
178019085908269	6076	0
178019085908283	6075	0
178019085908285	6074	0
178019086039307	6073	0
178019086039309	6072	0
178019351197613	6071	0
178019351198059	6070	0
178019351198061	6069	0
178067134802219	19652	0
178067138995499	14887	0
178067152242990	6068	0
178068632140590	36002	0
178068634667310	6067	0
178071433962347	6066	0
178071433962795	12279	0
178078885139753	6065	0
178078885143849	17557	0
178078886192425	17554	0
178078886192426	17553	0
178078949106986	17550	0
178078949106987	17549	0
178078950155563	17546	0
178078950156075	17543	0
178078950156107	6064	0
178078966547758	6063	0
178083240929322	6062	0
178083240929323	6061	0
178083240929579	6060	0
178083245122859	17540	0
178083245123115	17537	0
178083258370094	6059	0
178083258370350	6058	0
178083513558571	20839	0
178083513558587	14882	0
178083513689611	20836	0
178087441520933	6057	0
178087441525029	17534	0
178087442573605	17531	0
178087535896362	6056	0
178087535896363	6055	0
178087535896875	6054	0
178087536945451	17528	0
178087553337134	6053	0
178087553337646	6052	0
178087554386222	38316	0
178087805380907	20833	0
178087805380923	6051	0
178087805511947	20830	0
178087822821678	6050	0
178087822821694	6049	0
178088070670699	6048	0
178088088111470	6047	0
178090092292398	21667	0
178090092423438	15783	0
178090125838638	21665	0
178090126084398	6046	0
178104619297573	20112	0
178104619297575	15780	0
178104619297607	15778	0
178104648657703	13246	0
178104648657705	13245	0
178105183431529	10879	0
178105659484965	21663	0
178105659484966	21662	0
178105659485027	15775	0
178105659616005	6045	0
178105659616006	15773	0
178466622094102	6044	0
178466622098198	6043	0
178466623576342	18074	0
178468104518422	6042	0
178468104522518	6041	0
178468116721433	17946	0
178468120914713	10877	0
178468639292182	6040	0
178468639296278	6039	0
178468653591833	10875	0
178468655688473	10873	0
178499058100507	6038	0
178499058100509	6037	0
178499087460637	6036	0
178499087460639	6035	0
178499104237853	6034	0
178499104237854	6033	0
178499104266518	6032	0
178499105286430	6031	0
178503068903915	6030	0
178516153416470	38605	0
178516153420566	38599	0
178516154465046	6029	0
178516154465558	6028	0
178516154469142	6027	0
178516154469654	6026	0
178516169812761	10871	0
178516170861337	10869	0
178516170861849	10867	0
178516170861850	10866	0
178516264184607	10863	0
178516265233183	10861	0
178516265237279	6025	0
178516280961822	10859	0
178516282010398	10857	0
178516282014494	6024	0
178520165268454	6023	0
178520165272546	6022	0
178520165272550	6021	0
178520181664745	10855	0
178520449432342	6020	0
178520449432598	6019	0
178520449436438	6018	0
178520449436694	6017	0
178520461635097	38494	11
178520461635353	38498	0
178520465828633	10852	0
178520465828889	10850	0
178520465828890	10849	0
178520575929370	10846	0
178524741254934	6016	0
178524741259030	6015	0
178524756602137	10841	0
178524756602649	10839	0
178524757651225	10837	0
178524757651226	10836	0
178524820565786	10834	0
178524820565787	10833	0
178524821614363	10831	0
178524821618459	6014	0
178529036221974	6013	0
178529036226070	6012	0
178529037269782	6011	0
178529037273878	6010	0
178529051569433	10829	0
178529051569689	10827	0
178529052618265	10825	0
178529052618266	10824	0
178529053666073	10822	0
178534536280853	6009	0
178584984714015	6008	0
178584984779551	6007	0
178585001491230	6006	0
178585001556766	6005	0
178586058259263	6004	0
178586058324799	6003	0
178586075036478	6002	0
178586075102014	6001	0
178589181146391	6000	0
178589181146393	5999	0
178593541095195	5998	0
178593541160731	5997	0
178594614640443	5996	0
178594614705979	5995	0
178597771072791	5994	0
178597771072793	5993	0
178603525658646	16800	0
178603525658902	16797	0
178605505351446	16610	0
178605506115606	19017	0
178605506115862	19015	0
178605509544726	5992	0
178605509917462	19013	0
178605510047766	19011	0
178605510048022	19009	0
178606042221846	17525	0
178606044318486	5991	0
178606044691222	19007	0
178653558442774	33932	0
178653558815510	33921	0
178653559491350	5990	0
178653559491862	5989	0
178653559491866	5988	0
178653559492006	5987	0
178653559864086	19004	0
178653559864598	19002	0
178653699336991	15770	0
178653716114206	15768	0
178657570294758	5986	0
178657570295206	5985	0
178657570667494	19000	0
178657850265110	5984	0
178657850265366	5983	0
178657850292246	5982	0
178657850292502	5981	0
178657854458646	5980	0
178657854458902	5979	0
178657854458906	5978	0
178657854831382	18998	0
178657854831638	18996	0
178662145232150	5977	0
178662145232662	5976	0
178662146281238	5975	0
178662146281242	5974	0
178662146653974	18994	0
178663593316262	5973	0
178666440199446	5972	0
178666440199702	5971	0
178666440218646	5970	0
178666440218902	5969	0
178666441248278	5968	0
178666441248282	5967	0
178666441621014	18992	0
178666442296086	5966	0
178666442668822	18990	0
178672245135129	16794	0
178672245135638	16791	0
178672245135639	16790	0
178672473209111	5965	0
178672513571095	16786	0
178672513636631	14442	0
178674224824089	17953	0
178674225592598	18988	0
178674225592599	18987	0
178674229017369	13242	0
178674229524758	18985	0
178674229524759	18984	0
178674242369813	18982	0
178674242369815	18981	0
178674242373911	15759	0
178674246301973	18979	0
178674246301975	18978	0
178674246306071	15756	0
178674761694489	17522	0
178674763791129	13238	0
178691422226743	5964	0
178691422230839	36705	0
178691426158903	5963	0
178691426162999	36703	0
178722277915417	33913	0
178722278963993	13235	0
178722278964505	13233	0
178722278964506	13232	0
178726289767401	13229	0
178726569737753	35508	0
178726569738009	35504	0
178726569769238	5962	0
178726569769239	35499	0
178726573931289	13226	0
178726573931545	13224	0
178726573931546	13223	0
178726586546455	33255	0
178726586611991	5961	0
178730864704793	13221	0
178730864705305	13219	0
178730865753881	13217	0
178730865753882	13216	0
178735159672089	13214	0
178735159672345	13212	0
178735159695638	5960	0
178735159695639	13210	0
178735160720921	13208	0
178735160720922	13207	0
178735161768729	13205	0
178735176472855	15753	0
178735176538391	5959	0
178735288105239	27818	0
178947118848283	16782	0
178947120944923	20109	0
178947637197597	32423	0
178947637197599	32422	0
178947653974813	18973	0
178947653974814	18972	0
178947657815323	16777	0
178949369068317	28957	0
178949369068319	28956	0
178949637503773	13200	0
178949637503774	13199	0
178949637504283	13196	0
178967126031133	8210	0
178971437421849	16774	0
178971437421850	16773	0
178971437421851	16772	0
178971547522330	16768	0
178971547522331	16767	0
178971548570907	16764	0
178971548571419	16761	0
178975675775773	16758	0
178975676513563	18969	0
178975682058266	16755	0
178975682058267	16754	0
178975682058523	16751	0
178975843538203	16748	0
178975843538459	16745	0
178975843603995	14436	0
178976917083707	37198	0
178976917149243	37184	0
178979977025814	16742	0
178979977025819	16741	0
178979993803035	16738	0
178979993868571	14432	0
178980135360795	16735	0
178981208906043	5958	0
178981208971579	35802	0
178981471246699	37432	0
179010035481373	13194	0
179010035481883	13191	0
179010035482139	13189	0
179015838320926	5957	0
179015840417566	20106	0
179016373451550	18965	0
179016373451806	18963	0
179016373582110	18961	0
179016377287966	15747	0
179018356980510	13187	0
179018356980766	13185	0
179035971467550	5956	0
179035972515358	5955	0
179040263194398	5954	0
179040266994970	5953	0
179040266994974	5952	0
179040268043550	5951	0
179040268044062	5950	0
179044167697838	5949	0
179044559304734	18957	0
179044559304990	18955	0
179044563010846	5948	0
179044563011102	5947	0
179044563076638	5946	0
179045636556350	5945	0
179045636621886	5944	0
179048853235998	15745	0
179048854271774	18953	0
179048854272286	18951	0
179048854833438	15743	0
179048855320862	18949	0
179048855324958	15740	0
179049928378686	5943	0
179049928444222	5942	0
179049929050430	5941	0
179049929054526	36684	0
179050190718894	5940	0
179050190719342	5939	0
179084507478299	5938	0
179084507478301	5937	0
179084509574939	20103	0
179084509574941	20102	0
179085042597661	18947	0
179085046445339	15738	0
179085046445341	15737	0
179108872181017	5936	0
179108872181023	5935	0
179108872189209	5934	0
179108872189213	5933	0
179108932351773	5932	0
179108936152346	5931	0
179108936152347	5930	0
179108936152349	5929	0
179108937200923	5928	0
179108937200925	5927	0
179108937201435	5926	0
179108937201437	5925	0
179113114729245	5924	0
179113116817439	5923	0
179113116817695	5922	0
179113116825629	5921	0
179113116825885	5920	0
179113232168219	5919	0
179113232168221	5918	0
179113232168475	5917	0
179113232168477	5916	0
179113232234011	5915	0
179113232234013	5914	0
179114305713723	5913	0
179114305713725	5912	0
179114305779259	5911	0
179114305779261	5910	0
179117411784982	5909	0
179117411784991	5908	0
179117411793174	5907	0
179117411793181	5906	0
179117428562207	15735	0
179117428570397	15733	0
179117428627743	5905	0
179117428635933	5904	0
179117523990811	15731	0
179117523990813	15730	0
179118597536059	5903	0
179118597536061	5902	0
179118597601595	5901	0
179118597601597	5900	0
179118859876269	5899	0
179118859876715	5898	0
179118859876717	5897	0
179153226950939	17519	0
179153229047579	20099	0
179153765917979	17514	0
179153778981150	32259	0
179155259063070	28074	0
179155261405470	27777	0
179173376866590	5896	0
179173377914398	5895	0
179177591657753	5894	0
179177591661849	17511	0
179177592710425	17508	0
179177592710426	17507	0
179177655624986	17504	0
179177655624987	17503	0
179177656673563	17500	0
179177656674075	17497	0
179181837346842	17488	0
179181951640859	17483	0
179181951641115	17480	0
179181951706651	14871	0
179181964703774	27811	0
179181964704030	27807	0
179183025186363	37223	0
179183025251899	37214	4
179186131261718	5893	0
179186131265814	17477	0
179186132314390	17474	0
179186243463451	17467	0
179186258635038	27639	0
179186259670814	27799	0
179186259671326	27794	0
179186260719902	27653	0
179186260723998	27628	0
179187317008699	5892	0
179187317074235	36058	0
179187334449470	5891	0
179187334453566	36681	0
179187579349355	37441	0
179203307989782	20096	0
179203309009694	13182	0
179203309038358	20093	0
179203309038359	13178	0
179203325815575	15723	0
179203325881111	5890	0
179203337743126	15721	0
179204407290678	5889	0
179204407290706	13174	0
179204423871289	5888	0
179204692110185	36231	0
179254697662187	14862	0
179274058570607	5887	0
179274075347822	5886	0
179276071836647	5885	0
179282614951787	5884	0
179636949774827	5883	0
179641244741867	5882	0
179684401896871	5881	0
179684496276303	5880	0
179684496407327	5879	0
179684496407343	5878	0
179684513053518	5877	0
179684513184542	5876	0
179684513184558	5875	0
179684764842767	5874	0
179684764842799	5873	0
179684781619982	5872	0
179684781620014	5871	0
179688287919079	5870	0
179688287927118	5869	0
179688287927269	5868	0
179688288058158	31230	0
179688288058337	5867	0
179693052657483	5866	0
179693052788507	5865	0
179693052788523	5864	0
179693321223947	5863	0
179693321223979	5862	0
179754329345354	5861	0
179754329345446	5860	0
179754548931407	31222	0
179754565708622	31219	0
179758624312394	5859	0
179762916134730	5858	0
179767211101770	5857	0
179772025264407	29571	0
179772025264423	29569	0
179773753993543	15712	0
179773754001687	15710	0
179773754001703	15708	0
179773757925703	15706	0
179773757933847	15704	0
179773757933863	15702	0
179776320231687	38091	0
179776320231719	38001	10
179778048968967	35915	0
179778048968999	35900	0
179778052901127	38098	0
179778052901159	38001	10
179791889356617	27301	0
179791889357127	27298	0
179795127336777	26916	0
179795128166217	31207	0
179795128166727	31205	0
179795131530057	5856	0
179795132098887	31201	0
179795664207177	28388	0
179795666303817	5855	0
179825722686441	34461	0
179826098108743	35216	0
179826098239767	5854	0
179826098239783	5853	0
179826366675207	5852	0
179826366675239	5851	0
179827339622217	5850	0
179827339622727	5849	0
179827608058183	5848	0
179827608189223	31193	0
179827859786023	31189	0
179834688035143	35211	0
179834688166167	5847	0
179834688166183	5846	0
179834956601607	5845	0
179834956601639	5844	0
179835929548617	5843	0
179835929549127	5842	0
179836136663367	31185	0
179836197984583	5841	0
179836198115623	31182	0
179836405098823	31179	0
180047169507691	32734	0
180051464474731	37175	0
180066748365645	26912	0
180066748365647	5840	0
180066763069771	27294	0
180066765142861	27290	0
180066765142862	5839	0
180066765166411	27286	0
180070271581005	5838	0
180070271581007	5837	0
180070380022605	38184	6
180070380022607	38186	0
180070540016461	5836	0
180070540016462	5835	0
180070540016971	5834	0
180070648458061	31175	0
180070648458062	31173	0
180071060133707	27279	0
180075355231771	14424	0
180075355231787	27270	0
180075623667211	37666	0
180075623667243	37661	0
180079505365323	35206	0
180079505496347	14420	0
180079505496363	27264	0
180079773931787	38085	0
180079773931819	38001	9
180080746878794	27257	0
180080746878795	27256	0
180080746879307	27251	0
180080746879339	27249	0
180110803261771	5833	0
180110805358411	33443	0
180115350432078	5832	0
180115888980334	5831	0
180120183947374	5830	0
180135482542414	5829	0
180135484619598	5828	0
180135484619854	5827	0
180135484639054	5826	0
180139257416014	5825	0
180139257964878	31167	0
180139259493198	5824	0
180139259493454	5823	0
180139259512654	5822	0
180139367934798	31164	0
180139367935054	31161	0
180139779606350	5821	0
180143554479950	5820	0
180144074704414	5819	0
180144074704430	5818	0
180144343139854	5817	0
180144343139886	5816	0
180147849578030	31158	0
180148365346734	5815	0
180148366952734	15700	0
180148366952750	35198	0
180148635388174	15698	0
180148635388206	37994	0
180149702829902	31154	0
180149702830414	31150	0
180149702830446	31148	0
180152140220334	5814	0
180152141826350	35191	0
180152236190030	31143	0
180184558137707	5813	0
180184558137709	5812	0
180188853104747	5811	0
180188853104749	5810	0
180204151699787	5809	0
180204151699789	5808	0
180204153765707	5807	0
180204153765709	5806	0
180204153796427	5805	0
180204153796429	5804	0
180208448763723	5803	0
180208448763725	5802	0
180212743861787	5801	0
180212743861789	5800	0
180212743861803	5799	0
180212743861805	5798	0
180213012297227	5797	0
180213012297229	5796	0
180213012297259	5795	0
180213012297261	5794	0
180216940124495	35186	0
180216940132685	35181	0
180216940255519	5793	0
180216940255535	5792	0
180216940263709	5791	0
180216940263725	5790	0
180217034504109	5789	0
180217208690959	5788	0
180217208690991	5787	0
180217208699149	5786	0
180217208699181	5785	0
180218181637967	5784	0
180218181638479	5783	0
180218181638511	5782	0
180218181646157	5781	0
180218181646669	5780	0
180218181646701	5779	0
180252755831118	5778	0
180253277610347	32746	0
180257572577387	37209	0
180272871172427	28385	0
180272873269067	28380	0
180276160047438	31141	0
180276161575758	5777	0
180276270017358	38178	0
180277168236363	28373	0
180281463334427	14851	0
180281463334443	28365	0
180281731769867	37745	0
180281731769899	37740	0
180285772351774	38056	0
180285772351790	38053	0
180286040787214	38032	0
180286040787246	38001	10
180286902167370	28345	0
180287108228942	36959	0
180287108229454	36955	0
180287108229486	36953	0
180289043908910	35166	0
180289048570190	35163	0
180289138272590	38066	0
180289149094190	35154	0
180289149339950	38001	11
180302837377863	35151	0
180302837508887	5776	0
180302837508903	5775	0
180303105944327	5774	0
180303105944359	5773	0
180304076794697	5772	0
180304078891847	5771	0
180304347327303	5770	0
180304347458343	31137	0
180304615893857	5769	0
180373570263871	30152	0
180373587041086	24957	0
180382126645051	24952	0
180418031849305	5768	0
180418032644185	5767	0
180418036042585	5766	0
180418568719705	5765	0
180418570816345	5764	0
180418633730027	5763	0
180422928697067	5762	0
180427220519403	5761	0
180442020121439	5760	0
180442021170015	5759	0
180442036898654	5758	0
180442037947230	5757	0
180442289605471	5756	0
180442289605487	5755	0
180442289736511	5754	0
180442306382686	5753	0
180442306382702	5752	0
180442306513726	5751	0
180446331866202	5750	0
180450576502618	5749	0
180450576502619	5748	0
180450577551195	5747	0
180450845986651	5746	0
180450845986667	5745	0
180450846117691	5744	0
180853255015231	5743	0
180853255265087	5742	0
180853255269183	5741	0
180853271792446	5740	0
180853272042302	5739	0
180853272046398	5738	0
180857566759994	5737	0
180861811396410	5736	0
180861811396411	5735	0
180871536824665	22820	0
180871536826647	22817	0
180880082204983	5734	0
180881754904887	13164	0
180881758837047	13162	0
180926297430327	34443	0
180927136528720	5733	0
180934842997047	29500	0
180935726455120	5732	0
181146411585882	22813	0
181146411585883	22812	0
181146412634459	22808	0
181146681069915	22805	0
181146681069931	22803	0
181150976167995	11838	0
181155019488061	11835	0
181155025770811	11832	0
181155254307645	37853	0
181155254307647	5731	0
181155261700411	33675	0
181155271084861	37492	0
181155271084862	5730	0
181155271135291	35796	0
181157006760765	27057	0
181157006760767	27055	0
181157275196221	13157	0
181157275196222	13156	0
181170571826971	22797	0
181170840262411	22794	0
181171108501307	27244	0
181174866794011	22790	0
181175135229451	22784	0
181175386659645	36429	0
181175386659647	5729	0
181175403436861	27233	0
181175403436862	5728	0
181175403468347	27226	0
181179158616347	22779	0
181179427051787	22770	0
181179689326394	33663	0
181179689326395	33662	0
181179689326907	33657	0
181179695290683	27213	0
181209620110141	13151	0
181209620110307	13149	0
181215131058522	5727	0
181215131058526	5726	0
181215132107102	5725	0
181215400542558	5724	0
181215400542574	5723	0
181219426512990	5722	0
181219695640638	5721	0
181223981173054	5720	0
181223990561598	5719	0
181223990561854	5718	0
181223990607934	5717	0
181225884703038	13145	0
181225886435134	10815	0
181225994672958	13143	0
181225994673214	13141	0
181239291299614	5716	0
181239559735054	5715	0
181239819126590	5714	0
181239827973950	5713	0
181243586266654	5712	0
181243854702094	5711	0
181244114196542	5710	0
181244114196798	5709	0
181244122913598	5708	0
181244122913854	5707	0
181244122940990	5706	0
181247874025390	5705	0
181247878088990	5704	0
181247878576414	24944	0
181248146524430	5703	0
181248408799034	5702	0
181248408799038	5701	0
181248408799150	5700	0
181248408799550	5699	0
181248409164094	5698	0
181248409168190	5697	0
181248414763326	5696	0
181283800215898	5695	0
181283800215899	5694	0
181283800215901	5693	0
181283801264475	5692	0
181283801264477	5691	0
181284069699931	5690	0
181284069699933	5689	0
181284069699947	5688	0
181284069699949	5687	0
181288364798011	5686	0
181288364798013	5685	0
181292458441533	5684	0
181292460529983	5683	0
181292460538173	5682	0
181292650330427	5681	0
181292650330429	5680	0
181292659707707	5679	0
181292659707709	5678	0
181292659765307	5677	0
181292659765309	5676	0
181307960456987	5675	0
181307960456989	5674	0
181308228892427	5673	0
181308228892429	5672	0
181308488283965	5671	0
181308497131323	5670	0
181308497131325	5669	0
181312255424027	5668	0
181312255424029	5667	0
181312523859467	5666	0
181312523859469	5665	0
181312792059707	5664	0
181312792059709	5663	0
181312792098363	5662	0
181312792098365	5661	0
181316543182765	5660	0
181316547246363	5659	0
181316547246365	5658	0
181316815681803	5657	0
181316815681805	5656	0
181317077956410	5655	0
181317077956411	5654	0
181317077956413	5653	0
181317077956525	5652	0
181317077956923	5651	0
181317077956925	5650	0
181317083920699	5649	0
181317083920701	5648	0
181352519688538	23410	0
181352519688539	23409	0
181352520737115	23405	0
181352789172571	23402	0
181352789172587	23400	0
181356831912030	5647	0
181357084270651	12254	0
181361369803067	33871	0
181361379237947	36052	0
181362786785598	32567	0
181362896755518	29490	0
181376679929627	23395	0
181376948365067	23392	0
181377216603963	28337	0
181380974896667	23388	0
181381243332107	23382	0
181381511571003	28328	0
181381519595582	5646	0
181381519595838	5645	0
181385266719003	23377	0
181385283975454	37722	0
181385535154443	23368	0
181385797429050	33859	0
181385797429051	33858	0
181385797429563	33853	0
181385803393339	28315	0
181385814563134	5644	0
181385814567230	5643	0
181402893413176	5642	0
181402893413177	5641	0
181402893638462	13137	0
181402893639347	13133	0
181402893675318	5640	0
181402910190393	10813	0
181402910255929	5639	0
181403874749264	5638	0
181403875797840	5637	0
181404144233296	5636	0
181404144233312	5635	0
181404144364336	36141	0
181435939299145	25696	0
181435939905865	23055	0
181435943492425	5634	0
181436476169545	25838	0
181436478266185	5633	0
181450283735393	20493	0
181453017008993	32611	0
181453019105633	32329	0
181453023037793	32606	0
181453553748833	32600	0
181454578702689	33328	0
181457314072929	21659	0
181457314081089	21657	0
181457318005089	21655	0
181457318013249	21653	0
181472880552801	38439	0
181472880556897	5632	0
181472881232737	32318	0
181472881233249	32314	0
181472886082401	38373	10
181472887130977	28581	0
181472887131489	27607	0
181473075862383	38533	0
181473081826159	38527	0
181473092639598	24939	0
181473098603374	24937	0
181475028007905	5631	0
181475122486249	24934	0
181476204671305	5630	0
181477175524193	5629	0
181477175524449	5628	0
181477177620833	5627	0
181477182098273	29260	0
181477182098529	27601	0
181481470480225	5626	0
181481473920865	28575	0
181481638207339	24925	0
181484794597705	5625	0
181485765938785	32516	0
181485767547233	5624	0
181485768887905	28570	0
181485769935713	29254	0
181519270087522	5623	0
181540632267593	9770	0
181540633316169	5622	0
181540633316681	5621	0
181540633316682	5620	0
181540633316770	5619	0
181540727688015	5618	0
181540744465230	5617	0
181541801233263	5616	0
181541801298799	5615	0
181541818010478	5614	0
181541818076014	5613	0
181544924089929	5612	0
181544924090185	5611	0
181544924147785	5610	0
181544928283465	5609	0
181544928283721	5608	0
181544928283722	5607	0
181549219056969	5606	0
181549219057481	5605	0
181549220106057	5604	0
181549220106058	5603	0
181549284069195	5602	0
181550357614443	5601	0
181550357679979	5600	0
181553514024265	5599	0
181553514024521	5598	0
181553514074185	5597	0
181553515073097	5596	0
181553515073098	5595	0
181553516120905	5594	0
181587184270177	5593	0
181587184274273	5592	0
181587185817953	5591	0
181590422403937	5590	0
181590422408033	5589	0
181590424500577	5588	0
181590424504673	5587	0
181590428432737	5586	0
181590428436833	5585	0
181590959143777	5584	0
181590959147873	5583	0
181591480785249	5582	0
181594719467873	5581	0
181594719471969	5580	0
181594719480129	5579	0
181594723400033	5578	0
181594723404129	5577	0
181594723410833	5576	0
181594723412289	5575	0
181608547499425	5574	0
181610285951841	5573	0
181610285955937	5572	0
181610286627681	5571	0
181610286628193	5570	0
181610286631777	5569	0
181610286632289	5568	0
181610291477345	28426	0
181610291481441	38362	0
181610292525921	5567	0
181610292526433	5566	0
181610292530017	5565	0
181610292530529	5564	0
181610520525679	5563	0
181610520529775	5562	0
181610520775535	5561	0
181610520779631	36669	0
181610537302894	5560	0
181610537306990	5559	0
181610537552750	5558	0
181610537556846	36667	0
181612433406945	5557	0
181612433521633	5556	0
181614580923233	5555	0
181614580923489	5554	0
181614583019873	5553	0
181614587493217	5552	0
181614587493473	5551	0
181614587497313	5550	0
181614587497569	5549	0
181618875879265	5548	0
181618879315809	5547	0
181618879319905	5546	0
181619076906859	5545	0
181619076910955	5544	0
181619077156715	5543	0
181619077160811	36662	0
181623171333729	5542	0
181623171337825	5541	0
181623172946273	5540	0
181623174282849	5539	0
181623174286945	5538	0
181623175330657	5537	0
181623175334753	5536	0
181970243342665	22767	0
181982322940225	27208	0
181985561504065	5535	0
181985565436225	5534	0
181985578281280	5533	0
181985582213440	5532	0
182025826269505	5531	0
182034416195905	5530	0
182245008003401	25756	0
182245008003402	25755	0
182245008003403	25754	0
182245119152459	25748	0
182245974670189	32821	0
182245975346539	21646	0
182245980952939	32815	0
182245981244269	32808	0
182246168939373	38204	10
182246168939375	38249	0
182246185716589	38246	0
182246185716590	38243	0
182246192697707	22759	0
182246192763243	32800	0
182246192763499	32797	0
182250487730283	37262	0
182250487730795	38339	0
182254531726699	5529	0
182254537624429	8196	0
182254756776813	32181	0
182254756776815	5528	0
182254773554029	32230	0
182254773554030	5527	0
182259077403243	27203	0
182274378486379	27199	0
182274905921899	37257	0
182274915356779	37243	0
182277918182253	38204	10
182277918182255	38264	0
182277918428013	37569	0
182277918428015	37567	0
182278186617709	21642	0
182278186617710	21640	0
182278186618219	21636	0
182278186863469	31108	0
182278186863470	31106	0
182278186863979	31102	0
182279200889195	20486	0
182310398872429	21634	0
182310398872550	21632	0
182310398872939	21630	0
182310398873195	21628	0
182310399118189	31100	0
182310399118699	31097	0
182310399118955	31095	0
182313837879630	26091	0
182313838625102	5526	0
182314905193326	32982	0
182314905193582	32977	0
182314905323886	32970	0
182314906272110	5525	0
182314912170350	5524	0
182314912235886	5523	0
182314912236142	5522	0
182316936118702	5521	0
182319201239150	5520	0
182319207202926	5519	0
182319207203438	5518	0
182321231085742	5517	0
182323493030766	5516	0
182323493031022	5515	0
182323493061486	5514	0
182323493161326	5513	0
182325522908078	5512	0
182327788028526	5511	0
182327796875886	5510	0
182329817875118	5509	0
182343091046766	21624	0
182343097959022	24919	0
182343625394542	5508	0
182343634829422	36650	0
182346906094446	21621	0
182346906094702	21618	0
182346906340206	31092	0
182346906340462	31089	0
182347386014062	21616	0
182347655506190	5507	0
182347920361390	5506	0
182347920361838	5505	0
182347920795966	5504	0
182347920795982	5503	0
182348189231438	31084	0
182348190280014	36641	0
182382442762569	5502	0
182382442762575	5501	0
182382442770761	5500	0
182382442770765	5499	0
182382507782475	5498	0
182382507782477	5497	0
182383413623661	5496	0
182383415712111	5495	0
182383415720301	5494	0
182383574339437	37472	0
182383575429485	5493	0
182383581327723	5492	0
182383581327725	5491	0
182383581393259	5490	0
182383581393261	5489	0
182383581393515	5488	0
182383581393517	5487	0
182387870396525	5486	0
182387876360299	5485	0
182387876360301	5484	0
182387876360811	5483	0
182387876360813	5482	0
182392162176877	5481	0
182392162218861	5480	0
182396457185901	5479	0
182396466033259	5478	0
182396466033261	5477	0
182411767116395	24916	0
182411767116397	24914	0
182412294551915	5476	0
182412294551917	5475	0
182412303986795	36633	0
182412303986797	36626	0
182416589518765	5474	0
182416589519211	5473	0
182416589519213	5472	0
182451162239305	5471	0
182451162243401	25832	0
182451163291977	25828	0
182451163291978	25827	0
182451227255115	25822	0
182451243278670	26087	0
182452300800363	23362	0
182452300865899	36923	0
182452300866155	36920	0
182452310722926	33700	0
182456595832939	37291	0
182456595833451	38353	0
182460898560366	5470	0
182465185505899	28309	0
182480486589035	28305	0
182480496445806	29715	0
182481014024555	37286	0
182481023459435	37270	0
182483808177006	37119	0
182483808422766	37528	0
182483810273646	21612	0
182483810519406	31082	0
182484791413102	29710	0
182485060905230	5469	0
182485308991851	20822	0
182485326195006	5468	0
182485326195022	5467	0
182485594630478	31079	0
182485595679054	36622	0
182488071825742	5466	0
182488105240942	21610	0
182488105249102	21608	0
182488105486702	31077	0
182502156593929	5465	0
182502421752681	36245	0
182502421883705	5464	0
182502421883721	5463	0
182502565538625	5462	0
182502690319177	31072	0
182502691367753	36619	0
182503633185633	24911	0
182503639149409	24908	0
182503655861088	5461	0
182503655926624	24906	0
182503672400750	21606	0
182503672441699	5460	0
182503672646510	31066	0
182503672703840	31061	0
182503672703841	36614	0
182539643747153	5459	0
182540180486993	5458	0
182571788041055	5457	0
182571804818270	5456	0
182574539635681	5455	0
182580344422235	5454	0
182623078305906	36308	0
182625561283042	24106	0
182625561283058	24103	0
182625561284466	24099	0
182625561938258	18940	0
182625561956466	18937	0
182625565477314	5453	0
182625565477746	5452	0
182625565870418	18934	0
182625565888626	18931	0
182625565888658	18929	0
182625829718514	5451	0
182625830767090	5450	0
182626098153954	17451	0
182626098154866	17447	0
182626100251506	5449	0
182643274877922	5448	0
182643275926498	5447	0
182644553222482	5446	0
182644821657938	5445	0
182690992477041	5444	0
182694231095633	18926	0
182694235027793	18923	0
182708992965457	5443	0
182708992965969	5442	0
182709226863455	5441	0
182709243640670	5440	0
182711945034721	5439	0
182712467405137	18919	0
182713289537873	5438	0
182717783244635	5437	0
182721877671505	5436	0
182721879464273	5435	0
182763676576235	31045	0
183344891943259	32219	0
183360998070619	32213	0
183364544920413	5434	0
183364544920415	5433	0
183364813355869	5432	0
183364813355870	5431	0
183364813356379	5430	0
183377990113563	35350	0
183378712582459	35341	0
183378745088299	31039	0
183379013327195	27189	0
183409071782749	5429	0
183409071782885	5428	0
183409071783259	5427	0
183409071783515	5426	0
183413611415902	5425	0
183429717543262	5424	0
183433532832606	5423	0
183433532832862	5422	0
183447167129870	18917	0
183447432055102	5421	0
183447432419646	18915	0
183447971367262	31031	0
183482280573275	5420	0
183482280573277	5419	0
183498386700635	5418	0
183498386700637	5417	0
183515424872735	24886	0
183515424880925	24883	0
183516101212475	5416	0
183516101212477	5415	0
183516179847471	31027	0
183516179855661	31023	0
183516448086367	5414	0
183516448094557	5413	0
183551000045915	32381	0
183567106173275	32375	0
183570403895646	31021	0
183570434915166	5412	0
183570437441886	38001	13
183584572528910	36325	0
183584820685115	35445	0
183584837818686	29642	0
183585376766302	38001	12
183602345311070	5411	0
183635564434667	26564	0
183671299906367	24865	0
183671316683582	24862	0
183671562181487	31725	0
183671562247023	31720	0
183671578958702	24860	0
183671579024238	24858	0
183674084924387	24853	0
183679856287547	24843	0
183680118562667	24841	0
183712186567522	5410	0
183712188206946	5409	0
183712188664162	5408	0
183712188694626	5407	0
183712192400226	5406	0
183712192465762	5405	0
183712192596322	5404	0
183712192626786	5403	0
183712723307362	5402	0
183712725077346	5401	0
183712727173986	5400	0
183712727239522	5399	0
183739750943567	5398	0
183739767720782	5397	0
183740019379007	5396	0
183740036156222	5395	0
183740287617903	5394	0
183740304395118	5393	0
183742787554274	5392	0
183742787619810	18911	0
183742804397026	21597	0
183742804397027	5391	0
183742804405216	21594	0
183748303261602	5390	0
183748307324747	5389	0
183748575760187	5388	0
183748843999083	5387	0
183777617591137	5386	0
183777619399521	5385	0
183780855724897	5384	0
183780857364321	5383	0
183780857821537	5382	0
183780857840481	5381	0
183780861557601	5380	0
183780861623137	5379	0
183780861753697	5378	0
183780861772641	5377	0
183781392464737	5376	0
183781394234721	5375	0
183781396331361	5374	0
183781396396897	5373	0
183811452713953	18908	0
183811452714401	18905	0
183811452779489	18901	0
183811456777185	18898	0
183811523505123	15693	0
183811523873763	5372	0
183811523877859	36610	0
183813069665121	5371	0
183816217444257	18894	0
183821659591521	5370	0
183877498318244	31008	0
183877717470063	31004	0
183877717535599	31002	0
183877734247278	31000	0
183877734312814	30998	0
183886273851243	30980	0
183886273851300	30976	0
183901852414187	5369	0
183945104079647	24834	0
183945120856862	24830	0
183948895476711	5368	0
183948895730657	24826	0
183948912507872	24820	0
183948928900067	5367	0
183948928900071	5366	0
183948928904163	5365	0
183948929272803	30957	0
183953660460827	24812	0
183954188033955	5364	0
184444142408011	26451	0
184444673118571	5363	0
184444679082347	22741	0
184448705810491	26443	0
184448968085611	5362	0
184453023978347	16717	0
184453259907947	35325	0
184456222004251	34684	0
184512857817518	5361	0
184512861880654	5360	0
184513392591214	5359	0
184513392591278	5358	0
184513392656750	5357	0
184513392771438	5356	0
184513398554990	5355	0
184517425283134	5354	0
184517687558254	5353	0
184517687558318	5352	0
184517687623790	5351	0
184517687738478	5350	0
184521979380590	5349	0
184521979380654	5348	0
184521979446126	5347	0
184521979560814	5346	0
184524417319854	5345	0
184524937413294	5344	0
184524941476894	5343	0
184529229235630	5342	0
184533524202670	5341	0
184534058976430	5340	0
184581526974893	5339	0
184581531038027	5338	0
184581531038029	5337	0
184582061748587	5336	0
184582061748589	5335	0
184582061748653	5334	0
184582061814125	5333	0
184582067712363	5332	0
184582067712365	5331	0
184586094440507	5330	0
184586094440509	5329	0
184586356715627	5328	0
184586356715629	5327	0
184586356715693	5326	0
184586356781165	5325	0
184590458737519	5324	0
184590458745709	5323	0
184590648537963	5322	0
184590648537965	5321	0
184590648538029	5320	0
184590648603501	5319	0
184593606570669	5318	0
184593610634267	5317	0
184593610634269	5316	0
184597898393005	5315	0
184602193360045	5314	0
184602728133805	5313	0
184650250510667	26559	0
184650781221227	5312	0
184650787185003	23342	0
184650798170478	5311	0
184654813913147	26551	0
184655076188267	5310	0
184655093137518	5309	0
184659368010603	35429	0
184659384959854	5308	0
184662330106907	34809	0
184701119032067	5307	0
184701588794177	5306	0
184701874006832	37214	5
184702119504737	24804	0
184702119570273	24802	0
184702125402951	5305	0
184702142245728	5304	0
184702158826311	21586	0
184702158826339	5303	0
190232569189609	5302	0
190245351737313	21583	0
190245368502244	24791	0
190245385279459	24789	0
190245446096361	24785	0
190249646212833	5301	0
190249663469284	24783	0
190253938461153	21578	0
190253938526689	21575	0
190253955226084	24781	0
190253955291620	24779	0
190254002412005	24775	0
190254002477541	24773	0
190305548370919	5300	0
190309790845410	5299	0
190309790910946	5298	0
190309791893218	5297	0
190309791958754	5296	0
190309793007330	5295	0
190309793007586	5294	0
190309793034466	5293	0
190309794842338	5292	0
190310956926370	5289	0
190314087974882	5288	0
190314087974884	5287	0
190314104752098	21573	0
190314104752099	5286	0
190314104760288	21571	0
190314173367785	5285	0
190318382941922	18885	0
190318382941924	5284	0
190318382960866	18882	0
190322674698722	18877	0
190322674698724	15675	0
190322674764258	18873	0
190322674764260	15672	0
190322679547874	5283	0
190322679548386	5282	0
190322712971750	5280	0
190350594739170	5279	0
190350594785506	5278	0
190350596835810	5276	0
190378460002785	5275	0
190378460068321	5274	0
190378461050593	5273	0
190378461116129	5272	0
190378462164705	5271	0
190378462164961	5270	0
190378462180321	5269	0
190378462180577	5268	0
190378463999713	5267	0
190382757132257	5266	0
190382757136353	5265	0
190382823491555	5264	0
190382824228835	5263	0
190382824232931	36605	0
190387047839969	18871	0
190387047840225	18868	0
190387047905505	18866	0
190387047905761	18863	0
190387051611873	5262	0
190387052099297	18860	0
190391342807009	18853	0
190391342807521	18849	0
190391342872481	18847	0
190391342872545	18844	0
190391342873057	18840	0
190391343856097	18837	0
190391343860193	15667	0
190391343921633	18834	0
190391343925729	15663	0
190391415499235	15660	0
190391432264166	18831	0
190391449041381	18828	0
190417470962145	18826	0
190419259964385	18824	0
190419259999201	18822	0
190419260094945	18820	0
190419260160481	18818	0
190419263931361	5261	0
190425790706148	13127	0
190425790706404	13125	0
190425792457188	5260	0
190425807471079	15656	0
190451476604900	30942	0
190451476613089	5259	0
190451476613090	30940	0
190451493390304	5258	0
190451493390306	36601	0
190451601384937	30936	0
190455771571940	30933	0
190455845955812	30931	0
190455845956068	30929	0
190455846021348	30927	0
190455846021604	30925	0
190455854711524	5257	0
190457388476324	30919	0
190460063328740	30916	0
190460063336929	15645	0
190460063336930	30912	0
190460063394276	30910	0
190460063402465	15641	0
190460063402466	30907	0
190460080114144	37964	0
190460080114146	37887	0
190460080179680	37883	0
190460080179682	37881	0
190460140923364	30901	0
190460140923366	30900	0
190460140988900	30897	0
190460140988902	30896	0
190460157700580	30892	0
190460157700581	30891	0
190460157708770	30886	0
190460157766116	30883	0
190460157766117	30882	0
190460157774306	30879	0
190486188684004	13123	0
190487444793828	30877	0
190487444859364	30875	0
190487446956004	30873	0
190487448725988	30871	0
190494457682403	13121	0
190494457747939	13119	0
190498821910757	10806	0
190498821910759	5256	0
190498823745765	5255	0
190498857169129	5253	0
190524491052769	24766	0
190524507829984	24760	0
190524523830243	5251	0
190524523857379	5249	0
190524523857635	5247	0
190524524594659	30858	0
190524524594915	30853	0
190524525926627	5246	0
190524525926883	5244	0
190524862380309	24755	0
190524862445845	24751	0
190524866378005	24747	0
190524866443541	24744	0
190528820894179	5242	0
190528820898275	5240	0
190528877177317	30851	0
190528877181413	30849	0
190528877242853	30847	0
190528877246949	30845	0
190528878229989	36581	0
190528878295525	36578	0
190528887994853	24738	0
190555468946403	13117	0
190556736112099	5239	0
190556736849379	30842	0
190560065053092	26079	0
190563255667686	32960	0
190563255698662	32954	0
190563281494505	26074	0
190567489954020	10802	0
190567490019556	10799	0
190567491068132	10797	0
190567491072228	5238	0
190571843505126	5236	0
190571843535846	5234	0
190571843536102	5232	0
190571860485097	10788	0
190593531537684	38494	12
190593531603220	24734	0
190593535535380	24730	0
190593535600916	24727	0
190597523794400	5230	0
190597540366822	21565	0
190597540375011	5228	0
190597540375012	21562	0
190597546338786	30835	0
190597546338788	30831	0
190597546404322	30829	0
190597546404324	30827	0
190597557152228	24723	0
190597557217764	5227	0
190623653645286	32948	0
190623653676262	32944	0
190624188450022	5226	0
190625422165222	5225	0
190625455557606	21560	0
190625457654246	37318	0
190631932340197	21557	0
190631932359139	5224	0
190631932359141	21555	0
190631993102823	18816	0
190631993168295	18814	0
190631993168359	18812	0
190631993168361	18811	0
190636210540775	18809	0
190636210548964	5223	0
190636210548965	18804	0
190636227326179	5222	0
190636227326181	5220	0
190636288069863	18798	0
190636288135335	18794	0
190636288135399	18789	0
190636288135401	18786	0
190640455185381	5219	0
190640512681957	5218	0
190640522266597	5217	0
190640522293477	5216	0
190640522293733	5215	0
190640864121511	5213	0
190644750152929	5212	0
190644766930144	5211	0
190644874859239	5210	0
190644874924711	5209	0
190644874924775	5208	0
190644874924777	5207	0
190644885672679	5206	0
190644885672681	5205	0
190692329683941	5204	0
190692329703397	5203	0
190693336316901	5202	0
190693336336357	5201	0
190700670124518	5200	0
190706496603046	5197	0
190709533278886	5195	0
190713543901926	5194	0
190713544016614	5193	0
190713544082086	5192	0
190713544082150	5191	0
190713554830054	5190	0
190769389597161	26364	0
190769397451239	21550	0
190769397516775	21547	0
190777889944553	13113	0
190777985288679	15618	0
190777985354215	15615	0
190782263554793	13109	0
190782274302697	34431	0
190786575215079	30825	0
190786575280615	30823	0
190786577304039	30817	0
190786577369575	30814	0
190790780482793	5189	0
190829795428839	21545	0
190829795494375	21543	0
190830329776615	5188	0
190831307467239	30812	0
190831307532775	30810	0
190831347894759	30805	0
191350032357873	5186	0
191368043371369	24720	0
191368485206881	5185	0
191368485882721	21538	0
191368519424867	24712	0
191436198710087	15603	0
191436952636242	18778	0
191436953684818	18774	0
191437221465074	5183	0
191437221523666	5181	0
191437222120274	18771	0
191437222120290	18768	0
191437238897506	21533	0
191437238897507	15598	0
191437238905696	21530	0
191482621148145	18764	0
191486934440433	5179	0
191487902742993	5177	0
191487902742995	5175	0
191505085987665	13105	0
191505621793617	18761	0
191505622842193	18757	0
191505886690289	18754	0
191505886737329	18752	0
191505886737361	18749	0
191505887082961	18746	0
191505887083393	18743	0
191505890605921	5174	0
191505890669521	5173	0
191505891277649	18740	0
191505891277665	18737	0
191505891281761	15592	0
191505957452643	15590	0
191505958374243	15587	0
191505958378339	36557	0
191572815606484	13102	0
191572815608596	13099	0
191572832373527	15580	0
191573084044036	13096	0
191573100808967	15578	0
191574071781844	30801	0
191574073878484	30799	0
191574198659945	30794	0
191574610758497	15572	0
191574610758498	30784	0
191574627535712	37869	0
191574627535714	37864	0
191624373262837	5172	0
191624374073621	24708	0
191624375122197	24704	0
191624899197395	5170	0
191624899197397	5169	0
191624910002675	5167	0
191624910002677	5166	0
191641551846165	24701	0
191641551846167	24700	0
191642095672307	13093	0
191643330231137	24696	0
191643347008352	24690	0
191643362850259	5164	0
191643362851683	5163	0
191643363771859	30774	0
191643363773283	30765	0
191660543527926	38204	11
191669099908086	5161	0
191693043230996	24686	0
191693044279572	24682	0
191710219954964	26067	0
191710221003540	26062	0
191710221007636	24677	0
191710280371190	38204	10
191710280414390	38235	0
191710280414422	38229	0
191710815188150	5160	0
191710815188182	5158	0
191710815189814	5157	0
191710832323385	10777	0
191712048903382	5156	0
191712049711910	30756	0
191712082283510	21521	0
191712083266310	36542	0
191778940476183	24674	0
191778940484372	24671	0
191778940484373	24669	0
191778956409845	5154	0
191778956441557	5153	0
191778957261589	24666	0
191778957261605	24663	0
191779225697027	5151	0
191779225697029	21514	0
191779225697061	38545	0
191779286506247	18730	0
191779286506249	18726	0
191779551796023	18721	0
191779551796025	18717	0
191779695459109	30752	0
191779695459137	5149	0
191779963042805	5147	0
191779963074517	5146	0
191779963894565	30748	0
191779980671792	24657	0
191848220588854	18715	0
191848220953398	18710	0
191866435066359	5144	0
191874984573399	5141	0
191882062461399	5139	0
191916422416855	21509	0
191916940426041	18705	0
191916956514775	5137	0
191917130218281	34424	0
191917934455255	30741	0
192431055574249	5136	0
192445885060667	24653	0
192450176883003	24650	0
192450442172779	24647	0
192452424845793	34966	0
192452441610724	31398	0
192452488796645	38567	0
192467996830561	5135	0
192502524937067	5134	0
192508277230050	5133	0
192508278277858	5132	0
192508281226978	5131	0
192510041130827	5130	0
192512659752425	5129	0
192514604533307	5127	0
192518626871202	5126	0
192518896355643	5124	0
192521161083362	36816	0
192521161083364	36804	0
192521165932514	5123	0
192521165933026	5122	0
192521199356390	5121	0
192536733092834	5120	0
192541028060130	5119	0
192541030156770	5117	0
192576946387425	5116	0
192576947435233	5115	0
192576950384353	5114	0
192585534224609	34114	0
192585534224865	34109	0
192586541053857	18701	0
192589829191649	34103	0
192589829192161	34096	0
192589830240737	33309	0
192589830244833	38589	0
192589901883875	15565	0
192589918648806	18699	0
192589935426021	18697	0
192605398318049	18695	0
192605398361009	18693	0
192605402229601	5113	0
192605469076323	15561	0
192607904283105	34079	0
192609693285345	29211	0
192622784037227	32430	0
192624278841828	5112	0
192646674794267	5111	0
192646943229707	5110	0
192654332340452	30737	0
192654332340708	37514	0
192655261583643	28870	0
192655530019083	36150	0
192656597460900	30734	0
192656597461355	30732	0
192658549713380	33289	0
192658549721569	36041	0
192658549721570	36038	0
192658566498784	37937	0
192658566498786	37892	11
192658627308004	36769	0
192658627308006	36768	0
192658644085220	30726	0
192658644085221	30725	0
192658644093410	30720	0
192677882046948	30717	0
192692944067043	32562	0
192695798476907	5109	0
192697310130405	5108	0
192697343553769	5107	0
192719689233947	24643	0
192723010214883	5105	0
192723012311267	5104	0
192723012311523	5103	0
192723885635861	24640	0
192727307278819	5102	0
192727307282915	5101	0
192727363561957	30713	0
192727363566053	30711	0
192727364614629	36525	0
192727374379493	24637	0
192741607300067	13090	0
192742874475363	5100	0
192745902267363	13088	0
192761742052326	32930	0
192761767879145	37631	0
192765976338660	10774	0
192770329889766	5098	0
192792554793236	24634	0
192793231124795	5097	0
192796010179040	5096	0
192796026751462	21505	0
192796026759651	5095	0
192796026759652	21503	0
192796032723426	36759	0
192796032723428	37396	0
192796043536868	24632	0
192796043602404	5094	0
192809791998950	32925	0
192809792038070	32920	0
192810326811830	5093	0
192810326813494	5092	0
192811593911270	21501	0
192814086966246	32915	0
192815888878566	21499	0
192815890975206	37313	0
192827868737867	5091	0
192830479487463	38136	0
192832432140347	5090	0
192834774454503	38113	0
192839948334107	5089	0
192843361243879	5088	0
192843372057319	5087	0
192843372057321	5086	0
192878468037605	5085	0
192879474670565	5084	0
192882763004901	5083	0
192883769637861	5082	0
192897118798246	5081	0
192899156509158	5080	0
192901413765286	5078	0
192905705587622	5076	0
192912030401254	5075	0
192912041214694	5074	0
192947732212534	18690	0
192967875981801	26359	0
192967883835879	29686	0
192976471673319	38489	0
192980760687337	34415	0
192985061599719	38080	0
192985063688679	38001	12
192989266867433	5073	0
193021781215719	38001	12
193762714286836	13084	0
193762731051767	15553	0
193762747828982	15551	0
193762748082928	5072	0
193777532284000	10770	0
193778281479284	24989	0
193778287254644	35392	0
193778287258736	35388	0
193778287258740	35387	0
193778449460336	5071	0
193819755632668	5070	0
193828342422044	13075	0
193828359002655	35160	0
193845446466583	13067	0
193895822617844	5069	0
193895824714228	5068	0
193895824714484	5067	0
193900119681780	5066	0
193900119685876	5065	0
193900177017584	21494	0
193900177017590	21493	0
193900186782454	21491	0
193900445453024	21489	0
193900445453030	21488	0
193914165947412	10765	0
193914165947440	10763	0
193914434382868	26052	0
193915424218244	24626	0
193915611925632	21486	0
193915686878324	5064	0
193915692652228	24624	0
193915692653684	24622	0
193915880361072	21484	0
193965819460126	5063	0
193966087699022	5062	0
193966356134462	5061	0
193968839154423	18685	0
193968839162612	5060	0
193968839162613	18683	0
193968855939829	21481	0
193968856005365	5059	0
193982885420055	33087	0
193982885420080	33085	0
193982885420087	33084	0
193982901812250	34761	0
193983170051146	25624	0
193983422274615	24620	0
193983438486586	25617	0
193984406314231	18681	0
193984412146711	24618	0
193984600872391	24616	0
193984607640631	21479	0
193987193634586	34906	0
193987461873482	25610	0
193987730308922	25607	0
193988701281527	18676	0
193988703378167	23471	0
193991488601626	34900	0
193991756840522	25604	0
193992025275962	25601	0
194016184460280	5058	0
194016184460282	5057	0
194051716779056	5056	0
194051889523784	26756	0
194051889523786	26755	0
194051984944200	26752	0
194052253387830	5055	0
194052515043526	24614	0
194052521823286	21477	0
194052521954326	5054	0
194056181346120	26745	0
194056181346122	26744	0
194060200209944	32880	0
194060476313160	26741	0
194060476313162	26740	0
194084853617655	5053	0
194120274050068	22527	0
194120274050096	18671	0
194120290442263	5052	0
194120558681159	26736	0
194120965061712	13057	0
194124582264599	5051	0
194124850503495	26733	0
194128877231639	5050	0
194129145470535	26730	0
194153573090298	26043	0
194157876091640	38001	3
194158144527080	24609	0
194189009914906	34799	0
194189278153802	26727	0
194189688147002	26034	0
194193301737242	34938	0
194193569976138	26723	0
194194593618680	38001	3
194197596704282	34932	0
194197864943178	26720	0
194418395728926	21865	0
194420155247646	27760	0
194422421200014	5049	0
194422694616142	5048	0
194426985651262	5047	0
194428717337662	26026	0
194431277472878	24605	0
194431277472894	24603	0
194432961973358	5046	0
194433039080558	24601	0
194434237041742	5045	0
194434237041758	5044	0
194437256940638	5043	0
194442826968142	26715	0
194445846862974	18664	0
194445847108734	24599	0
194515433224726	15538	0
194515967998544	13053	0
194575604180506	5042	0
194576140854842	5041	0
194584143784471	5040	0
194584160627248	5039	0
194584412023367	26703	0
194584697236022	5038	0
194585166998132	5037	0
194922422482682	5036	0
194926665022709	5035	0
194926667119093	5034	0
194926667119349	5033	0
194928965597822	5032	0
194930962086645	5031	0
194930962086647	5030	0
194930978863861	13051	0
194930978863862	5029	0
194930978871855	13049	0
194930978872051	13047	0
194930979002895	13045	0
194931247307310	13042	0
194931247438350	13040	0
194946047949946	9020	0
194946680249383	13034	0
194946680249459	13032	0
194946680380423	13030	0
194950339772282	9017	0
194954634739322	9015	0
194992549197356	5028	0
194992549197612	5027	0
194992550118956	5026	0
194992550119212	5025	0
194992582716462	5024	0
194992584812846	5023	0
194992584813102	5022	0
194996745595430	5021	0
194996745599526	5020	0
194996746521126	5019	0
194996746648102	5018	0
194996748737062	5017	0
194996749470246	5016	0
194996879780398	5015	0
194996879784494	5014	0
194999698340598	5013	0
194999698344486	21474	0
194999698344495	21473	0
194999698344694	21471	0
194999698524918	5012	0
194999966779942	21469	0
194999966779950	21468	0
194999967828518	21466	0
195013923372070	9013	0
195013923372072	5011	0
195013928590374	9011	0
195013929143334	5010	0
195013929208870	9009	0
195013945355305	10759	0
195013945355306	10758	0
195013945986086	10756	0
195013945986087	5009	0
195013946010628	10754	0
195013962132520	10751	0
195013962132522	10750	0
195013962136618	9006	0
195013962566698	5008	0
195014055455786	10747	0
195014057552936	10744	0
195014057561126	10742	0
195015130237990	21464	0
195015131286566	21462	0
195015131286568	21461	0
195015399722022	21459	0
195015399722023	21458	0
195018220412710	9000	0
195018220965670	5007	0
195018237177641	10740	0
195018237177642	10739	0
195018253954856	10737	0
195018253954858	10736	0
195018253958954	8997	0
195018254389034	5006	0
195022515379750	8995	0
195022515932710	5005	0
195022532144681	10734	0
195022532144682	10733	0
195022548921896	10731	0
195022548921898	10730	0
195022548925994	8992	0
195022549356074	5004	0
195022611835436	10728	0
195041136014631	5003	0
195041136014636	5002	0
195041136936231	5001	0
195041136936236	5000	0
195041169529895	4999	0
195041169529902	4998	0
195041169560871	4997	0
195041170359591	4996	0
195041171626535	19059	0
195041171626542	4995	0
195042681582842	8990	0
195042934916391	4994	0
195065599261221	4993	0
195065599261230	4992	0
195065599261262	4991	0
195065867696677	20468	0
195065867696686	4990	0
195065867696702	4989	0
195065867827717	20465	0
195065867827726	4988	0
195068367501861	36177	0
195068367501871	36176	0
195068367502067	4987	0
195068367502069	21455	0
195068367632901	4986	0
195068367632911	4985	0
195068367633141	4984	0
195068635937317	21453	0
195068635937326	21452	0
195068636068357	4983	0
195068636068366	4982	0
195068636985893	21450	0
195068637116933	4981	0
195082665461031	4980	0
195082665461186	4979	0
195082665461191	4978	0
195082665462821	4977	0
195082665462823	4976	0
195082665462855	4975	0
195082681613349	8988	0
195082681613354	8987	0
195082681613386	8985	0
195082775985189	8983	0
195082777033765	8980	0
195082777037861	4974	0
195082933898277	4973	0
195082933898279	4972	0
195082933898295	4971	0
195082950048805	22183	0
195082950048810	22182	0
195082950048826	8977	0
195082950179845	22179	0
195082950179850	22178	0
195083044420645	22175	0
195083044551685	22172	0
195083045469221	22169	0
195083045473317	4970	0
195083045600261	22166	0
195083045604357	4969	0
195083934694437	21448	0
195083934694439	21447	0
195083934825477	4968	0
195083934825479	4967	0
195083940531237	37710	0
195083940531239	37706	0
195083940539397	37697	0
195083940539399	37692	0
195084112496071	18660	0
195084112518151	18658	0
195084119198759	21445	0
195084119202855	21443	0
195084119202871	21441	0
195084119333895	18654	0
195084119444519	4966	0
195086973435685	8973	0
195086973435690	8972	0
195086973435722	8970	0
195087241871141	22163	0
195087241871146	22162	0
195087241871162	8968	0
195087242002181	22159	0
195087242002186	22158	0
195091253298471	4965	0
195091268402725	8966	0
195091268402730	8965	0
195091268402762	8963	0
195091333416236	4964	0
195091536838181	22155	0
195091536838186	22154	0
195091536838202	8961	0
195091536969221	22151	0
195091536969226	22150	0
195111331859494	4963	0
195111331859503	4962	0
195111331859702	4961	0
195111600294950	4960	0
195111600294958	4959	0
195111600295206	4958	0
195111601113126	4957	0
195111604062246	4956	0
195115696022520	4955	0
195115696022522	4954	0
195151401085992	15536	0
195151401085994	15535	0
195151401086024	15533	0
195151401086026	15532	0
195151401389096	4953	0
195151401389098	4952	0
195151496506408	15530	0
195151496506440	15528	0
195151496514597	4951	0
195151496514598	15525	0
195151496809512	4950	0
195151764950053	4949	0
195151764950054	4948	0
195151764950070	4947	0
195151765081093	4946	0
195151765081094	4945	0
195152026667206	4944	0
195152033385510	21439	0
195152033385526	21437	0
195152033516550	4943	0
195152033582086	4942	0
195155692908328	15521	0
195155692908330	15520	0
195155692908360	15518	0
195155692908362	15517	0
195155693211432	4941	0
195155693211434	4940	0
195159987875368	15515	0
195159987875370	15514	0
195159987875400	15512	0
195159987875402	15511	0
195159988178472	4939	0
195159988178474	4938	0
195160052892972	15509	0
195160053188652	4937	0
195180053428783	13027	0
195180321864238	13024	0
195184365179895	4936	0
195220070243365	4935	0
195220070243367	15507	0
195220070243399	15505	0
195220070861861	4934	0
195220070861863	15503	0
195220070861895	15501	0
195220210744361	13020	0
195220210744362	13019	0
195220210752551	13017	0
195220211369922	13014	0
195220211371047	13012	0
195221015636999	21434	0
195224362065701	4933	0
195224362065703	15499	0
195224362065735	15497	0
195228657032741	4932	0
195228657032743	15495	0
195228657032775	15493	0
195228767124012	13008	0
195247020767784	4931	0
195247020767788	4930	0
195247021689384	4929	0
195247021689388	4928	0
195247038269992	4927	0
195247038269999	4926	0
195247054314024	4925	0
195247055047208	4924	0
195247055112744	4923	0
195248772905519	13005	0
195248773335599	4922	0
195248806451752	36700	0
195248806451759	36691	0
195248806451960	13002	0
195249041340974	13000	0
195249041771054	4921	0
195249074887208	17170	0
195249074887214	17169	0
195249075935784	12997	0
195253084652538	10726	0
195257387715320	4920	0
195257396378360	4919	0
195257656150760	4918	0
195258872792362	16710	0
195258872792366	4917	0
195288789716005	20083	0
195288789716010	20082	0
195288789716042	15490	0
195288806787624	4916	0
195288806788136	4915	0
195288806788138	4914	0
195288930221098	12994	0
195288930225194	12992	0
195288931273770	20079	0
195289199709226	22400	0
195289199709242	10722	0
195289199840266	22397	0
195289464999018	10720	0
195293081538341	20076	0
195293081538346	20075	0
195293081538378	15486	0
195293098609192	4913	0
195293098609394	4912	0
195293098609400	4911	0
195293098610472	4910	0
195293098610474	4909	0
195297376505381	20072	0
195297376505386	20071	0
195297376505418	15483	0
195297393576488	4908	0
195297393577512	4907	0
195297393577514	4906	0
195297394625064	4905	0
195297486600748	12990	0
195521932758062	4904	0
195521932823598	4903	0
195521932823694	4902	0
195522038135846	4901	0
195522038135847	12988	0
195522039057446	4900	0
195522039057447	12985	0
195522201259047	35988	0
195522201259054	35982	0
195522202307630	4899	0
195522205867047	12982	0
195522205867054	12981	0
195522205867134	12979	0
195522206239790	4898	0
195522206239822	4897	0
195523916102702	12977	0
195523917151278	12975	0
195523917155366	10716	0
195523917155374	12973	0
195523917581358	4896	0
195523933932581	10714	0
195523933932590	10713	0
195523933932622	10711	0
195523950697512	12971	0
195523950697518	16063	0
195523962866727	19382	0
195523962866734	19381	0
195523979017258	12969	0
195523979017262	12968	0
195526497274926	4895	0
195526497274942	4894	0
195526497283086	4893	0
195528228899886	10708	0
195528228899902	10706	0
195530789096558	4892	0
195530789096574	4891	0
195530795793518	4890	0
195530795793534	4889	0
195532550704238	4888	0
195533748602156	4887	0
195533748602158	4886	0
195533748603950	4885	0
195533748603982	4884	0
195533748603998	4883	0
195536785280046	21432	0
195536785411086	4882	0
195536846728206	21430	0
195537937693738	4881	0
195537938615338	4880	0
195538038332462	4879	0
195538038949934	4878	0
195538038950958	4877	0
195538038951042	4876	0
195538038951054	4875	0
195542187572261	4874	0
195542188493861	4873	0
195542338530350	15477	0
195542338530382	15475	0
195542338832172	4872	0
195542338832174	4871	0
195542338833454	4870	0
195542338833522	4869	0
195542338833534	4868	0
195542875573358	4867	0
195542875573374	4866	0
195545375206446	21428	0
195545375337486	15472	0
195545391971454	18652	0
195545392155774	4865	0
195545408752686	21426	0
195545408998446	4864	0
195546628258348	12966	0
195546628258350	12965	0
195546628258862	12963	0
195590757612582	4863	0
195590757612583	12961	0
195606657170474	4862	0
195610907048997	4861	0
195659009418362	16060	0
195659479181862	4860	0
195659479181863	17582	0
195671072236841	4859	0
195671072236842	4858	0
195671089014056	4857	0
195671089014058	4856	0
195671154001196	4855	0
195671154001198	4854	0
195675383981354	4853	0
195675383981610	4852	0
195675444348974	4851	0
195675652417066	4850	0
195675652417082	4849	0
195675652548106	4848	0
195679628618021	4847	0
195679628618277	4846	0
195679744231212	4845	0
195679744231214	4844	0
195683923585573	4843	0
195683923585575	15463	0
195683923585607	15461	0
195683940362789	12958	0
195683940362790	15459	0
195683940633134	4842	0
195684033657388	12954	0
195684033657390	12953	0
195684208798245	22521	0
195684208798246	4841	0
195684208798262	4840	0
195684208929285	37079	0
195684208929286	4839	0
196059043460636	4838	0
196059044197916	4837	0
196091255715356	4836	0
196091255715612	4835	0
196091256452636	4834	0
196091256452892	4833	0
196091256456988	4832	0
196091289234462	4831	0
196091291330846	4830	0
196091291331102	4829	0
196095452113430	4828	0
196095452117526	4827	0
196095452854806	4826	0
196095452858902	4825	0
196095453166102	4824	0
196095455255062	4823	0
196095455803926	4822	0
196095455808022	4821	0
196095586298398	4820	0
196095586302494	4819	0
196099198171894	4818	0
196099198175986	4817	0
196099198175990	4816	0
196099209968374	4815	0
196099209972470	4814	0
196099210038006	4813	0
196099210152694	4812	0
196099466607334	4811	0
196099466611426	4810	0
196099466611430	4809	0
196112629890070	8956	0
196112629890072	4808	0
196112635108374	8954	0
196112635477014	4807	0
196112635481110	4806	0
196112635542550	8952	0
196112635546646	8950	0
196112651873305	10704	0
196112651873306	10703	0
196112652319766	10701	0
196112652319767	4805	0
196112652323862	10699	0
196112652323863	4804	0
196112652332052	10697	0
196112668650520	10694	0
196112668650522	10693	0
196112668654618	8947	0
196112668900378	4803	0
196112668904474	4802	0
196112761973786	10690	0
196112764070936	10687	0
196112764079126	10685	0
196114633084034	4801	0
196114901519474	4800	0
196116926930710	8941	0
196116927299350	4799	0
196116927303446	4798	0
196116943695641	10683	0
196116943695642	10682	0
196116960472856	10680	0
196116960472858	10679	0
196116960476954	8938	0
196116960722714	4797	0
196116960726810	4796	0
196121221897750	8936	0
196121222266390	4795	0
196121222270486	4794	0
196121238662681	10677	0
196121238662682	10676	0
196121255439896	10674	0
196121255439898	10673	0
196121255443994	8933	0
196121255689754	4793	0
196121255693850	4792	0
196121318353436	10671	0
196127762937111	4791	0
196127762937116	4790	0
196127796483351	4789	0
196164305779230	4788	0
196164305844766	4787	0
196165334170172	4786	0
196165350750783	4785	0
196165379324478	4784	0
196165379390014	4783	0
196181371796501	33073	0
196181371796503	33069	0
196181371800599	4782	0
196181371804695	33062	0
196181371804727	33057	0
196181388131354	8931	0
196181388196890	8929	0
196182429858871	4781	0
196182445526071	4780	0
196182445530167	38204	1
196182461676602	8923	0
196182461742138	37161	0
196183621000247	18650	0
196183630830647	18648	0
196183630896183	38204	2
196185679953690	8918	0
196185680019226	8916	0
196186753498938	8914	0
196186753564474	37147	0
196189974920730	8912	0
196189974986266	8910	0
196190039934236	4779	0
196191048465978	8907	0
196191048531514	37144	0
196195677108246	16707	0
196195677108252	16706	0
196195710635030	16703	0
196195710635038	4778	0
196195710654486	16700	0
196197958781974	4777	0
196197958781983	4776	0
196197958782198	4775	0
196198227217430	4774	0
196198227217438	4773	0
196198227217686	4772	0
196198227851286	18646	0
196198230800406	18644	0
196211515557148	4771	0
196250035260438	4770	0
196250035260447	4769	0
196250035260662	4768	0
196250035260950	4767	0
196250035261206	4766	0
196250035288086	4765	0
196250035289110	4764	0
196250035289112	4763	0
196250040503318	4762	0
196250040503322	4761	0
196250040507414	4760	0
196250040876054	18642	0
196250040940566	18640	0
196250040940737	18638	0
196250040940742	18637	0
196250040941590	18635	0
196250107603992	15455	0
196250107603994	15454	0
196250203024408	15450	0
196250203032598	15447	0
196251276577846	4759	0
196251276643382	4758	0
196251545013302	4757	0
196251545078838	4756	0
196251545209862	36520	0
196251545209878	36517	0
196254330227734	4755	0
196254330227958	4754	0
196254330227990	4753	0
196254330228502	4752	0
196254330228508	4751	0
196254332325654	4750	0
196254332325658	4749	0
196254332329750	4748	0
196254332698390	18633	0
196254399426328	15444	0
196254399426330	15443	0
196258625195030	4747	0
196258625195286	4746	0
196258625195542	4745	0
196258625195548	4744	0
196258625214486	4743	0
196258627292694	4742	0
196258627292698	4741	0
196258627296790	4740	0
196258627665430	18631	0
196258628778006	18629	0
196258686594584	15441	0
196258694393368	15439	0
196258694393370	15438	0
196258759410972	15436	0
196266680351263	12950	0
196266948786718	12947	0
196318759975961	12943	0
196318759975962	12942	0
196318759984150	4739	0
196318759984151	12940	0
196318760418326	18627	0
196318760418327	18626	0
196318760434708	12937	0
196318776761367	15434	0
196318776826903	4738	0
196318777195541	18622	0
196318777195543	18621	0
196318777199639	15431	0
196318917703617	18618	0
196318917704727	18616	0
196319986220114	12928	0
196323051798297	12924	0
196323051798298	12923	0
196323051806486	4737	0
196323051806487	12921	0
196323068583703	15427	0
196323068649239	4736	0
196327346765337	12918	0
196327346765338	12917	0
196327346773526	4735	0
196327346773527	12915	0
196327363550743	15425	0
196327363616279	4734	0
196333648427544	18611	0
196333648427548	18610	0
196333665008152	37340	13
196333665008159	37341	0
196333681785368	18608	0
196333681850904	18606	0
196335399827999	12911	0
196335400073759	18604	0
196335668263454	12908	0
196335668509214	18601	0
196353150892568	4733	0
196353153841688	4732	0
196356896209656	4731	0
196356908006136	4730	0
196357164645096	4729	0
196357579310362	16697	0
196357579310366	4728	0
196387479452698	12904	0
196387479456790	20068	0
196387479456794	20067	0
196387479698458	18597	0
196387496234010	20064	0
196387496299546	10669	0
196387637791770	20061	0
196388711337018	10667	0
196388711402554	38204	0
196388973677674	20058	0
196391771275034	12899	0
196391771279126	20055	0
196391771279130	20054	0
196391771519729	18594	0
196391771520794	18592	0
196391788056346	20051	0
196391788121882	10665	0
196396066242074	12895	0
196396066246166	20048	0
196396066246170	20047	0
196396066487834	18589	0
196396083023386	20044	0
196396083088922	10663	0
196608024353822	19729	0
196608027495446	20041	0
196608027495454	20040	0
196608027495534	20038	0
196608559496222	18586	0
196608559561758	18584	0
196608559561870	18582	0
196608665058326	4727	0
196608665058327	12891	0
196608665795606	18580	0
196608665795607	18579	0
196608827997207	18576	0
196608827997214	18575	0
196608829045790	18573	0
196608829049886	15418	0
196608832977950	18571	0
196610543025182	19726	0
196610544073758	19723	0
196610544077846	20035	0
196610544077854	20034	0
196610544319518	18569	0
196610560855070	20031	0
196610560920606	10661	0
196610588568606	15415	0
196610589604887	18567	0
196610589604894	18566	0
196626008902718	4726	0
196626008906814	38204	1
196627740527678	10655	0
196627740593214	38204	1
196627764243518	10653	0
196628026702872	4725	0
196628157447198	8904	0
196630297590894	4724	0
196630297590910	4723	0
196630307421294	4722	0
196630307421310	4721	0
196632059198574	4720	0
196632455120156	4719	0
196632455120158	4718	0
196632455121950	4717	0
196632455122014	4716	0
196636354165854	4715	0
196636582340636	34533	0
196636582344732	4714	0
196636583082012	18563	0
196636644949018	18560	0
196636745283614	27920	0
196636745284638	27914	0
196636745284737	27909	0
196636745284750	27906	0
196640598801550	18558	0
196640877313046	4713	0
196640878050326	18556	0
196640878050417	18554	0
196640894827541	18552	0
196641045048350	15410	0
196642387201134	4712	0
196642387201150	4711	0
196644903599230	18550	0
196644903783550	4710	0
196677384535062	4709	0
196677384535063	12881	0
196705301813279	4708	0
196705301821468	4707	0
196705301821469	4706	0
196709596789782	4705	0
196713919609366	15407	0
196714989156918	4704	0
196714989156946	12876	0
196746106104342	4703	0
196746106104343	17576	0
196761205859610	4702	0
196769778754841	4701	0
196769778754842	4700	0
196769795532056	4699	0
196769795532058	4698	0
196769860519196	4697	0
196769860519198	4696	0
196774021294108	4695	0
196774023391258	4694	0
196774090499354	4693	0
196774090499610	4692	0
196774090565146	4691	0
196774150682654	27898	0
196775164044858	4690	0
196775164110394	4689	0
196778318358806	4688	0
196778318359062	4687	0
196782613297694	12874	0
196782613325846	4686	0
196782613326358	4685	0
196782613326359	12870	0
196782630103575	15403	0
196782630169111	4684	0
196782646880790	15401	0
196783720426038	4683	0
196783720491574	4682	0
196846568085242	4681	0
196848512071500	37214	14
196848512866124	4680	0
196848512870220	4679	0
196852803893836	4678	0
196852804688460	4677	0
196852804692556	4676	0
196852821269071	4675	0
196852821273167	4674	0
196853111200382	4673	0
196855107689207	4672	0
196869908732999	4671	0
196869908733027	10650	0
196869908737095	4670	0
196869925313610	4669	0
196869925317706	4668	0
196870193552506	16057	0
196870552558723	4667	0
196874217135946	4666	0
196874217140042	4665	0
196874485374842	16050	0
196878512102986	4664	0
196878512107082	4663	0
196878780341882	16047	0
197228820197882	8899	0
197233115164922	8897	0
197263817341518	4662	0
197263817472542	4661	0
197263817472558	4660	0
197264085907982	4659	0
197264085908014	4658	0
197267323771639	4657	0
197267323779663	4656	0
197267323779829	4655	0
197267323910703	30703	0
197267323910897	4654	0
197267592215118	4653	0
197267592346158	30700	0
197280883428375	4652	0
197280883428391	4651	0
197280883432471	4650	0
197280883432487	4649	0
197280899693642	32714	0
197280899824666	8895	0
197280899824682	32708	0
197281151863815	4648	0
197281151863847	4647	0
197281151867907	4646	0
197281151867911	4645	0
197281151867943	4644	0
197281168260106	8891	0
197281168260138	37133	0
197282890931447	4643	0
197282890972231	4642	0
197282891103271	30697	0
197282896684487	30694	0
197282896686151	30689	0
197282896694311	30683	0
197282896698407	30679	0
197283132614087	30676	0
197283132615751	30672	0
197283142454311	4641	0
197283142458407	4640	0
197283142589447	36515	0
197283142700071	30669	0
197285191515978	32690	0
197285191647002	8887	0
197285191647018	32684	0
197285460082442	8885	0
197285460082474	38494	1
197287185898743	4639	0
197287187995383	4638	0
197289486483018	32680	0
197289486614042	8883	0
197289486614058	32677	0
197289755049482	8881	0
197289755049514	38504	0
197295189469260	4637	0
197295189492044	4636	0
197299484459084	4635	0
197349619166280	35123	0
197349619166282	35119	0
197349714586696	35116	0
197350805113935	4634	0
197350805114102	4633	0
197350805142600	4632	0
197350810356810	4631	0
197350810855620	30665	0
197350810855622	30664	0
197351046785220	30659	0
197351046785222	30658	0
197351056641062	4630	0
197351056772102	36512	0
197353910988616	35106	0
197353910988618	35102	0
197355100081398	4629	0
197355100081996	4628	0
197355102179146	4627	0
197358205955656	35099	0
197358205955658	35098	0
197359395049036	4626	0
197359397146186	4625	0
197359536189000	30652	0
197359613149260	36509	0
197366208827895	4624	0
197370503794935	4623	0
197384076425806	4622	0
197387582863951	4621	0
197387851299406	4620	0
197418288323655	35091	0
197418288454679	4619	0
197418288454695	4618	0
197418288827415	15396	0
197418288827431	35085	0
197418556890119	4617	0
197418556890151	4616	0
197418557262855	15394	0
197418557262887	37846	0
197418697784323	12856	0
197419529837639	4615	0
197419530332100	30646	0
197419530333255	30641	0
197419766261700	30636	0
197419766262855	30632	0
197419798273095	4614	0
197419798404135	30625	0
197419798768711	30620	0
197420034698311	30615	0
197422580145991	35079	0
197422580277015	4613	0
197422580277031	4612	0
197422848712455	4611	0
197422848712487	4610	0
197423821659975	4609	0
197424090095431	4608	0
197424090226471	30608	0
197426875113031	35076	0
197426875244055	4607	0
197426875244071	4606	0
197427143679495	4605	0
197427143679527	4604	0
197428116627015	4603	0
197428385062471	4602	0
197428385193511	30604	0
197432663550542	4601	0
197434928300538	10644	0
197434945121016	4600	0
197439223267578	10642	0
197452661713480	26900	0
197452661717576	27170	0
197452662766152	27165	0
197452664855112	27162	0
197452795902542	4599	0
197456302340687	4598	0
197456407833160	30602	0
197456407833167	30594	0
197456407833336	30592	0
197456570776142	4597	0
197456676268616	30590	0
197456676268776	30588	0
197456676334152	30586	0
197460597310970	4596	0
197487007796298	35070	0
197487007927322	10640	0
197487007927338	33411	0
197487276362762	10638	0
197487276362794	37419	0
197488249310282	33403	0
197488249310314	33398	0
197488249613386	30578	0
197488485542986	30572	0
197491299618634	35063	0
197491299749658	10636	0
197491299749674	33392	0
197491316382456	34397	0
197491568185098	10634	0
197491568185130	37412	0
197492541132618	33386	0
197492541132650	33381	0
197492541434612	36588	0
197492541435722	36532	0
197493078174456	30560	0
197495594585674	35060	0
197495594716698	10632	0
197495594716714	33376	0
197495863152138	10630	0
197495863152170	37409	0
197496836099658	33373	0
197496836099690	33371	0
197496836402762	30557	0
197497041922636	30554	0
197497366260456	30552	0
197707536411726	8879	0
197707539360846	4595	0
197708071185550	4594	0
197708340677662	15392	0
197708340677678	15390	0
197708344536190	4593	0
197708344601678	4592	0
197710072548382	10628	0
197710072548398	10626	0
197712635644942	36892	0
197712635644974	36887	0
197714367515662	10624	0
197714367515694	10622	0
197727537527880	4591	0
197727668575310	32670	0
197727670664270	32665	0
197727671712846	32662	0
197727671716942	4590	0
197727671716974	4589	0
197729567571015	4588	0
197729568369735	30550	0
197729809214535	30544	0
197729809214542	30541	0
197729809214574	30539	0
197729809214590	30537	0
197731443448910	32658	0
197731443944526	32654	0
197731445537870	32650	0
197731446586446	32647	0
197731446590542	4587	0
197731446590574	4586	0
197731553979470	30534	0
197731554045006	30532	0
197731570822215	30530	0
197731570822222	30527	0
197731570822254	30525	0
197731966684238	4585	0
197731966684254	4584	0
197735741557838	4583	0
197735741557854	4582	0
197735865789518	30522	0
197735865789534	30519	0
197740031782030	30517	0
197740556606590	4581	0
197740556610638	35050	0
197741647161164	31686	0
197741647165260	4580	0
197741647963980	30511	0
197741647965300	30506	0
197744331480190	4579	0
197744331484238	35046	0
197744331664510	30504	0
197744432008238	35041	0
197744432253998	30500	0
197745938983500	26894	0
197745938987596	4578	0
197745939786316	30494	0
197796257004616	4577	0
197798287047751	4576	0
197810366633807	4575	0
197810366641996	4574	0
197810366641997	4573	0
197814658456143	4572	0
197814658464332	4571	0
197814658464333	4570	0
197814659066447	30487	0
197814659067812	30483	0
197814659119681	4569	0
197844879748682	4568	0
197844879794506	4567	0
197845148033402	28920	0
197849174761546	4566	0
197849443000442	36188	0
197864978573896	4565	0
197865012100682	32638	0
197867008617031	4564	0
197873602192922	4563	0
197873602192938	4562	0
197873870628362	4561	0
197873870628394	4560	0
197879086114636	4559	0
197879088211786	4558	0
197882141665863	35032	0
197882141796887	4557	0
197882141796903	4556	0
197882410232327	4555	0
197882410232359	4554	0
197883377936972	4553	0
197883378544292	30475	0
197883383179847	4552	0
197883651615303	4551	0
197883651746343	30471	0
197883651746417	4550	0
197942924236860	4549	0
197947218589500	11826	0
197951511026236	12850	0
197951527606847	38001	1
197954636159551	38001	2
197954904595006	24596	0
197968592763960	4548	0
197968615070775	12843	0
197970069101624	24591	0
198014799120122	4547	0
198021342234718	4546	0
198021342235230	4545	0
198021342235262	4544	0
198023355501151	12837	0
198023355501302	4543	0
198023355632191	4542	0
198023355632370	4541	0
198023355640560	4540	0
198023623936606	12834	0
198023624067646	4539	0
198038424587352	4538	0
198038424587354	8870	0
198038424587386	8868	0
198038517910618	4537	0
198038520007768	4536	0
198038788443224	4535	0
198038788574264	4534	0
198039057009778	4533	0
198039057017968	4532	0
198042716409688	4531	0
198042716409690	8862	0
198042716409722	8860	0
198047011376728	4530	0
198047011376730	8858	0
198047011376762	8856	0
198047074290268	4529	0
198047076386908	8854	0
198397051232760	4528	0
198397051232762	4527	0
198405488217151	4526	0
198405756652606	4525	0
198449130859544	4524	0
198449130859546	4523	0
198449226279960	4522	0
198449226288150	4521	0
198449399294984	4520	0
198449399294986	4519	0
198449494715400	4518	0
198449494723590	4517	0
198449494723664	4516	0
198449494854704	4515	0
198449652169784	4514	0
198449652169786	4513	0
198449667529784	4512	0
198449667529786	4511	0
198449667533880	4510	0
198449667533882	4509	0
198449752804410	4508	0
198449753118915	4507	0
198449762950200	4506	0
198449762954296	4505	0
198449762962486	4504	0
198449763290160	4503	0
198453422681880	4502	0
198453422681882	4501	0
198453691117320	4500	0
198453691117322	4499	0
198453959352120	4498	0
198453959352122	4497	0
198453959356216	4496	0
198453959356218	4495	0
198457717648920	4494	0
198457717648922	4493	0
198457986084360	4492	0
198457986084362	4491	0
198458242522680	4490	0
198458242526776	4489	0
198458254319160	4488	0
198458254319162	4487	0
198458254323256	4486	0
198458254323258	4485	0
198458319329340	4484	0
198458319667260	36503	0
198463723901278	4483	0
198518472596535	12827	0
198519310400593	24577	0
198519326743632	4482	0
198519327177808	24566	0
198523618565968	4481	0
198527913533008	4480	0
198534446734072	38039	0
198534456748792	4479	0
198534715169512	28773	0
198541050243640	38001	1
198541050247736	11813	0
198541051296312	11810	0
198541053385272	11807	0
198541255768632	33631	0
198541255768636	33623	0
198541289314872	33618	0
198541301844536	37482	0
198541301844542	4478	0
198543034571320	38001	1
198543034571327	38001	1
198543034571512	38023	0
198543046675000	4477	0
198543046675007	4476	0
198543046675192	4475	0
198543303006776	28763	0
198543303006952	28760	0
198543303072312	27869	0
198543315110456	4474	0
198543315110462	4473	0
198543316159032	4472	0
198586661047322	26020	0
198586929482762	26011	0
198587057568312	4471	0
198587057568824	4470	0
198587057568826	4469	0
198587072928312	34360	0
198587072928824	34352	0
198587072928826	34347	0
198587191757882	10617	0
198587197721658	33359	0
198590828010232	37971	0
198591364749880	37951	0
198591364750067	37892	2
198591364750072	37893	0
198591364751160	37929	0
198591364751162	37924	0
198592589802232	30458	0
198595113147112	28756	0
198595647494712	4468	0
198595647920696	28748	0
198595647920867	28744	0
198595647920872	28743	0
198595647921720	28740	0
198595659717176	34333	0
198595659718200	34330	0
198595659718202	34329	0
198595660765752	34314	0
198807848115326	31798	0
198807852301342	4467	0
198807856163966	4466	0
198807856233502	4465	0
198812147268622	4464	0
198812151200782	4463	0
198815926058040	4462	0
198816176606270	4461	0
198816177654840	4460	0
198816177654846	4459	0
198816195107895	12823	0
198816435952695	31783	0
198816435952702	31778	0
198816435952766	31772	0
198816442223678	4458	0
198816446090302	4457	0
198816446090366	4456	0
198816446155838	4455	0
198818070682686	12820	0
198818073513022	10615	0
198818180471870	8851	0
198818180717630	12818	0
198818180783166	31762	0
198818190920760	4454	0
198818190920766	37124	0
198818197560375	31757	0
198818197560382	31755	0
198818197564478	10612	0
198831478312030	4453	0
198831478377502	4452	0
198831478377566	4451	0
198831746812942	4450	0
198831746813008	4449	0
198831746813022	4448	0
198832015051838	4447	0
198832015051870	4446	0
198835253185630	4445	0
198835253251166	30455	0
198835270028368	4444	0
198835270028382	36495	0
198835377417310	30452	0
198835377421406	30450	0
198835378469982	38184	15
198835379506270	30441	0
198835765402766	4443	0
198836199840826	4442	0
198836300175422	4441	0
198836300176446	4440	0
198836300176515	4439	0
198836300176526	4438	0
198836308958270	4437	0
198836310005820	4436	0
198836310005822	4435	0
198836310006846	4434	0
198840068234366	4433	0
198840068303902	4432	0
198840336739342	4431	0
198840604974142	4430	0
198840604974195	4429	0
198840604974206	4428	0
198840604978238	4427	0
198843843107966	4426	0
198843843292286	30438	0
198844755601980	38001	0
198844755606076	4425	0
198844756220476	12816	0
198844896795196	34305	0
198844896795198	34300	0
198844896795710	34291	0
198884645534776	4424	0
198913475074623	4423	0
198913475082812	4422	0
198913475082813	4421	0
198913475500607	12811	0
198913475501987	12808	0
198913475541558	4420	0
198944659595608	4419	0
198944659595610	25593	0
198944659595642	25591	0
198953367104056	4418	0
198973113755162	4417	0
198973382190602	4416	0
198973650394682	4415	0
198973650429498	4414	0
198973705574462	4413	0
198973715404860	4412	0
198973715404862	4411	0
198981670136342	4410	0
198981938571782	4409	0
198981938571856	37612	0
198981938702896	4408	0
198982194555452	4407	0
198982194978467	12801	0
198982206773822	34275	0
198982206810678	4406	0
198982207138352	4405	0
198982302194236	34261	0
198982302194238	34257	0
198983180085328	4404	0
198983180085840	4403	0
198983180085872	4402	0
199026866057548	25741	0
199026899557454	4401	0
199026901654094	4400	0
199046999269708	4399	0
199054059129585	32486	0
199054063860465	4398	0
199054327565025	32480	0
199068126702657	22393	0
199068238515297	27460	0
199068395135428	10607	0
199068395138113	10604	0
199069361568865	4397	0
199069362617441	4396	0
199069368142945	27585	0
199069368208481	27579	0
199069368208513	27445	0
199069573717125	24555	0
199069631052897	4395	0
199069631052913	4394	0
199069631183937	31257	0
199069636643937	27743	0
199069636643953	27438	0
199073659965281	38120	0
199077951983201	32475	0
199077954932321	28560	0
199111423756364	4393	0
199115718723404	4392	0
199115718746188	4391	0
199120010545740	4390	0
199120027126351	4389	0
199120048752718	4388	0
199120048753230	4387	0
199137114328137	4386	0
199137114328138	4385	0
199137114590279	4384	0
199137114590306	10600	0
199137114611906	10597	0
199137114611908	10596	0
199137114614848	10594	0
199137131105354	8848	0
199137131170890	4383	0
199138568711232	21418	0
199141406150473	4382	0
199141406150474	4381	0
199141422927690	8842	0
199141422993226	4380	0
199145701117513	4379	0
199145701117514	4378	0
199145717894730	8840	0
199145717960266	4377	0
199145782904908	8838	0
199191464524529	4376	0
199191464524533	4375	0
199191464528625	4374	0
199191469259505	4373	0
199191469373681	4372	0
199191469374193	4371	0
199191732959969	4370	0
199191732959973	4369	0
199191732964065	4368	0
199205028772961	10591	0
199205028777057	10589	0
199205028783041	10587	0
199205028785217	10585	0
199205140597857	10583	0
199206766967905	4367	0
199206768016481	4366	0
199206773537889	4365	0
199206773541985	4364	0
199206773603425	4363	0
199206773603457	4362	0
199206773603461	4361	0
199206773607521	4360	0
199206773607553	4359	0
199207036451937	4358	0
199207036451953	4357	0
199207036534001	4356	0
199207036582977	4355	0
199207041776785	4354	0
199207042038881	4353	0
199207042038897	4352	0
199207042042977	4351	0
199207042042993	4350	0
199211065360225	4349	0
199211065364321	4348	0
199211331501297	4347	0
199211333597937	4346	0
199211333599121	4345	0
199215357378145	4344	0
199215357382241	4343	0
199215360327265	4342	0
199215360331361	4341	0
199215628566161	4340	0
199562430419278	4339	0
199617718942725	4338	0
199618016484417	4337	0
199618016734273	4336	0
199618016738341	30427	0
199618016738369	4335	0
199622308306753	4334	0
199626603273793	4333	0
199632180169324	28157	0
199632196749935	29028	0
199640768006764	4332	0
199640784587375	4331	0
199686703320170	22387	0
199687842843754	21406	0
199687843089514	30412	0
199692134664950	21402	0
199692134664952	21395	0
199692134666090	21389	0
199692134910712	30402	0
199692134911850	30396	0
199696429633130	21386	0
199696429878890	30393	0
199907091237998	32910	0
199907091303534	32903	0
199907091303566	32102	0
199907359738990	33523	0
199907359739006	32096	0
199907367857230	33519	0
199907367861278	4330	0
199909028695150	32163	0
199909121346670	33514	0
199911662828558	4329	0
199913417370638	10580	0
199915679075438	4328	0
199915679140974	4327	0
199915679141006	4326	0
199915947576430	4325	0
199915947576446	4324	0
199915957783614	4323	0
199915957783630	4322	0
199917709184110	10578	0
199917709192254	10576	0
199917709192270	10574	0
199920001154113	4321	0
199920017931328	4320	0
199920252750894	4319	0
199920252750926	4318	0
199920252755022	36475	0
199922004159566	10572	0
199922005208142	36472	0
199935176690794	21381	0
199935277026414	32085	0
199935277026446	32083	0
199935710788714	4317	0
199935811427438	4316	0
199939092139118	21378	0
199939092384878	30389	0
199939093187694	21375	0
199939093433454	30386	0
199939579866190	4315	0
199939579931678	4314	0
199939848367118	4313	0
199940116606014	4312	0
199940116606030	4311	0
199940134366273	4310	0
199940385041454	4309	0
199940385041486	4308	0
199940385107022	4307	0
199943354739790	4306	0
199943388154990	21372	0
199943388155006	21369	0
199943388163150	21366	0
199943388400750	30381	0
199943388400766	30378	0
199988720630849	4305	0
199988737408064	4304	0
200004430265450	4303	0
200013145504293	30374	0
200013145504321	4302	0
200043349336393	4301	0
200043349336394	4300	0
200043366113610	25588	0
200043366179146	4299	0
200057442200129	4298	0
200057458977344	4297	0
200072625447530	24544	0
200073162317930	36468	0
200081869826113	4296	0
200081869826625	4295	0
200126378218620	4294	0
200126378234236	4293	0
200126378234492	4292	0
200127923295482	4291	0
200146510279036	31893	0
200149295242367	33198	0
200149297339007	33192	0
200149563677822	24539	0
200149565774462	24536	0
200151109106270	4290	0
200153575488241	4289	0
200153592306303	24532	0
200153860741758	24529	0
200168191458394	28227	0
200168191761466	24525	0
200168191761498	24522	0
200169142680689	4288	0
200169142746225	31250	0
200169148271729	27425	0
200169148275825	27420	0
200169148275827	27386	0
200169159466111	29369	0
200169159523441	29361	0
200169159523442	4287	0
200169164708986	29340	0
200169165036660	29333	0
200169165053041	29328	0
200169165053042	27380	0
200169353793991	25316	0
200169353796721	25313	0
200172483280730	29094	0
200172483583802	24507	0
200172483583834	24504	0
200173454434172	24499	0
200173456531322	26999	0
200176778247770	29089	0
200176778550842	24496	0
200176778550874	24494	0
200177749401212	24490	0
200177751498362	24487	0
200199392658300	4286	0
200200937735162	4285	0
200215229755506	36924	0
200215229755516	36914	0
200215263251570	16692	0
200215263251582	4284	0
200215263301746	36908	0
200215265348210	16686	0
200215265348222	4283	0
200218014714994	4282	0
200218014715007	4281	0
200218014715122	4280	0
200218016811506	4279	0
200218016811634	4278	0
200218016811647	4277	0
200218016811762	4276	0
200218283150450	4275	0
200218283150462	4274	0
200218283150706	4273	0
200218283692146	36736	0
200218285247090	4272	0
200218285247102	4271	0
200218286295666	4270	0
200219560315506	16680	0
200219560315518	4269	0
200222311778546	4268	0
200222311778930	4267	0
200222311778943	4266	0
200222311779058	4265	0
200222580214386	4264	0
200222580214398	4263	0
200222581262962	4262	0
200236642667634	19718	0
200236642667642	19716	0
200236642798666	4261	0
200236642798674	4260	0
200236642798682	4259	0
200236738088050	19709	0
200236738219090	4258	0
200236911234106	4257	0
200236911234130	4256	0
200236911234138	4255	0
200237006654546	4254	0
200237878938738	4253	0
200237878938751	4252	0
200237878938866	4251	0
200237878939250	4250	0
200237878939506	4249	0
200237878997106	4248	0
200237879000176	4247	0
200237879000178	4246	0
200237884181106	4245	0
200237884181618	4244	0
200237884181626	4243	0
200237884181650	4242	0
200237884509266	38429	0
200237884509298	38421	0
200237884509300	4241	0
200237884526706	38450	0
200237884526786	38440	0
200237884526791	38373	3
200237884529776	38383	0
200237884529778	38376	0
200238074301554	21354	0
200238074309744	21350	0
200238080265330	21346	0
200238080273520	21343	0
200240934489970	19704	0
200240934489978	19702	0
200240934621002	4240	0
200240934621010	4239	0
200240934621018	4238	0
200241203056442	4237	0
200241203056466	4236	0
200241203056474	4235	0
200242173906034	4234	0
200242173906162	4233	0
200242173906290	4232	0
200242173906802	4231	0
200242173906812	4230	0
200242176002674	4229	0
200242176002802	4228	0
200242176003954	4227	0
200242176003962	4226	0
200242176003986	4225	0
200245229457010	19698	0
200245229457018	19697	0
200245229588042	4224	0
200245229588050	4223	0
200245229588058	4222	0
200245498023482	4221	0
200245498023506	4220	0
200245498023514	4219	0
200246468873330	4218	0
200246468873586	4217	0
200246468873842	4216	0
200246468873852	4215	0
200246468923506	4214	0
200246470969970	4213	0
200246470970994	4212	0
200246470971002	4211	0
200246470971026	4210	0
200246472018546	4209	0
200246472364146	38403	0
200246636643196	21341	0
200283143926641	4208	0
200283143926652	4207	0
200283177472881	4206	0
200288297253457	4205	0
200288300202577	4204	0
200288547928670	4203	0
200290980887281	4202	0
200304556981329	18540	0
200304556981338	18538	0
200304652401745	18535	0
200305474534481	4201	0
200305479941201	8836	0
200305630280794	8834	0
200305630710874	4200	0
200305630714970	36460	0
200306548079729	4199	0
200306548142961	4198	0
200306548145265	4197	0
200306553666641	27368	0
200306553666673	27362	0
200306553670769	4196	0
200306553674865	27353	0
200306553674867	27349	0
200306799434867	18530	0
200308848803665	18526	0
200308848803674	18524	0
200309922103130	8830	0
200309922533210	4195	0
200309922537306	36444	0
200313143770705	18521	0
200313143770714	18520	0
200314063715921	8828	0
200314217070170	8826	0
200314217500250	4194	0
200314217504346	36442	0
200315138069361	4193	0
200315356119932	4192	0
200319651148156	4191	0
200319651148412	4190	0
200319651758460	4189	0
200319651762556	4188	0
200319651762812	4187	0
200319684652158	4186	0
200319686748798	4185	0
200321196835322	4184	0
200351863403132	4183	0
200351864017532	4182	0
200355403345023	30363	0
200355405441663	30359	0
200355671780478	30354	0
200355673877118	30351	0
200359700408959	30347	0
200359968844414	30344	0
200373276462106	4181	0
200373544897546	4180	0
200375267568767	36574	0
200375267622001	4179	0
200375267622002	36566	0
200375272811642	30336	0
200375273139316	30329	0
200375273147505	4178	0
200375273147506	30325	0
200375273151601	4177	0
200375273151602	30320	0
200375284399216	4176	0
200375284399218	36440	0
200375289924720	4175	0
200375289924722	36422	0
200375289928816	4174	0
200375289928818	36416	0
200375508741242	30315	0
200375509068916	30309	0
200375509077106	30307	0
200375509078727	30304	0
200375509081202	30302	0
200375519218802	30295	0
200375519226992	30292	0
200377568284442	4173	0
200377836719882	4172	0
200379562536828	30287	0
200379564633978	30280	0
200381863251482	4171	0
200382131686922	4170	0
200383857503868	30275	0
200383859601018	30272	0
200384065120892	30268	0
200384075289212	4169	0
200730886011484	4168	0
200730886503004	4167	0
200730903083615	4166	0
200737707884794	4165	0
200741952521210	4164	0
200746992138844	4163	0
200746992630364	4162	0
200747009210975	4161	0
200750542563935	36648	0
200750575680095	4160	0
200750576110175	30248	0
200750810999390	30245	0
200750844115550	4159	0
200750844545630	30241	0
200785492544538	24482	0
200786215013434	4158	0
200786247519274	30234	0
200786515754074	4157	0
200786515758170	4156	0
200786754079834	30225	0
200789784366874	24479	0
200790539341610	30219	0
200790807575285	4155	0
200790807576410	4154	0
200790807580506	4153	0
200794079333914	24477	0
200794834308650	30217	0
200795102543450	4152	0
200795102547546	4151	0
200795310459484	30215	0
201005537266718	4150	0
201005537266734	4149	0
201005696810074	4148	0
201005697301594	8824	0
201005797637214	8822	0
201006661983347	18518	0
201006678146162	4147	0
201006678760471	18516	0
201006678760562	18514	0
201006871366782	32074	0
201006871370878	32068	0
201006872416638	25305	0
201006872419454	31945	0
201006873455742	32061	0
201006879419518	21335	0
201008557165598	4146	0
201010973106300	37465	0
201010973110396	4145	0
201010973724796	18509	0
201010973727751	18505	0
201011167383678	38291	0
201011167386631	38204	3
201011167386638	38277	0
201011167386750	38204	3
201012852132878	4144	0
201015217742716	31874	0
201015217746812	4143	0
201015218363447	4142	0
201015459204222	4141	0
201015459208247	4140	0
201015459208254	4139	0
201015459208318	4138	0
201015463382142	4137	0
201015469343612	4136	0
201015469343614	4135	0
201015469345854	4134	0
201015469345918	4133	0
201017096768574	4132	0
201019513330727	4131	0
201019513330801	4130	0
201019530108016	4129	0
201019754173054	4128	0
201019754175614	4127	0
201019755224190	36405	0
201019764003452	4126	0
201019764003454	4125	0
201019764005927	4124	0
201019764005934	4123	0
201019764006014	4122	0
201021802937434	4121	0
201021803428954	8820	0
201021903764574	8818	0
201024049130590	30209	0
201024049130622	30204	0
201024051219550	30199	0
201024051219582	30193	0
201025686809694	30190	0
201025718877278	32631	0
201025719925854	32624	0
201025719929950	4120	0
201025720355934	30187	0
201025827318874	30185	0
201025827318878	30183	0
201025829407834	30180	0
201025829407838	30174	0
201038890400881	24473	0
201038890400882	4119	0
201038891015281	35608	0
201038891015282	35606	0
201039091489918	35598	0
201039628229694	35589	0
201039628229747	35578	0
201039628229758	35572	0
201039645375601	4118	0
201039645375602	30167	0
201039896972334	30163	0
201039896972402	30159	0
201039896972414	30157	0
201042866363518	35567	0
201042866547838	30154	0
201042899782782	21331	0
201042899786867	35563	0
201042899786878	35561	0
201042900028542	30146	0
201042900094078	38521	0
201042916564094	35550	0
201042916629630	38204	3
201042916871282	30142	0
201042916871294	30140	0
201042916875390	37578	0
201074416286810	4117	0
201075397622898	4116	0
201079692578943	4115	0
201079692587132	4114	0
201079692587133	4113	0
201083937215359	4112	0
201083937223548	4111	0
201083937223549	4110	0
201090522414170	4109	0
201107609877617	24464	0
201107609877618	4108	0
201108364852337	4107	0
201108364852338	30135	0
201142877675898	28969	0
201142877806922	4106	0
201142877806938	4105	0
201143146242394	4104	0
201143146242650	4103	0
201144119192178	4102	0
201144277815678	25301	0
201147441209402	4101	0
201147441209434	4100	0
201147441209946	4099	0
201148412059772	4098	0
201148414156922	4097	0
201148572782718	38258	0
201152656696188	4096	0
201152658793338	4095	0
201152874742652	4094	0
201152874742654	4093	0
201154957402714	4092	0
201154957403162	4091	0
201157159572094	4090	0
201157169402492	4089	0
201157169402494	4088	0
201159252370010	4087	0
201159520805642	4086	0
201176331446897	24460	0
201176331446898	4085	0
201177086421617	4084	0
201177086421618	30131	0
201180626414193	24456	0
201180626414194	4083	0
201181381388913	4082	0
201181381388914	30127	0
201181649599070	4081	0
201235924261487	38001	4
201236192696942	24453	0
201250620971582	24449	0
201250847005292	24446	0
201250863585903	38001	3
201253120776947	24439	0
201267255864449	28188	0
201267261770849	4080	0
201276616350316	29463	0
201276623389036	4079	0
201304643734114	4078	0
201304643734127	4077	0
201304643734258	4076	0
201304910430306	4075	0
201304912169570	4074	0
201304912169582	4073	0
201304913218146	4072	0
201319072008782	4071	0
201319340444222	4070	0
201319608683118	4069	0
201321823406834	4068	0
201321823472370	18498	0
201321840249586	21324	0
201321840249587	4067	0
201321840257776	21321	0
201336244800642	4066	0
201336786488416	4065	0
201345342865516	4064	0
201369771279201	4063	0
201369771279212	4062	0
201369804702561	4061	0
201369806453345	19053	0
201369806453358	4060	0
201373312891489	4059	0
201373312891503	4058	0
201373312891633	4057	0
201373579576161	4056	0
201373581326945	4055	0
201373581326958	4054	0
201373582375521	4053	0
201390485682929	18493	0
201390485682935	18492	0
201390492629745	18489	0
201390559357683	15385	0
201390559726323	4052	0
201390559730419	36393	0
201390754118369	18484	0
201390754118375	18483	0
201403984931969	20546	0
201403984931971	20544	0
201404158983297	18479	0
201404163853409	4051	0
201405237333091	4050	0
201405505768547	4049	0
201414062146412	4048	0
201418358096236	4047	0
201418358096492	4046	0
201418393266798	4045	0
201457002293868	30119	0
201457018874479	30112	0
201473979460740	30099	0
201474215390340	30091	0
201478271150836	30084	0
201482771638892	30075	0
201482781622892	4044	0
201489310571251	4043	0
201524425144862	24432	0
201527931329271	4042	0
201527931583217	24427	0
201527948360432	24415	0
201527964752627	4041	0
201527964752631	4040	0
201527964756723	4039	0
201527965125363	30060	0
201542129572995	4038	0
201542129577091	4037	0
201542139415651	4036	0
202105048894494	4035	0
202105048894510	4034	0
202105368317027	4033	0
202105585631596	4032	0
202105585631598	4031	0
202105585634326	4030	0
202105585634334	4029	0
202105585634414	4028	0
202108051950702	4027	0
202108068793374	4026	0
202112363760654	4025	0
202113924694892	4024	0
202113924697142	4023	0
202116602424462	21858	0
202116608396350	4022	0
202116665339022	31862	0
202121415388302	4021	0
202125231557726	4020	0
202125231557742	4019	0
202125517753441	24409	0
202125517753442	4018	0
202125718228046	4017	0
202125718228078	4016	0
202126254967870	4015	0
202126254967886	4014	0
202126254967907	4013	0
202126254967918	4012	0
202129493101646	4011	0
202129493101678	4010	0
202129526525006	4009	0
202129526525027	4008	0
202129526525038	4007	0
202129543302254	24407	0
202129543367790	4006	0
202143428537486	35022	0
202143963679886	30055	0
202146729831566	30052	0
202212166662695	30050	0
202212701436513	24405	0
202242808932963	4005	0
202242991030636	4004	0
202242991030638	4003	0
202262958369377	24401	0
202262958369378	4002	0
202280423320067	4001	0
202280893082177	4000	0
202281178294832	36195	0
202281429690951	3999	0
202281446533728	3998	0
202281463114311	21313	0
202281463114339	3997	0
202324864603260	3996	0
202324899861630	3995	0
202367360826433	37214	15
202367629065329	3994	0
202367634283633	3993	0
202367651355764	24378	0
202367651421300	24374	0
202371926105969	3992	0
202371943178100	24365	0
202376221073009	3991	0
202376238145140	24362	0
202404155426546	3990	0
202435756454082	12794	0
202435761343602	3989	0
202435761474642	15380	0
202436029910098	3988	0
202436298353728	21299	0
202436370828370	18463	0
202436370828402	18460	0
202436370828404	3987	0
202436370893906	18456	0
202436370893938	18453	0
202436370893940	3986	0
202436560620658	21297	0
202436560628848	21294	0
202436560686194	21292	0
202436560694384	21289	0
202436566518872	3985	0
202440662650706	18450	0
202440662650738	18447	0
202440662650740	3984	0
202444957617746	18445	0
202444957617778	18443	0
202444957617780	3983	0
202472824583921	3982	0
202503507885297	18440	0
202503513128081	18437	0
202503513259121	18434	0
202503513324657	18431	0
202503670625217	18429	0
202503675657297	18425	0
202504497790033	3981	0
202504503196753	12788	0
202504766225473	3980	0
202505034464369	3979	0
202505039682673	3978	0
202505039985745	18422	0
202505039985777	18419	0
202505040051281	18415	0
202505040051313	18412	0
202505285811288	18409	0
202507802852593	18405	0
202507804949233	18402	0
202507804950417	18399	0
202507805081457	18396	0
202509331505009	3977	0
202509331808081	18393	0
202509331808113	18390	0
202512099917457	18388	0
202512100048497	18386	0
202513626472049	3976	0
202513626775121	18384	0
202513626775153	18382	0
202520150879476	3975	0
202520152976116	3974	0
202572227410964	3973	0
202572232815300	12782	0
202572232817684	12779	0
202572495846404	3972	0
202572501253124	12776	0
202573485649140	30036	0
202573490891924	30030	0
202573491022964	30026	0
202573491088500	30020	0
202573726821524	30016	0
202573726952564	30012	0
202573727018100	30007	0
202573737307140	36385	0
202573759458420	30002	0
202573759523956	29996	0
202573995388020	29992	0
202573995453556	29987	0
202577780616436	29981	0
202577782713076	29977	0
202577782714260	29971	0
202577782845300	29965	0
202578051280756	29959	0
202582077681300	29957	0
202582077812340	29954	0
202582346247796	29951	0
202591152582780	3971	0
202591187841150	3970	0
202641641135219	12773	0
202641641200755	12770	0
202641651031155	34244	0
202642478939249	24355	0
202642479004785	24350	0
202642495716464	24343	0
202642495782000	24335	0
202642506710131	3969	0
202642511928435	3968	0
202642512481395	29939	0
202642512546931	29932	0
202646770761585	24324	0
202646787538800	24314	0
202646803750771	3967	0
202646804303731	29916	0
202651065728625	24312	0
202651082505840	24310	0
202651098717811	3966	0
202651099270771	29912	0
202661853487348	3965	0
202709632810004	24305	0
202709638147092	24302	0
202709638212628	24298	0
202709638216724	24293	0
202709833837592	3964	0
202710102273032	3963	0
202710370511928	3962	0
202710638947368	3961	0
202713929969428	24285	0
202718224936468	24283	0
203204555602974	26332	0
203204555602990	12768	0
203204820892766	12764	0
203205097499726	34617	0
203205359774846	21278	0
203205359840382	21276	0
203207613840414	26328	0
203207614086174	18379	0
203211909053454	18376	0
203213687426110	3960	0
203213687426126	3959	0
203213949701246	3958	0
203213949766782	3957	0
203216193748030	12760	0
203216204008510	3956	0
203216635198494	12755	0
203216635198510	34234	0
203220410072110	34229	0
203220498545710	34219	0
203220498975790	3955	0
203220927020126	3954	0
203224710065246	29902	0
203224743181406	3953	0
203224743611486	29898	0
203225229851726	3952	0
203225491471374	3951	0
203225756761150	3950	0
203225756761166	3949	0
203225766591550	3948	0
203225766591566	3947	0
203229004725326	3946	0
203229038148686	3945	0
203229516876926	21274	0
203229516942462	21272	0
203230055275646	3944	0
203233293839486	29895	0
203233293905022	29890	0
203233333103742	21267	0
203233356754046	29887	0
203233356819582	29882	0
203346900803700	3943	0
203355440407665	3942	0
203355457184880	3941	0
208921869358202	26833	0
208938512356922	24271	0
208947068738102	24268	0
208947247905345	21261	0
208947521059441	3940	0
208947538500212	24262	0
208999612745458	3939	0
208999612876498	3938	0
208999612877922	3937	0
208999612877938	3936	0
208999614973586	3934	0
208999614974562	3932	0
208999614974578	3930	0
209007231829562	3928	0
209015502998087	15367	0
209015519120114	3925	0
209015519775314	15362	0
209015788210742	3923	0
209015788210770	12744	0
209016257972306	18365	0
209016257972818	18361	0
209016257972850	18358	0
209016257972852	3921	0
209068281902833	3920	0
209068282033873	3919	0
209068282035297	3918	0
209068282035313	3917	0
209068284130961	3915	0
209068284131937	3913	0
209068284131953	3911	0
209074808240369	18356	0
209074808371409	18354	0
209079103339633	18351	0
209079105436273	18348	0
209083400403569	18346	0
209083433957969	18342	0
209084390275665	12739	0
209084653302689	3909	0
209084653304385	3907	0
209084926458481	3906	0
209084927129681	18338	0
209084927130193	18334	0
209084927130225	18331	0
209115610557556	12734	0
209115612654196	31747	0
209149080971252	29876	0
209149081102292	29873	0
209149081103476	29869	0
209149083200116	29864	0
209152119896596	12731	0
209152136661527	15352	0
209152153438742	15349	0
209152388332036	12726	0
209152405096967	15346	0
209152421874182	15343	0
209153372728052	29859	0
209153372793588	29856	0
209153372924628	29853	0
209153378167412	29849	0
209153646602868	29844	0
209184279714931	12722	0
209184281811571	12719	0
209188157337722	8811	0
209212316530202	24259	0
209216559070229	24256	0
209216561166613	24254	0
209216561166869	24251	0
209220856134165	24246	0
209220856134167	24244	0
209220872911381	24239	0
209220872911382	24237	0
209221141355011	12713	0
209221397011187	12710	0
209221397076723	12707	0
209221397207763	12704	0
209221408807667	34195	0
209221409790467	36365	0
209222366083697	24231	0
209222382860912	24225	0
209222398704243	3905	0
209222399625843	29834	0
209285228227604	24222	0
209285230323988	24220	0
209285230324244	24217	0
209289525291540	24214	0
209289525295636	24211	0
209289581710070	21257	0
209289581753510	21255	0
209289581775606	21253	0
209289581906646	21251	0
209289591650838	3904	0
209289592388118	24208	0
209289592392214	24205	0
209289592392230	24202	0
209289860086278	3903	0
209289860827654	21245	0
209289860827686	38510	0
209290116527270	3902	0
209290116528694	3901	0
209290128325174	3900	0
209290396760614	3899	0
209290397682214	29826	0
209320496034122	25580	0
209321735445527	18329	0
209321737542167	31938	0
209325059436602	8808	0
209326030278903	18323	0
209326030409943	18318	0
209326030412807	18314	0
209326032509447	36988	0
209330275048503	3897	0
209330277145143	3894	0
209332575630362	8805	0
209334570015783	3893	0
209334572112423	3891	0
209358244764183	24198	0
209358244772372	24195	0
209358244772373	24193	0
209358260697845	3889	0
209358261549589	24190	0
209358261549605	24187	0
209358529985027	3887	0
209358529985029	21238	0
209358529985061	38494	2
209358999747109	29823	0
209358999747137	3885	0
209359267330805	3883	0
209359268182565	29819	0
209359284959792	24179	0
209389215506760	26695	0
209389215506762	26693	0
209398189097974	3881	0
209398189229014	3879	0
209398189231158	3877	0
209401225773814	3876	0
209401225904854	3875	0
209401225907222	3874	0
209401225907238	3873	0
209405858505480	3871	0
209405858505482	3869	0
209457884664135	26689	0
209474527662855	3867	0
209526604136778	26685	0
209526620289560	3866	0
209526620289576	3865	0
209526878698072	12699	0
209527626922520	3864	0
209531921889800	3862	0
209535630279530	20024	0
209536166525496	3861	0
209538700499480	12694	0
209538700499496	34178	0
209540454611496	3859	0
209542984825432	3857	0
209543247135498	25998	0
209544757062232	29815	0
209544789686872	3855	0
209544790608472	29806	0
209547289623112	3854	0
209547290425880	24173	0
209547549276680	3852	0
209547814566456	3851	0
209547814566472	3850	0
209547826362936	3849	0
209547826362952	3848	0
209552273278250	29802	0
210047032683121	3847	0
210064035683439	24169	0
210064764116095	24167	0
210099124440162	3846	0
210099124440178	3845	0
210133483588722	3842	0
210133483588735	3841	0
210133517012095	12692	0
210167793597537	3840	0
210167793597553	3839	0
210178614901873	34483	0
210184438082161	3838	0
210201879395457	34545	0
210201879395471	34544	0
210202236304511	18307	0
210215122119796	31553	0
210248592665716	29798	0
210252884355812	29795	0
210270190972015	29793	0
210270872218751	29791	0
210270945946740	31738	0
210270945946751	31737	0
210283791277171	31548	0
210316070632469	24164	0
210320908638947	35910	0
210321910327923	3837	0
210339591511167	34167	0
210339624934515	34156	0
210339624934527	34155	0
210384739789844	24161	0
210389093337830	29021	0
210389103274518	3836	0
210389371709958	3835	0
210389639948854	3834	0
210389908384294	3833	0
210406824635455	10567	0
210408344407167	21232	0
210421247007767	31574	0
210425541975047	38204	4
210429786610743	3831	0
210434081578023	3830	0
210475278818311	38204	3
210475278818319	38236	0
210475544108087	31923	0
210475544108095	31922	0
210497700793398	3828	0
210500737469462	3827	0
210500737469478	3826	0
210543652998175	24159	0
210543686421526	3823	0
210543686421535	3822	0
210543954856966	3819	0
210543954856975	3818	0
210544223095862	35533	0
210544223095871	35532	0
210544407972911	29787	0
210544676211807	3817	0
210544944647247	3816	0
210544978070607	21230	0
210612932738111	18305	0
210613122530351	34151	0
210626131913240	3815	0
210626131913256	3814	0
210627138546200	3813	0
210631433513480	3811	0
210635678149176	3810	0
210644301310552	3808	0
210646801246792	3807	0
210647337986616	3806	0
210647337986632	3805	0
211357212158800	3804	0
211425931639573	24157	0
211460560866070	3803	0
211462578064150	3802	0
211488278145508	3801	0
211492573113732	3800	0
211492575210372	3799	0
211493577386772	36699	0
211493577386800	36697	0
211493845822228	25992	0
211494722730884	3798	0
211494913264512	21227	0
211496864934884	37948	0
211496865699508	37892	8
211496865721108	37918	0
211496870177668	37913	0
211512437337476	33927	0
211512437337988	33924	0
211516732304772	25987	0
211516732305028	25984	0
211516734401412	25981	0
211531243289365	21512	0
211562184112919	3797	0
211562452351815	3796	0
211562720787255	3795	0
211565663819191	24152	0
211565673536311	21224	0
211598354378008	38204	13
211598358310168	32823	0
211598531455768	38232	0
211600041274648	32810	0
211631012145944	32830	0
211631012154134	32014	0
211631546927952	3794	0
211631816382646	24150	0
211634342693686	21222	0
211634342824726	3793	0
211648091221272	38204	12
211648091221784	38251	0
211652386188568	38248	0
211652386188824	38245	0
211677307048935	3792	0
211677307051319	3791	0
211716767259927	3790	0
211716767260439	3789	0
211717035498823	35434	0
211717035499335	26666	0
211717096308681	26322	0
211721062227223	3788	0
211721062227479	3787	0
211721330466119	26663	0
211721330466375	26660	0
211804245916441	3786	0
211804423539481	32122	0
211806183058201	20696	0
211810486983497	3785	0
211813013461817	3784	0
211814781643577	25967	0
211817113713513	3783	0
211817305283433	24147	0
211819066891113	24143	0
211820150389577	3782	0
211820150389593	3781	0
211858805058377	26653	0
211859073801017	24141	0
212088013321101	25960	0
212103314340125	3780	0
212103582579021	26650	0
212108632520797	24837	0
212112924343133	18286	0
212519120550373	3779	0
212523415518597	3778	0
212523417615237	3777	0
212525443253173	3776	0
212525443255077	3775	0
212525443263237	3774	0
212525443267333	3773	0
212527712582533	10554	0
212527712602917	10552	0
212527712733957	10550	0
212527729367848	12676	0
212527729498888	12674	0
212527746145063	12671	0
212527746276103	12669	0
212543279742341	10543	0
212543279742853	10541	0
212547574709637	10539	0
212547574709893	10537	0
212547576806277	26445	0
212584688021291	3772	0
212584688055851	3771	0
212584688056107	3770	0
212584690117931	3769	0
212584753031469	3768	0
212584753031471	3767	0
212584769808685	3766	0
212584769808686	3765	0
212587909236523	21220	0
212588931517734	3764	0
212588932692518	3763	0
212588932692774	3762	0
212592151776550	21218	0
212592153872934	21216	0
212592153873190	21214	0
212593227660070	3761	0
212593227660072	3760	0
212593244400431	10535	0
212593244437286	10532	0
212593244437287	3759	0
212593246497581	10529	0
212593339820845	10526	0
212593339820847	10525	0
212593356598061	10523	0
212593356598062	10522	0
212593357424306	10519	0
212593357424308	10518	0
212593357425446	10516	0
212593357449988	10514	0
212596448840486	21212	0
212596448840488	21211	0
212596465617702	21209	0
212596465617703	21208	0
212610405408038	8803	0
212610405408550	8801	0
212610422172969	10506	0
212610422173481	10504	0
212614700375334	8799	0
212614700375590	8797	0
212614703024934	3758	0
212614717140265	10502	0
212614717140521	10500	0
212614719236905	10498	0
212614753289771	3757	0
212633356404007	3756	0
212635118230823	16851	0
212635118230825	3755	0
212635120327463	7083	0
212635120327465	3754	0
212635120346407	7081	0
212635120960807	3753	0
212635153892651	7079	0
212635154384171	3752	0
212660820933925	21204	0
212660821064965	3751	0
212660823030309	21202	0
212660823030565	21200	0
212660823161349	3750	0
212660823161605	3749	0
212661963912487	3748	0
212661963914021	3747	0
212661963914023	3746	0
212661963914055	3745	0
212662232349477	3744	0
212662232349479	3743	0
212662232349495	3742	0
212662232480517	3741	0
212662232480519	3740	0
212665117997861	21198	0
212665118001957	21196	0
212665118128901	3739	0
212665118132997	3738	0
212665174612967	18282	0
212665175442871	18280	0
212665175464711	18278	0
212665185094439	21194	0
212665185098535	21192	0
212665185098551	21190	0
212665185229575	18274	0
212665185340199	3737	0
212683438728487	7077	0
212683439342887	3736	0
212683472274731	7075	0
212683472766251	3735	0
212702177725734	3734	0
212702177725736	3733	0
212702178900774	3732	0
212702178900776	3731	0
212702181657894	3730	0
212702181657896	3729	0
212703786339622	7073	0
212703787157542	7071	0
212703787388198	7069	0
212703787392294	3728	0
212703789484838	7067	0
212703790041894	3727	0
212703790106662	3726	0
212703873369387	7065	0
212708168336683	7063	0
212731328006326	3725	0
212731328039686	3724	0
212733837470504	21187	0
212733837478693	21185	0
212733837478694	21184	0
212733837601544	15323	0
212733837609733	3723	0
212733837609734	15321	0
212733854255910	21182	0
212733854255926	21180	0
212733854386950	18270	0
212733854452486	3722	0
212748423172038	7061	0
212749404630312	21178	0
212749404630824	21176	0
212749404761352	15317	0
212749404761864	15315	0
212752191751467	37153	0
212753699597608	21174	0
212753699597864	21172	0
212753699728648	15310	0
212753699728904	15308	0
212753701694248	37264	0
212753701825288	38341	0
212772506860841	18733	0
212772506869030	3721	0
212772506869031	18729	0
212772508957481	12666	0
212772523646245	3720	0
212772523646247	3719	0
212772523646279	3718	0
212772584455465	17161	0
212772584455467	17160	0
212772585277225	36967	0
212776818611175	3717	0
212776818613543	3716	0
212776818613559	3715	0
212781182907401	3714	0
212781182907403	3713	0
212816547061029	3712	0
212816547061031	15306	0
212816547061063	15304	0
212816547061541	3711	0
212816547061543	15302	0
212816547061575	15300	0
212816607870249	12664	0
212816607870251	12663	0
212816607870761	12661	0
212816607870763	12660	0
212816607870764	12659	0
212816607870921	12657	0
212820842028325	3710	0
212820842028327	15298	0
212820842028359	15296	0
212820842028581	3709	0
212820842028583	15294	0
212820842028615	15292	0
212820902837545	12655	0
212820902837547	12654	0
212820902837801	12652	0
212820902837803	12651	0
212820902837804	12650	0
212820911523625	3708	0
212820911523627	3707	0
212839241157160	3706	0
212839241157416	3705	0
212841228438310	10496	0
212841245215525	10494	0
212841261980200	12645	0
212841261980456	12643	0
212849852064776	3704	0
212889563597605	20020	0
212889580669480	3703	0
212889580669736	3702	0
212907960634152	3701	0
212907960634153	3700	0
212908068895526	3699	0
212908068895527	12641	0
212908068895529	12640	0
212908229069607	17156	0
212908229069609	17155	0
212908230118185	3698	0
212909947910953	12637	0
212909947915046	10488	0
212909948340523	3697	0
212909964692261	10486	0
212909965183781	3696	0
212909981457192	12633	0
212909981457193	16043	0
212909990677287	36957	0
212909990677289	36951	0
212909998234407	12631	0
212909998234409	12630	0
212909998238505	10482	0
212909998238537	10480	0
212909998607145	3695	0
212909998607177	3694	0
212912525085481	3693	0
212912525085497	3692	0
212912525093641	3691	0
212914293205801	10476	0
212914293205817	10474	0
212916816907113	3690	0
212918571537419	37526	0
212918578514793	3689	0
212918588160873	3688	0
212919661950249	3687	0
212919661950251	3686	0
212919661951785	3685	0
212919661951817	3684	0
212919661951833	3683	0
212922874538761	38001	10
212922883128153	3682	0
212922883132201	21167	0
212922883312473	3681	0
212924066761513	3680	0
212924066761602	3679	0
212958283074341	25064	0
212958283565861	3678	0
212958300146472	3677	0
212958300146473	37512	0
212958316620585	25058	0
212958316620617	15283	0
212958316923689	36766	0
212958316989225	3676	0
212958316989257	3675	0
212958585424681	3674	0
212958585424697	3673	0
212958853663593	36757	0
212959592057641	38078	0
212959592065801	38001	10
213183213538607	3672	0
213183213539117	3671	0
213187524883341	10470	0
213194537760041	3670	0
213194537760045	19353	0
213196081264429	21165	0
213196081395469	3669	0
213198843874607	3668	0
213203094141221	3667	0
213203094141229	15281	0
213203094141261	15279	0
213203154958123	3666	0
213203154958124	3665	0
213203154958125	3664	0
213207406153007	3663	0
213207406153517	3662	0
213211711339303	12627	0
213211711339309	12626	0
213212246113133	10467	0
213263257232681	3661	0
213271813613861	3660	0
213271874430763	3659	0
213271874430764	3658	0
213280430811943	12624	0
213280431606567	12622	0
213650994182934	3657	0
213650994187030	3656	0
213653008915734	18708	0
213653011381014	3655	0
213653011385110	3654	0
213653025680665	18713	0
213653027777305	16719	0
213653061645851	3653	0
213683394539291	3652	0
213683394573851	3651	0
213683394574107	3650	0
213683396635931	3649	0
213683459549469	3648	0
213683459549471	3647	0
213683476326685	3646	0
213683476326686	3645	0
213687637851414	3644	0
213687637855510	3643	0
213687639210518	3642	0
213687639210774	3641	0
213691934178070	3640	0
213691934178072	3639	0
213691950918431	10460	0
213691950955286	10457	0
213691950955287	3638	0
213691953015581	10454	0
213692046338845	35635	0
213692046338847	35631	0
213692063116061	35666	0
213692063116062	35663	0
213692063758001	35656	0
213692063759126	35652	0
213692063763222	10451	0
213692063771412	35647	0
213693934422914	3637	0
213709111926038	8794	0
213709111926550	8792	0
213709128690969	10445	0
213709128691481	10443	0
213713406893334	8790	0
213713406893590	8788	0
213713409358614	3636	0
213713409362710	3635	0
213713423658265	10441	0
213713423658521	10439	0
213713425754905	35327	0
213713459623451	3634	0
213718813867285	8786	0
213718908369685	8783	0
213721747268887	7052	0
213721780815131	7050	0
213760670430487	3633	0
213760670432023	3632	0
213760670497559	3631	0
213761743977271	3630	0
213761744042807	3629	0
213764683946807	18266	0
213764696726327	18264	0
213764696791863	38201	0
213782145246487	7048	0
213782178792731	7046	0
213787815939862	19348	0
213787815939867	19347	0
213787818036502	19344	0
213787818036507	19343	0
213788804463894	18262	0
213788804463896	18261	0
213788805823254	3628	0
213788805823256	3627	0
213788808396054	18259	0
213788808396056	18258	0
213788964776728	15275	0
213790413262102	19340	0
213790413895702	19337	0
213790414310678	19334	0
213790414314774	3626	0
213790416407318	19331	0
213790416780054	18255	0
213790416844822	18253	0
213790474595608	15273	0
213790500291867	19328	0
213803639467288	3625	0
213803639467320	3624	0
213806140451640	3623	0
213807650270520	3622	0
213829339548438	34520	0
213829339548447	3621	0
213829339549462	34516	0
213829339576342	3620	0
213829339576598	3619	0
213829339577110	3618	0
213829339577112	3617	0
213829340597014	34508	0
213829341645590	3616	0
213829341645597	3615	0
213829341646102	3614	0
213829498530584	15269	0
213829498538774	15267	0
213830568086326	3613	0
213830568086354	3612	0
213830836521782	3611	0
213833352448998	3610	0
213833353083062	37636	0
213833353104182	37628	0
213833365883702	18251	0
213833365949238	38198	0
213833366080262	36358	0
213833366080278	36356	0
213846516272406	33578	0
213846516272918	19325	0
213846516272924	19324	0
213846517320982	33569	0
213846517321494	19321	0
213846517325078	3609	0
213846517325590	3608	0
213846577605912	32183	0
213846577606424	15265	0
213847931850694	19318	0
213850811239702	33790	0
213850811239958	19315	0
213850811239964	19314	0
213850812288278	33784	0
213850812288534	19311	0
213850812292374	3607	0
213850812292630	3606	0
213850814384918	33777	0
213850814757654	33677	0
213850814822422	18249	0
213850872573208	32232	0
213850872573464	15263	0
213850898269467	33769	0
213856535443225	3605	0
213856535443227	3604	0
213859133783321	18724	0
213859133791510	3603	0
213859133791511	18720	0
213859135879961	12619	0
213859150568727	15260	0
213859150634263	3602	0
213859212015385	18247	0
213872304692503	3601	0
213872304692535	3600	0
213876330241335	3599	0
213876330306871	3598	0
213915236793625	12616	0
213915236794137	12614	0
213915236801814	3597	0
213915236801815	12612	0
213915236802326	3596	0
213915236802327	12610	0
213915253579031	15258	0
213915253579543	15256	0
213915253644567	3595	0
213915253645079	3594	0
213919531760921	12608	0
213919531761177	12606	0
213919531769110	3593	0
213919531769111	12604	0
213919531769366	3592	0
213919531769367	12602	0
213919533857561	12599	0
213919548546327	15254	0
213919548546583	15252	0
213919548611863	3591	0
213919548612119	3590	0
213925867895320	18245	0
213925867895576	18243	0
213927855360790	20017	0
213945339821336	3589	0
213988253338390	20012	0
213993672604441	3588	0
213993672604473	3587	0
213993940843286	20007	0
213993940843287	3586	0
213993940843289	20006	0
213993940843369	20004	0
213994587372312	18236	0
213994587372313	18235	0
213994695818006	3585	0
213994695818007	12591	0
213994695818009	12590	0
213994855807767	18232	0
213994855807769	18231	0
213994856856345	18229	0
213994856860441	15247	0
213996574833433	19690	0
213996574837526	20001	0
213996575078683	18227	0
213996591921941	18223	0
213996616379161	21838	0
213996617415447	18221	0
213996617415449	18220	0
213996625160985	19996	0
213996625345305	18218	0
214012036713273	3584	0
214012036717369	36353	0
214013792054073	37720	0
214013804833593	10426	0
214013804899129	37402	0
214014185257753	11898	0
214016325401449	3583	0
214018087009129	3582	0
214018099788649	3581	0
214018368468249	3580	0
214018368468251	3579	0
214018368469785	3578	0
214018368469849	3577	0
214022381976409	3576	0
214022394755929	3575	0
214022394940249	3574	0
214022613081883	16590	0
214022613104667	3573	0
214022613104923	3572	0
214022613105433	3571	0
214022615178523	3570	0
214022773095193	31705	0
214022773095297	31702	0
214056972811033	33812	0
214056972815126	31409	0
214056973056283	18215	0
214056989899541	31325	0
214057023138585	31396	0
214057023322905	31318	0
214058097052473	3569	0
214058097056569	36349	0
214058365291369	37394	0
214269840276767	18211	0
214269840277277	18209	0
214293244278041	3568	0
214293244278045	19307	0
214297486818077	3567	0
214297487865884	3566	0
214297487865885	3565	0
214297488891167	3564	0
214297488891677	3563	0
214297488914461	3562	0
214297488914717	3561	0
214297550208287	27059	0
214301783882006	3560	0
214301783882013	3559	0
214301800659229	15236	0
214301800724765	3558	0
214306078817567	12578	0
214306078818077	12576	0
214306078849046	3557	0
214306078849053	12574	0
214310370671382	19993	0
214310370671389	19992	0
214311486552893	3556	0
214311754791789	19989	0
214361963750681	3555	0
214366207338524	3554	0
214370503354646	3553	0
214374798321686	3552	0
214379090144022	19986	0
214379090754326	19983	0
214379137940247	18199	0
214440650929995	3551	0
214449207311175	3550	0
214449853897603	3549	0
214860181994311	3548	0
214860182125335	3547	0
214860182125351	3546	0
214860450560775	3545	0
214860450560807	3544	0
214864195560887	29779	0
214864195562311	29777	0
214864208349991	3543	0
214864208354087	3542	0
214864208485127	36347	0
214864208595751	29775	0
214887313386824	3541	0
214930109401935	3540	0
214930109430600	3539	0
214930111499085	3538	0
214930348124340	29772	0
214930348124342	29771	0
214930348125000	29768	0
214932793748296	35008	0
214947286126412	31665	0
214947427200328	38204	10
214947427200840	29759	0
214948360908104	38204	11
214948360908616	38207	0
214951581093452	31655	0
214951722167624	29755	0
214951722167880	29753	0
214951752007755	36853	0
214952655875400	35000	0
214952655875656	34997	0
214952657972040	34993	0
214958662259175	3537	0
214958662262039	3536	0
214958662262055	3535	0
214962957226215	3534	0
214962957229319	3533	0
214962957229351	3532	0
214976179633993	26880	0
214976179633995	26879	0
214976179664713	3531	0
214976179664715	3530	0
214976181730633	3529	0
214976181730635	3528	0
214980036296009	3527	0
214980036304199	3526	0
214980038392649	3525	0
214980193232713	29750	0
214980206161993	36343	0
214980206161995	36342	0
215014765141319	34988	0
215014765141831	34983	0
215014765272343	3524	0
215014765272359	3523	0
215014765272855	3522	0
215014765272871	3521	0
215014825951177	34145	0
215015033707783	3520	0
215015033707815	3519	0
215015033708295	3518	0
215015033708327	3517	0
215016006655303	3516	0
215016006655815	3515	0
215016275090759	3514	0
215016275091271	3513	0
215016275221799	29746	0
215016275222311	29742	0
215019060108615	34980	0
215019060108871	34977	0
215019060239639	3512	0
215019060239655	3511	0
215019060239895	3510	0
215019060239911	3509	0
215019328675079	3508	0
215019328675111	3507	0
215019328675335	3506	0
215019328675367	3505	0
215020301622599	3504	0
215020301622855	3503	0
215020570058055	3502	0
215020570058311	3501	0
215020570189095	29739	0
215020570189351	29737	0
215044848791368	26875	0
215044848810568	3500	0
215044848810824	3499	0
215044850888008	3498	0
215048862248264	29735	0
215048862378568	29733	0
215048862378824	29731	0
215048875319368	36340	0
215085256716232	3497	0
215093564222281	33717	0
215094368488217	33094	0
215094368488233	33092	0
215096136969033	3496	0
215098663455497	37343	0
215098663455529	37340	4
215113568264011	32609	0
215113568287560	3495	0
215113568287561	32604	0
215113570360651	32598	0
215113585064775	3494	0
215113585064777	3493	0
215113585064809	3492	0
215115598330695	3491	0
215115598330697	3490	0
215115598330729	3489	0
215115837025095	29727	0
215115837025097	29725	0
215115837025129	29723	0
215117471063371	33708	0
215117471755081	33698	0
215117477346121	32592	0
215117581855560	29716	0
215117581855561	29713	0
215117594792011	37117	0
215117598632775	29711	0
215117598632777	29708	0
215117598632809	29706	0
215117880032073	3488	0
215117880032089	3487	0
215121893600073	29704	0
215121893600089	29702	0
215121906387753	3486	0
215126067418667	29699	0
215153441414475	38204	9
215153441414987	38224	0
215153441414988	38223	0
215156534700873	34964	0
215157736381771	32586	0
215157736382027	32583	0
215157736382028	32582	0
215157742971211	29697	0
215158548212553	29684	0
215369368531341	10397	0
215373663498381	10395	0
215388444073295	38204	10
215388444073805	38216	0
215390738381645	3485	0
215390738918735	38204	10
215390742574925	3484	0
215395037541773	3483	0
215395037542221	3482	0
215401312221517	34961	0
215401312352541	3481	0
215401312352557	3480	0
215401580787981	3479	0
215401580788013	3478	0
215402552686412	3477	0
215402552686413	3476	0
215402553734989	3475	0
215402553735501	3474	0
215402553735533	3473	0
215406844508748	3472	0
215406844508749	3471	0
215406844509005	3470	0
215406848702285	3469	0
215406848702541	3468	0
215407117137997	3467	0
215407117138013	3466	0
215407117269037	29680	0
215411139475788	3465	0
215411139475789	3464	0
215411139476301	3463	0
215411140524877	33325	0
215411408960333	3462	0
215411408960349	3461	0
215411409091373	29676	0
215411674250125	3460	0
215471272159052	3459	0
215475563981388	3458	0
215479858948428	3457	0
215479986498375	29662	0
215534257013083	7039	0
215539357447995	3456	0
215542847051579	24134	0
215547897051960	3455	0
215549100243793	24126	0
215551386655544	24124	0
215602940808537	3454	0
215602942905177	3453	0
215602976489563	7034	0
215611566524219	3452	0
215613510453341	37214	8
215613510453343	3451	0
215613527230557	3450	0
215613527230558	3449	0
215617802275677	3448	0
215617802275679	3447	0
215617819052893	3446	0
215617819052894	3445	0
215617819708242	3444	0
215617819716432	3443	0
215617819717813	3442	0
215617819720528	3441	0
215620105997144	12556	0
215620106128184	3440	0
215639215583323	3439	0
215989523546459	25215	0
215993818644539	7032	0
215996333776184	3438	0
215996333780280	3437	0
215996335258424	3436	0
215996337708344	3435	0
215996337712440	3434	0
215996573768504	3433	0
215996573772600	3432	0
215998083587384	3431	0
215998083591480	3430	0
215998099983675	27313	0
215998113611835	36850	0
216029037169469	3429	0
216029037169471	3428	0
216029053946685	3427	0
216029053946686	3426	0
216029054458035	3425	0
216029054458680	3424	0
216029054462776	3423	0
216029054470966	3422	0
216032322227024	3421	0
216032322358064	24119	0
216046133534008	3420	0
216046133534520	3419	0
216046133538104	3418	0
216046133538616	3417	0
216046149930299	7025	0
216046149930811	7023	0
216046149930812	7022	0
216050428501304	3416	0
216050428501560	3415	0
216050428505400	3414	0
216050428505656	3413	0
216050444897595	7019	0
216050444897851	7017	0
216050444897852	7016	0
216050458525755	38494	7
216055827132761	3412	0
216055827132763	3411	0
216055892119901	22615	0
216055892119903	3410	0
216055908897117	3409	0
216055908897118	3408	0
216058243019097	26313	0
216058243019099	26312	0
216064247962935	3407	0
216066833057593	3406	0
216066833057595	3405	0
216115803561296	3404	0
216115803561808	3403	0
216120098528592	3402	0
216120098528848	3401	0
216126912176472	26309	0
216131207274552	3400	0
216133237321528	11710	0
216133237340728	3399	0
216133237340984	3398	0
216133239418168	3397	0
216135488613688	3396	0
216135488986424	27844	0
216135489116728	27840	0
216135489116984	27834	0
216135502203448	3395	0
216135502203704	3394	0
216135502241848	3393	0
216152581311312	3392	0
216183003787208	3391	0
216183538560312	3390	0
216183538560824	3389	0
216183538560828	3388	0
216183538560968	3387	0
216183538933048	12552	0
216183538933560	12550	0
216187833527608	3386	0
216187833527864	3385	0
216187833527868	3384	0
216187833900344	12548	0
216187833900600	12546	0
216187846810168	34126	0
216187846810424	34119	0
216187847155768	36328	0
216193880111897	3383	0
216195631649115	26306	0
216195648416537	25952	0
216195648600857	3382	0
216198175079177	3381	0
216199926747195	8771	0
216199943568137	3380	0
216201956817211	3379	0
216201956817720	3378	0
216201956817721	3377	0
216202225253177	3376	0
216202225318713	3375	0
216202463763255	27820	0
216202463763257	27816	0
216202470034233	3374	0
216204098493241	32257	0
216204208086331	27486	0
216204208593720	27809	0
216204208593721	27805	0
216204221680440	3373	0
216204221680441	37114	0
216204221714491	37111	0
216204225370935	27797	0
216204225370937	27792	0
216204225375033	27651	0
216204238457657	37387	0
216204238523193	3372	0
216217391659865	3371	0
216217391725337	3370	0
216217391725401	3369	0
216217660160777	3368	0
216217660160848	3367	0
216217660160857	3366	0
216217928399673	3365	0
216217928399705	3364	0
216221300788048	3363	0
216221405227865	29646	0
216221405231961	29644	0
216221406280537	36323	0
216221407316825	29640	0
216221418011481	24116	0
216221418195801	29638	0
216222327987001	3362	0
216222327987075	3361	0
216252258032955	8766	0
216252258033467	8764	0
216252258033468	8763	0
216256046394137	25947	0
216256046578457	38143	0
216256314829577	36814	0
216256553000251	8760	0
216256553000507	8758	0
216256553000508	8757	0
216256566287160	34112	0
216256566287161	34107	0
216256566628411	37106	0
216256583064375	34101	0
216256583064377	34094	0
216256583068473	33307	0
216257523104593	38134	0
216257539881808	38111	0
216476830530365	3360	0
216476832627005	13372	0
216477365656895	12543	0
216477369497405	10375	0
216497105100095	3359	0
216501416490811	3358	0
216501416490812	3357	0
216501416490813	3356	0
216505661127228	3355	0
216505661127229	3354	0
216505661127485	3353	0
216505672293695	37782	0
216505672294205	37771	0
216505672659005	36317	0
216506628765789	3352	0
216506628831325	29629	0
216506645608528	3351	0
216506645608541	36313	0
216509956094776	3350	0
216509956094781	3349	0
216509972871997	10373	0
216509972937533	3348	0
216510920588125	3347	0
216510920653661	29623	0
216510937430864	3346	0
216510937430877	36304	0
216570135963451	3345	0
216570135963452	3344	0
216574380599868	3343	0
216575365081168	3342	0
216578675567416	3341	0
216578676054840	12535	0
216578692832055	12533	0
216579640736593	24109	0
216579656903504	3340	0
216579657513808	24096	0
216620848258377	3339	0
216620850355017	3338	0
216637925837665	32295	0
216637927365985	3337	0
216647425391457	31502	0
216647425522497	3336	0
216647538142017	22381	0
216647693957953	3335	0
216647806575028	31305	0
216647806577473	31300	0
216648666904929	3334	0
216648666905441	3333	0
216648666905473	3332	0
216648875056005	24091	0
216650809699137	32154	0
216650814360417	32149	0
216670142024545	27563	0
216703547673954	3331	0
216703642176354	3330	0
216712216971341	9757	0
216712216971343	3329	0
216712233748557	3328	0
216712233748558	3327	0
216716413373263	3326	0
216716413434688	3325	0
216716415470413	3324	0
216716526051506	38063	0
216716526051508	38061	0
216716526054208	38001	8
216719634606912	38001	9
216733591145801	3323	0
216733591146313	3322	0
216737886113097	3321	0
216737886113353	3320	0
216737888209737	3319	0
216771461856609	3318	0
216771461860705	3317	0
216771556359009	3316	0
216771556363105	3315	0
216775331232609	3314	0
216775331236705	3313	0
216775332765025	3312	0
216783922804961	3311	0
216783922806145	3310	0
216783924902785	3309	0
216784327474017	10360	0
216784327605057	3308	0
216784440222641	21707	0
216784440224577	21703	0
216786072303969	3307	0
216786072304481	3306	0
216786072304513	3305	0
216788215096241	38564	0
216788215098177	38559	0
216788219759457	10358	0
216788219870081	3304	0
216803787029889	3303	0
216803787030401	3302	0
216807547419489	3301	0
216807547423585	3300	0
216808081997185	3299	0
216808081997441	3298	0
216808084093825	3297	0
217154533650761	3296	0
217154533650763	3295	0
217154598637901	36234	0
217154598637903	3294	0
217154615415117	3293	0
217154615415118	3292	0
217170469887297	3291	0
217170486664512	3290	0
217214380965833	3289	0
217214493302081	3288	0
217214493302593	3287	0
217218788269377	3286	0
217218788269633	3285	0
217291939049801	3284	0
217291939049803	3283	0
217291939052313	3282	0
217291939052329	3281	0
217291939052361	3280	0
217292911999339	3279	0
217292911999849	3278	0
217293119114089	32276	0
217293180435305	3277	0
217293180566345	27716	0
217293387549545	33505	0
217295149157225	33499	0
217295160044313	25943	0
217295160224585	33493	0
217295160228633	3276	0
217299445181193	38314	0
217299455195913	3275	0
217301706951529	3274	0
217301736946489	3273	0
217301736946505	3272	0
217301975386985	3271	0
217303736994665	27637	0
217303737002809	27631	0
217303737002825	27626	0
217303750150969	3270	0
217303750150985	3269	0
217304018647833	3268	0
217304018647849	3267	0
217304018647873	3266	0
217304018647881	3265	0
217306031913769	3264	0
217306031913793	3263	0
217306031913801	3262	0
217306048691008	3261	0
217306048691017	38001	8
217308031970121	38051	0
217308033018697	38001	8
217308044749609	33303	0
217308044749641	33301	0
217308045118249	3260	0
217308045118281	3259	0
217308045122377	38007	0
217321304836969	28126	0
217325123946859	21157	0
217325123947369	21155	0
217325124192619	29607	0
217325124193129	29605	0
217355557956425	33297	0
217355558021913	25939	0
217355558206233	24082	0
217355826457353	36802	0
217356094696249	33292	0
217356094696265	38587	0
217356363131689	33287	0
217356363131721	36036	0
217356363197257	37382	0
217356363500329	29601	0
217356363500361	29598	0
217357336201579	21151	0
217357336202089	21148	0
217357336447339	29595	0
217357336447849	29592	0
217357571468105	29588	0
217357604637545	37454	0
217357604883305	29585	0
217357605014345	38487	0
217566814859593	3258	0
217566814859597	25207	0
217567785712493	3257	0
217567787809133	21827	0
217576881189773	3256	0
217596081950063	38184	8
217605335349293	29579	0
217605335349313	3255	0
217605335349325	29574	0
217609219275533	3254	0
217609484434285	22375	0
217609484565309	3253	0
217609484565325	3252	0
217609753000781	29566	0
217609754049357	38001	7
217635534332233	3251	0
217674054821953	3250	0
217678347070273	33278	0
217722945796945	3249	0
217724552575825	30744	0
217738649137531	3248	0
217747586620214	24067	0
217765640478588	24058	0
217769935445628	24050	0
217807368556402	16587	0
217807368556411	16586	0
217807368614002	3247	0
217807368614011	3246	0
217807370653042	3245	0
217807370653051	3244	0
217810469195122	3243	0
217810469736562	36726	0
217810470242786	3242	0
217810470243698	3241	0
217810472340082	3240	0
217810472340338	3239	0
217810472378482	3238	0
217810589778811	21143	0
217814765209826	3237	0
217814765210994	3236	0
217814765211010	3235	0
217814767307378	3234	0
217814767307634	3233	0
217814767307650	3232	0
217816037657426	3231	0
217816306092854	3230	0
217816306092882	3229	0
217819057032162	3228	0
217819057556306	36399	0
217819057574066	36720	0
217819062274930	3227	0
217819062274946	3226	0
217819062405458	22992	0
217819062405970	22988	0
217834359950706	3225	0
217834359951218	3224	0
217834359951228	3223	0
217834360999282	3222	0
217834360999794	3221	0
217834629434738	3220	0
217834629434754	3219	0
217834629435250	3218	0
217834629435266	3217	0
217834629565778	36063	0
217834629566290	18193	0
217838654918002	3216	0
217838654918258	3215	0
217838654918268	3214	0
217838655966578	3213	0
217838655966834	3212	0
217838658062962	3211	0
217838658063218	3210	0
217838658408562	35820	0
217838924402034	3209	0
217838924402050	3208	0
217838924402290	3207	0
217838924402306	3206	0
217838924533074	22983	0
217838924533330	18191	0
217838926498674	3205	0
217838926498690	3204	0
217838926629714	22977	0
217875282785137	3203	0
217875282785147	3202	0
217879141524337	3201	0
217879309255547	3200	0
217880482250065	3199	0
217883951840081	18187	0
217884778821969	3198	0
217884778822481	3197	0
217887726713681	31362	0
217887731562833	27525	0
217887731563345	27520	0
217903298723153	26956	0
217903298723665	18184	0
217907593690449	27515	0
217907593690705	18182	0
217907595787089	27508	0
217944002261627	3196	0
217948015111547	29553	0
217948028424827	3195	0
217952671320854	3194	0
217952939756294	3193	0
217971748581244	29537	0
217976043548284	29526	0
218391825447769	27474	0
218392708905753	3192	0
218392708905842	3191	0
218397003870331	3190	0
218397003873033	3189	0
218397195197191	35953	0
218397195197193	35947	0
218398882893947	36000	0
218401248506747	3188	0
218401248508729	3187	0
218401487018807	3186	0
218401487018809	3185	0
218403127530363	28072	0
218407931575129	27468	0
218409871670105	3184	0
218410076941145	29506	0
218410079030105	29498	0
218411717568859	29495	0
218411750685529	32565	0
218411751115099	29488	0
218456009112409	32560	0
218457116269427	35525	0
218457133353842	29479	0
218666602560863	8755	0
218671878631548	3183	0
218671878631549	3182	0
218671879680125	3181	0
218672148115581	3180	0
218672148115597	3179	0
218672148246621	18173	0
218676123267964	3178	0
218676123267965	3177	0
218676124316541	3176	0
218676392751997	3175	0
218676392752013	3174	0
218682708688223	8752	0
218684982766943	36158	0
218684982767453	36155	0
218685016313183	29465	0
218685016313693	29455	0
218699796969757	24029	0
218700551944493	29453	0
218700820183389	3173	0
218704091936797	24026	0
218704846911533	29449	0
218705115118943	3172	0
218705115119453	3171	0
218705115150429	3170	0
218708383759133	24022	0
218709138733869	29443	0
218709406972765	3169	0
218740598104188	3168	0
218744842740604	3167	0
218818361562253	26413	0
218818361562255	3166	0
218818378339469	3165	0
218818378339470	3164	0
218819907163275	26806	0
218822455815553	3163	0
218822459747713	3162	0
218828486745451	24004	0
218842262236033	20691	0
218845574208899	23993	0
218845576305539	23991	0
218846557203329	32007	0
218847361466806	30257	0
218847361469281	30254	0
218849837615969	3161	0
218849871272835	23987	0
218864457096555	28730	0
218864457097067	28727	0
218864457097068	28726	0
218865438432643	38370	0
218865438433155	38365	0
218868752063851	23983	0
218868752064107	23981	0
218868752064108	23980	0
218868762247531	28047	0
218869733399939	23972	0
218869733400195	23970	0
218869735496579	23967	0
218892921733995	3160	0
218895487012194	3159	0
218895487012226	3158	0
218895490944354	3157	0
218895490944386	3156	0
218897095396194	3155	0
218897096474722	7005	0
218897097166178	3154	0
218897099262562	3153	0
218897099262818	3152	0
218897099328354	3151	0
218897216701291	3150	0
218897216712811	3149	0
218911251172226	3148	0
218914276838786	3147	0
218914276904322	24693	0
218914278935426	3146	0
218914279000962	18162	0
218914293681538	37872	0
218914293681539	3145	0
218914293689728	37867	0
218914295778178	21123	0
218914295778179	3144	0
218914295786368	21121	0
218915546139522	3143	0
218915546169522	3142	0
218918573902722	3141	0
218918573968258	18160	0
218918590745474	21119	0
218918590745475	3140	0
218918590753664	21117	0
218932641796034	3139	0
218934141062530	3138	0
218934141063042	3137	0
218934141128066	18157	0
218934141128578	18154	0
218934157905282	21114	0
218934157905283	3136	0
218934157905794	21111	0
218934157905795	3135	0
218934157913472	21108	0
218934157913984	21105	0
218937481724011	36450	0
218937482019691	21102	0
218938436029826	3134	0
218938436030082	3133	0
218938436095362	18152	0
218938436095618	18150	0
218938438126466	3132	0
218938438192002	22786	0
218938452872578	21100	0
218938452872579	3131	0
218938452872834	21098	0
218938452872835	3130	0
218938452880768	21096	0
218938452881024	21094	0
218938454969218	37668	0
218938454969219	3129	0
218938454977408	37663	0
218961909661537	19042	0
218961909661547	19041	0
218961909707617	3128	0
218961909707627	3127	0
218961911758177	3126	0
218961911758187	3125	0
218961989679969	3124	0
218961990746977	16842	0
218964156169569	3123	0
218964156169601	3122	0
218964160101729	3121	0
218964160101761	3120	0
218965764553569	3119	0
218965765620577	35358	0
218965766323553	3118	0
218965768419937	3117	0
218965768420193	3116	0
218965768485729	3115	0
218965935686507	7003	0
218965936178027	3114	0
218965936189547	36289	0
218978987240833	21526	0
218978987240835	21524	0
218978988784513	3113	0
218978988784515	3112	0
218979165354881	18147	0
218979995417473	3111	0
218979995417475	3110	0
218982940228481	30777	0
218982946061697	30768	0
218982948158337	18145	0
218983012789635	36545	0
218983013158275	3109	0
218983013162371	36286	0
218983014886275	15217	0
218983015254915	3108	0
218983015259011	36284	0
218983283751809	3107	0
218983283751811	3106	0
218983460322177	18142	0
218983460340657	18140	0
218984290384769	3105	0
218984290384771	3104	0
218987235195777	18137	0
218987235214257	18135	0
218987243015009	3103	0
218987243125633	18133	0
218987309853571	15215	0
218987309861731	15213	0
218987310222211	3102	0
218987310226307	36594	0
219000555978689	18130	0
219002804321665	36431	0
219002804322177	18126	0
219002810285441	18123	0
219002810285953	18120	0
219002877013379	15210	0
219002877013891	15207	0
219002877382019	3101	0
219002877382531	3100	0
219002877386115	38373	13
219002877386627	38397	0
219006201004907	7001	0
219006201496427	3099	0
219007099288961	27235	0
219007099289217	18117	0
219007105252737	18115	0
219007105252993	18113	0
219007107349377	27228	0
219007171980675	15205	0
219007171980931	15203	0
219007172349315	3098	0
219007172349571	3097	0
219007172353411	36282	0
219007172353667	36280	0
219007174077315	37245	0
219007174445955	3096	0
219007174450051	36277	0
219010496474987	31236	0
219010496524651	3095	0
219010496524907	3094	0
219010498571627	3093	0
219013180834155	27331	0
219048981769604	29429	0
219049221761924	29425	0
219053516729220	29417	0
219053516751540	29414	0
219053516751542	29413	0
219053516753762	29411	0
219070612385131	29400	0
219070612385643	29398	0
219070612385644	29397	0
219070612385732	29395	0
219074907352427	29384	0
219074907352683	29382	0
219074907352684	29381	0
219074920481387	6998	0
219080153849219	3092	0
219080153853315	3091	0
219080155396995	3090	0
219080157781379	3089	0
219080157785475	3088	0
219084649541773	3087	0
219084649541775	3086	0
219084666318989	3085	0
219084666318990	3084	0
219086195142795	6996	0
219086195273835	3083	0
219117135944579	3082	0
219117135948675	3081	0
219120385015169	23963	0
219120387111809	23961	0
219120401792384	36560	0
219120403889024	23959	0
219120418184579	3080	0
219120418188675	3079	0
219120418557315	29355	0
219120420281219	3078	0
219120420285315	3077	0
219120420653955	29353	0
219121430911875	3076	0
219121430915971	3075	0
219121430922675	3074	0
219121430924131	3073	0
219124682079105	23957	0
219124698856320	23955	0
219124715248515	3072	0
219124715252611	3071	0
219124715260771	3070	0
219124715621251	29349	0
219138526568387	3069	0
219140249238913	23948	0
219140249239425	23942	0
219140266016128	23930	0
219140266016640	23921	0
219140282408323	3068	0
219140282408835	3067	0
219140282412419	3066	0
219140282412931	3065	0
219140282781059	29322	0
219140282781571	29312	0
219144544206209	23919	0
219144544206465	23917	0
219144546302849	37200	0
219144560983424	23915	0
219144560983680	23913	0
219144563080064	37186	0
219144577375619	3064	0
219144577375875	3063	0
219144577379715	3062	0
219144577379971	3061	0
219144577748355	29304	0
219144577748611	29302	0
219144579472259	3060	0
219144579476355	3059	0
219144579844995	29293	0
219491398646627	3058	0
219495901530886	3057	0
219499955024747	3056	0
219500193352502	3055	0
219511548083041	23909	0
219511548083042	3054	0
219511739222881	23906	0
219512007658336	3053	0
219512272948067	3052	0
219515514096481	23904	0
219515524234081	23902	0
219515541011296	23900	0
219515557284707	3051	0
219515557776227	29282	0
219515561282402	29280	0
219515574553442	29278	0
219555806022496	3050	0
219555822603107	3049	0
219555823094627	29270	0
219766400282987	3048	0
219766400282988	3047	0
219766400282989	3046	0
219767381568911	21083	0
219767381569421	21081	0
219767381619075	3045	0
219767381619085	21079	0
219770695250027	3044	0
219770695250028	3043	0
219770695250029	3042	0
219771659743373	3041	0
219771659808909	18103	0
219771676586115	3040	0
219771676586125	3039	0
219774830834541	3038	0
219774987072363	3037	0
219774987072364	3036	0
219774987072365	3035	0
219775897398671	38204	12
219775904379789	3034	0
219775904445325	3033	0
219775904445581	3032	0
219775960021901	3031	0
219775960313231	37571	0
219775971495311	3030	0
219775971495821	3029	0
219775971553421	3028	0
219775971553677	3027	0
219780199412865	3026	0
219780199412877	3025	0
219780216190080	3024	0
219780216190093	38536	0
219784527506831	3023	0
219784527507341	3022	0
219784527541645	3021	0
219788789085325	3020	0
219803620109711	38204	12
219803620110221	38269	0
219835119755627	3019	0
219835119755628	3018	0
219836101091715	3017	0
219839414722667	3016	0
219839414722668	3015	0
219840396058755	3014	0
219843706545003	3013	0
219843706545004	3012	0
219848918885505	3011	0
219848935662720	3010	0
219877901962081	23892	0
219932169685873	35208	0
219932186450804	23887	0
219932203228019	23885	0
219946607778616	23883	0
219946665114433	27962	0
219946933353329	3009	0
219964111101297	3008	0
219964111101809	3007	0
219968406068593	3006	0
219968406068849	3005	0
219968425237364	23872	0
219996610956130	3004	0
219996610956146	3003	0
220000905923410	3002	0
220000905923442	3001	0
220000905923444	3000	0
220000922700658	38087	0
220000922700659	2999	0
220000922708848	38001	11
220015057793170	38175	0
220015057793202	38173	0
220015327251256	2998	0
220015862025074	21071	0
220015862033264	38001	10
220018085530482	2997	0
220018085661522	18096	0
220037144709970	22775	0
220037144710002	22772	0
220037144710004	2996	0
220065280113505	2995	0
220065280113521	2994	0
220065613978993	2993	0
220065613978995	2992	0
220065615706993	2991	0
220065615706995	2990	0
220069575080785	2989	0
220069575080817	2988	0
220069575084913	2987	0
220069639527795	2986	0
220069642177395	2985	0
220069642181491	36263	0
220082812174225	18091	0
220082814270865	18088	0
220082971964305	18086	0
220082971964337	18084	0
220083802078033	2984	0
220084070511505	2983	0
220084070513473	2982	0
220084338752369	2981	0
220086746837905	35400	0
220086746837937	35398	0
220086754818897	18079	0
220101516500337	2980	0
220101516500849	2979	0
220104287140721	35343	0
220105811467633	2978	0
220105811467889	2977	0
220105813867345	27219	0
220105813867377	27215	0
220112608635764	31041	0
220138294553460	29265	0
220138294561649	2976	0
220138294561650	29263	0
220138311338864	2975	0
220138311338866	36259	0
220151531696788	2974	0
220151531698964	2973	0
220151692479256	27989	0
220151800134404	2972	0
220151960914696	35889	0
220152789938068	29257	0
220152792034708	29251	0
220153028356980	29247	0
220153296792408	29245	0
220153296792436	29242	0
220155544546276	29236	0
220155544546708	29233	0
220155544939380	29229	0
220155544957588	29227	0
220155544957620	29225	0
220155557737108	12527	0
220155558177540	36257	0
220174264904564	29220	0
220174533340020	29216	0
220178860186995	2971	0
220178861914995	2970	0
220181277793139	27191	0
220220942539635	27774	0
220221810998131	2969	0
220224226876275	34076	0
220224227313043	29208	0
220238988746099	2968	0
220238988746611	2967	0
220243252820849	23867	0
220243269598064	35804	0
220243283713395	2966	0
220243283713651	2965	0
220243286362995	29199	0
220250014051092	2964	0
220254309018372	2963	0
220288937098004	23863	0
220289662020408	2962	0
220310412028692	37434	0
220866054233471	2961	0
220866054233981	2960	0
220874603625341	2959	0
220890246847871	2958	0
220890246848381	2957	0
220907969182525	18071	0
221020944004481	2956	0
221096120420066	2955	0
221096120421730	2954	0
221096122517154	2953	0
221096122518370	2952	0
221101684493186	2951	0
221101684531330	2950	0
221104712601730	18065	0
221132359208274	37214	9
221132359208786	18060	0
221132627447170	2949	0
221132627447682	2948	0
221136654175570	23069	0
221136654175826	18057	0
221136656272210	23063	0
221136922414466	2947	0
221136922414722	2946	0
221136924511106	2945	0
221136924549250	2944	0
221164789577441	2943	0
221164789579105	2942	0
221164791674529	2941	0
221164791675745	2940	0
221169437326721	18053	0
221169439096705	18050	0
221169441193345	18047	0
221169441258881	18044	0
221169598675841	18041	0
221169598702465	18039	0
221173373353345	33756	0
221173373418881	33747	0
221173373549441	33740	0
221173373576065	33729	0
221201028365649	27007	0
221201028366161	18033	0
221201290640769	18030	0
221201290641281	18027	0
221201290641345	18025	0
221201290706305	18022	0
221201290706817	18019	0
221205323332945	27675	0
221205323333201	18016	0
221205325429585	27668	0
221205585608065	18014	0
221205585608321	18012	0
221205585673601	18010	0
221205585673857	18008	0
221205593695105	2939	0
221238158619268	2938	0
221242171469188	29189	0
221242171534724	29187	0
221242171665284	29185	0
221242171695748	29183	0
221242184475268	2937	0
221269475340228	29180	0
221278642042243	2936	0
221280854359317	2935	0
221280856455957	2934	0
221285149323493	2933	0
221285149326597	2932	0
221285151420581	2931	0
221285151423237	2930	0
221285151551621	10345	0
221307569265539	2929	0
221307569284483	2928	0
221310851505539	2927	0
221310853602179	2926	0
221310853621123	2925	0
221310854235523	29161	0
221336957369621	37275	0
221336957370133	23845	0
221341252336917	36638	0
221341252337173	23842	0
221341254433557	36631	0
221343065875843	2924	0
221343066490243	29153	0
221351673262212	2923	0
221353820708996	10343	0
221964827947341	26642	0
221969877889117	17991	0
221970146128013	2922	0
221973854090093	2921	0
221974384800653	2920	0
221974390764429	2919	0
221981470946061	2918	0
221983013926285	2917	0
221985447147037	23832	0
227643078613823	23826	0
227643799968655	29840	0
227702965405634	2916	0
227707954530386	24823	0
227711529651023	2914	0
227711798086463	2912	0
227712066325359	19976	0
227712246287186	17984	0
227712246352722	17981	0
227712519441282	2909	0
227712519441295	2908	0
227770879588289	17978	0
227776623687761	30960	0
227780915444561	17974	0
227780915510097	17971	0
227781180734337	17968	0
227781180799425	17966	0
227781180799873	17964	0
227840935995332	29148	0
227849365498308	29145	0
227849908071311	29139	0
227880608870533	10334	0
227908257724693	23821	0
227916882787103	23817	0
227949278027908	10332	0
227976926882068	23815	0
227985513605908	36372	0
227985513671444	25930	0
227985602079519	25926	0
227985870514959	25918	0
227986138753855	33252	0
227986407189295	33244	0
227987380259727	21054	0
228054580157191	17957	0
228054580222727	17955	0
228054845446967	17950	0
228054845512503	17948	0
228054858226487	35501	0
228054858226495	35496	0
228081457332678	6992	0
228085752299718	6989	0
228090044122054	35711	0
228122957286175	23810	0
228122990709526	2905	0
228122990709535	2904	0
228123259144966	2901	0
228123259144975	2900	0
228123514604342	17943	0
228123514669878	17941	0
228123527383862	38494	8
228123527383871	38495	0
228123712260911	29134	0
228123980499807	2899	0
228124248935247	2898	0
228124282358607	21052	0
228149581222215	26636	0
228149642031561	26301	0
228161721627337	34050	0
228166224220935	2897	0
228170308416713	2896	0
228170843190473	2895	0
228227857425352	2894	0
228238977574088	2893	0
228239512347848	2892	0
228949670054254	24308	0
228953961876590	15170	0
228954227166366	15167	0
228971339927196	26093	0
228971782438548	12524	0
228971782807188	2891	0
228971782811280	2890	0
228971782811284	2889	0
228971815980694	24296	0
228971816234640	8738	0
229038433787417	12766	0
229040519134741	23807	0
229090326047444	25901	0
229108382543492	25193	0
229108490194560	21050	0
229108918349444	25891	0
229108919398020	25888	0
229109183639220	33646	0
229109184337636	33641	0
229109184359956	33636	0
229109187833476	33630	0
229109187833492	33628	0
229109187837588	25543	0
229109188206228	23803	0
229109245169296	34620	0
229109245169302	34619	0
229109254934166	25540	0
229150191548958	2888	0
229150459787854	2887	0
229150728223294	2886	0
229158778338334	35219	0
229159046577230	33258	0
229159315012670	25533	0
229175843925527	35073	0
229175860690458	35094	0
229176112164423	25189	0
229176128929354	25530	0
229176380599863	25186	0
229176397364794	25527	0
229177907314324	25520	0
229177907314325	25519	0
229177924091541	25516	0
229177924157077	35088	0
229199583470494	2885	0
229223474227534	26633	0
229227392560152	32789	0
229227392625688	15161	0
229227670629448	26629	0
229227671678024	26626	0
229244572233240	32984	0
229244572298776	32979	0
229244589075992	32906	0
229244589075993	32905	0
229244589084182	32104	0
229244605656604	32972	0
229244848401992	26623	0
229244848401994	26622	0
229245123858000	6980	0
229246626786964	26615	0
229270370415641	2884	0
229296071547927	2883	0
229296072596503	2882	0
229296339786823	38494	14
229296340835399	38501	0
229313248271895	21579	0
229313249320471	21576	0
229313249324567	2881	0
229313308552729	33525	0
229313308556825	32098	0
229313309605401	32070	0
229313516510791	26610	0
229313517559367	26607	0
229313517563463	26604	0
229313578040857	31949	0
229313578040873	31947	0
229313843330640	32064	0
229313843330649	32063	0
229314112788457	23799	0
229314112790121	23797	0
229315346267737	33072	0
229315379822137	33065	0
229315379953177	33060	0
229336217133934	2880	0
229339036623896	2879	0
229343733327694	2878	0
229381952220692	2877	0
229381952220720	17919	0
229381968793114	35126	0
229381968801303	2876	0
229381968801304	35122	0
229381985578520	32717	0
229381985644056	2875	0
229381985644080	2874	0
229381985644088	2873	0
229382237032010	26595	0
229382237040199	26592	0
229382237040200	26591	0
229382253817416	26588	0
229382253817432	26586	0
229382254079512	2872	0
229382254079528	2871	0
229382522252854	2870	0
229382522252856	26284	0
229382522252888	26282	0
229382522318424	32711	0
229382583062074	25879	0
229382583062076	25878	0
229382992014936	17917	0
229382992014964	2869	0
229383260450392	26582	0
229383260712472	23795	0
229405198758873	2868	0
229450697186838	15157	0
229450713951769	15155	0
229451231960656	12512	0
229451518189161	23793	0
229520426774108	26139	0
230105821492894	2867	0
230105821501486	2866	0
230105821632526	2865	0
230113337686654	2864	0
230117901089134	2863	0
230121923427029	2862	0
230122192911470	2861	0
230139006828154	8730	0
230139760754309	10319	0
230139761802885	10317	0
230140030238341	10315	0
230140030238357	10313	0
230140030750245	2860	0
230140030758405	2859	0
230140030762501	2858	0
230140047015573	12510	0
230140047015574	8726	0
230140047023656	12508	0
230140047023657	12507	0
230140047023763	12505	0
230140047154696	12503	0
230140047154697	12502	0
230176954805294	2857	0
230176955853101	2856	0
230176955853102	2855	0
230176956901678	2854	0
230176956901934	2853	0
230176956917294	2852	0
230176956917550	2851	0
230181117688358	2850	0
230181118609958	2849	0
230181121559078	2848	0
230181251869230	2847	0
230181251873326	2846	0
230185432541997	10307	0
230185542642477	10304	0
230185542642478	10303	0
230185542642734	10301	0
230185546836270	10299	0
230185547270446	2845	0
230186620569894	21042	0
230186620569902	21041	0
230189709696038	8720	0
230189710744614	8718	0
230189726460969	10297	0
230189727509545	10295	0
230189743238184	10293	0
230189744286760	10291	0
230189837609517	10289	0
230189837609518	10288	0
230189837609684	10286	0
230189837610030	10284	0
230189838658606	10282	0
230189838662702	8711	0
230190912392230	21039	0
230190912392238	21038	0
230206886420006	8709	0
230206887468582	8707	0
230206887472678	8705	0
230206887472680	6976	0
230206888021542	2844	0
230206903184937	10280	0
230206904233513	10278	0
230206904233514	10277	0
230206904249894	10275	0
230206904249895	6972	0
230206921010728	10273	0
230206921010730	10272	0
230206921014826	8702	0
230206921444906	2843	0
230206950370858	10270	0
230206950370860	10269	0
230208766492310	8700	0
230208766496294	21036	0
230208766496296	21035	0
230208766496297	21034	0
230208766496406	21032	0
230208766676630	8696	0
230225541618727	2842	0
230225541618734	2841	0
230225543715367	5291	0
230225543715374	5290	0
230226080585774	8694	0
230226080593054	8692	0
230226081088814	2840	0
230249971350053	2839	0
230249971350062	2838	0
230249971350094	2837	0
230250239785509	2836	0
230250239785518	2835	0
230250239785534	2834	0
230250239916549	2833	0
230250239916558	2832	0
230254148908327	2831	0
230254149829927	2830	0
230254266320174	2829	0
230258462719013	8690	0
230258463767589	8687	0
230258558139429	8684	0
230258558139438	8683	0
230258558139470	8681	0
230258731154469	37941	0
230258731285509	37892	15
230258732203045	22092	0
230258732334085	22089	0
230258826574885	22086	0
230258826574894	22085	0
230258826574910	8677	0
230258826705925	22082	0
230258826705934	22081	0
230259894016727	17910	0
230259894017182	17908	0
230275623724327	6969	0
230275623726629	6967	0
230275623726631	6966	0
230275623726663	6964	0
230275640491557	8675	0
230275640491562	8674	0
230275640491594	8672	0
230275892162085	21819	0
230275892162087	21818	0
230275892162103	6962	0
230275892293125	37423	0
230275892293127	37422	0
230275908927013	22078	0
230275908927018	22077	0
230275908927034	8670	0
230275909058053	22074	0
230275909058058	22073	0
230277006778012	17906	0
230277435653669	22070	0
230277435653673	22069	0
230277435653779	22067	0
230277435653781	22066	0
230277435784709	37856	0
230277435784713	37855	0
230277435784853	37849	0
230277436149285	21028	0
230277436157445	21026	0
230294632331302	2828	0
230294633252902	2827	0
230294636202022	2826	0
230294800062510	2825	0
230299095032734	2824	0
230322985789742	15153	0
230322985789774	15151	0
230322985796910	15149	0
230322986092590	2823	0
230322986092846	2822	0
230327182191656	15147	0
230327182191688	15145	0
230327182494760	2821	0
230327183240232	15143	0
230327183240264	15141	0
230327183543336	2820	0
230344359964200	18886	0
230344359964202	15139	0
230344359964232	15137	0
230344359964234	15136	0
230344360267304	18883	0
230344360267306	2819	0
230344904969734	6960	0
230345885642280	21024	0
230345885773320	15133	0
230345886690856	21022	0
230345886690858	21021	0
230345886821896	15130	0
230345886821898	15129	0
230346155126312	21019	0
230346155126313	21018	0
230346155126419	15126	0
230346155257352	15124	0
230346155257353	15123	0
230346171891350	17904	0
230346172075670	2818	0
230363351776809	38204	6
230363351777065	38239	0
230363353873449	37467	0
230363354922025	12499	0
230363512208425	18512	0
230363512208430	18511	0
230363512964905	18507	0
230372109612041	2817	0
230372109612046	2816	0
230395851349029	2815	0
230395851349031	15120	0
230395851349063	15118	0
230395852397605	2814	0
230395852397607	15116	0
230395852397639	15114	0
230395992898093	12497	0
230395992898094	12496	0
230395992898601	12493	0
230395992898606	12492	0
230395992906791	12490	0
230395992906798	12489	0
230396527680622	2813	0
230413028072997	18879	0
230413028072999	18878	0
230413028073031	15676	0
230413029121573	18875	0
230413029121575	18874	0
230413029121607	15673	0
230413029125669	2812	0
230413029125671	15108	0
230413029125703	15106	0
230413088882217	38295	0
230413088882219	38294	0
230413088882220	38293	0
230413089638185	38284	0
230413089638370	38204	5
230413089638377	38282	0
230413089639975	38281	0
230413089639977	38279	0
230413089668617	38276	0
230413089668649	38204	5
230413105659433	12487	0
230413105659434	12486	0
230413105659436	12485	0
230413105667623	12483	0
230413105667628	12482	0
230413624412137	2811	0
230413624413801	2810	0
230413640441452	5281	0
230413893905927	36890	0
230413893905929	36889	0
230414874603049	21015	0
230414874607141	22489	0
230414874607145	22488	0
230414874734089	15102	0
230414874738181	22485	0
230414874738185	22484	0
230414874971689	21012	0
230414874979849	21010	0
230414891384361	22480	0
230414891384377	21007	0
230414891515401	22477	0
230414891580937	12479	0
230414908149287	21005	0
230414908149289	21004	0
230414908395047	2809	0
230414908395049	2808	0
230431165293694	2807	0
230431427136040	2806	0
230431433729320	2805	0
230431433729326	2804	0
230435728696174	2803	0
230435728696616	2802	0
230435728696622	2801	0
230443179869482	2800	0
230443179869484	2799	0
230443180918058	2798	0
230443180918060	2797	0
230443180918061	2796	0
230443244881194	2795	0
230443244881198	2794	0
230443244889384	2793	0
230443244889390	2792	0
230443244889902	2791	0
230443244889934	2790	0
230481748594213	19968	0
230481748594218	19967	0
230481748594250	15097	0
230481748602405	19964	0
230481748602407	15095	0
230481748602408	19963	0
230481748602439	15093	0
230481748602440	15092	0
230481765379621	12477	0
230481765379622	15090	0
230481765379624	15089	0
230481765379656	15087	0
230481765379672	15085	0
230481765665320	2789	0
230481765666344	2788	0
230481765666346	2787	0
230481765707272	2786	0
230481765707304	2785	0
230481825136170	12473	0
230481825136172	12472	0
230481825140266	12470	0
230481825140268	12469	0
230481826188842	19960	0
230481826188844	19959	0
230482033815077	22474	0
230482033815078	2784	0
230482033815080	22473	0
230482033815094	2783	0
230482033815096	12467	0
230482033815128	22471	0
230482033946117	37141	0
230482033946118	2782	0
230482033946120	37140	0
230482033946200	37136	0
230482094624298	22364	0
230482094624300	22363	0
230482094624314	10264	0
230482094624316	10263	0
230482094755338	22360	0
230482094755340	22359	0
230482359914090	10261	0
230482359914092	10260	0
230482788789797	21002	0
230482788789798	21001	0
230482788789800	21000	0
230482788789859	15081	0
230482788920837	2781	0
230482788920838	15079	0
230482788920840	15078	0
230500415354073	2780	0
230504710321113	2779	0
230509002143449	2778	0
230511849026857	2777	0
230511850075433	2776	0
230511850075437	2775	0
230511850816809	2774	0
230516251991086	2773	0
230516251998253	2772	0
230516251998254	2771	0
230550494297639	12465	0
230550494297641	12464	0
230550495039015	12462	0
230550495039017	12461	0
230551029071465	10256	0
230551029812841	10254	0
230568865893422	2770	0
230569244298282	2769	0
230569245346858	2768	0
230569404292138	12459	0
230569404292142	12458	0
230580568499500	25704	0
230580569548076	19290	0
230580569548077	19289	0
230580679648556	19286	0
230580679648557	19285	0
230580679648558	19284	0
230584870829098	2767	0
230584871685162	2766	0
230584871750698	2765	0
230584971467822	2764	0
230589266437932	2763	0
230589266437933	2762	0
230589266437934	2761	0
230619213770279	12456	0
230619213770284	12455	0
230619230534698	12453	0
230619230535210	12451	0
230619230535212	12450	0
230619748544108	10251	0
230843660111400	6956	0
230843660111401	2760	0
230843676692012	2759	0
230844120108586	2758	0
230844384677414	10249	0
230844388113961	12447	0
230844405386789	2757	0
230844421660200	19373	0
230844421660201	19372	0
230855444309294	26017	0
230859766238761	2756	0
230859766238850	2755	0
230859782266412	5277	0
230864000691749	2754	0
230868312721966	2753	0
230868372192812	12442	0
230872590618149	19956	0
230872607690280	2752	0
230872607690386	2751	0
230876928572462	12440	0
231243983842334	10245	0
231243988350494	2750	0
231275661323294	2749	0
231275662371101	2748	0
231275662371102	2747	0
231275663419678	2746	0
231275663419934	2745	0
231275663435294	2744	0
231275663435550	2743	0
231279824206358	2742	0
231279824943638	2741	0
231279824947734	2740	0
231279827892758	2739	0
231279827896854	2738	0
231279958387230	2737	0
231279958391326	2736	0
231284139059997	10240	0
231284249160477	10237	0
231284249160478	10236	0
231284249160734	10234	0
231284253354270	10232	0
231284253604126	2735	0
231284253608222	2734	0
231288416214038	8662	0
231288417262614	8660	0
231288432978969	10230	0
231288434027545	10228	0
231288449756184	10226	0
231288450804760	10224	0
231288544127517	10222	0
231288544127518	10221	0
231288544128030	10218	0
231288545176606	10216	0
231288545180702	8653	0
231305592938006	8651	0
231305593986582	8649	0
231305593990678	8647	0
231305593990680	6952	0
231305594355222	2733	0
231305594359318	2732	0
231305609702937	10214	0
231305610751513	10212	0
231305610751514	10211	0
231305610767894	10209	0
231305610767895	6948	0
231305627528728	10207	0
231305627528730	10206	0
231305627532826	8644	0
231305627778586	2731	0
231305627782682	2730	0
231305656888858	10204	0
231305656888860	10203	0
231307511352962	6944	0
231308266323606	8642	0
231308266327698	8640	0
231308266327702	8639	0
231308278120086	8637	0
231308278124182	8635	0
231308278189718	37103	0
231308278304406	37100	0
231348677868062	2729	0
231348677933598	2728	0
231349751413310	2727	0
231349751478846	2726	0
231352855426327	2725	0
231352972838174	2724	0
231357264657438	8629	0
231357264722974	8627	0
231358338202686	8621	0
231358338268222	37091	0
231374330242327	6942	0
231374330244631	6940	0
231374330310167	6938	0
231374347009562	8619	0
231374347075098	8617	0
231375403789879	6936	0
231375403855415	36845	0
231375420554810	8613	0
231375420620346	37088	0
231375425535545	8611	0
231380082723862	19280	0
231380082723870	19279	0
231381259253782	2723	0
231381259991062	17897	0
231381262940182	17895	0
231421524545046	2722	0
231421524545302	2721	0
231421524572182	2720	0
231421524572438	2719	0
231421525309462	17893	0
231421525309718	17891	0
231421526641430	2718	0
231421526641686	2717	0
231421527690006	2716	0
231421527690013	2715	0
231421527690262	2714	0
231421692307742	15068	0
231421692314910	15066	0
231425821608982	2713	0
231425821613078	2712	0
231425822657558	2711	0
231425822661654	2710	0
231425878944792	15064	0
231425879010328	15062	0
231425888709656	15060	0
231425889758232	15058	0
231442997283862	34369	0
231442997284374	34364	0
231442997284380	34363	0
231442998332950	19276	0
231442998337046	18869	0
231442999381526	34356	0
231442999381530	34355	0
231442999385622	18864	0
231442999389718	34351	0
231442999389720	34350	0
231442999754262	17889	0
231443058617880	15056	0
231443058683416	15054	0
231443066482200	18861	0
231443066482202	15052	0
231443075460632	15050	0
231443075460633	15049	0
231443075468822	15047	0
231443092041244	15045	0
231444145016374	6929	0
231444145016402	6927	0
231444413451830	19272	0
231445403287206	17887	0
231445671721190	17885	0
231445671722646	17883	0
231445683519126	17881	0
231445683703446	2709	0
231448804304670	2708	0
231449978699289	31929	0
231449978699545	31926	0
231449980795929	31876	0
231449981844505	12437	0
231450139703065	17879	0
231468856784409	2707	0
231468856784665	2706	0
231468856800281	2705	0
231494541081625	12433	0
231494541089814	2704	0
231494541089815	12431	0
231494542129693	12429	0
231494542130201	12427	0
231494542138390	2703	0
231494542138391	12425	0
231494557867031	15043	0
231494557932567	2702	0
231494558915607	15041	0
231494558981143	2701	0
231495768120382	2700	0
231496036359278	2699	0
231496304794718	2698	0
231511717805593	18854	0
231511717813782	18851	0
231511717813783	18850	0
231511718854169	18845	0
231511718854170	12420	0
231511718862358	18842	0
231511718862359	18841	0
231511718866454	2697	0
231511718866455	12417	0
231511734590999	18838	0
231511734656535	15668	0
231511735639575	18835	0
231511735643671	15037	0
231511735705111	15664	0
231511735709207	2696	0
231511794937369	15035	0
231511794941465	15033	0
231511795971865	31789	0
231511795972065	31786	0
231511795972073	31785	0
231511795973655	31782	0
231511795973657	31780	0
231511795990041	31774	0
231512864489017	12410	0
231512864489042	12408	0
231512864489049	12407	0
231512880881212	15661	0
231513149120108	18832	0
231513401343577	17877	0
231513417555548	18829	0
231514391215673	17875	0
231514403012153	17873	0
231514403077689	38191	0
231514403208713	36251	0
231514403208729	37591	0
231517523781406	19947	0
231518053874200	17871	0
231518060651800	15031	0
231518060651806	15030	0
231533361734942	2695	0
231537522981400	2694	0
231537523008536	2693	0
231537525930520	2692	0
231541886387482	2691	0
231541886387484	2690	0
231541887436058	2689	0
231541887436060	2688	0
231541887436061	2687	0
231541951399194	2686	0
231541951399198	2685	0
231541951407384	2684	0
231541951407390	2683	0
231541951407902	2682	0
231580438330906	12400	0
231580438334998	19944	0
231580438335002	19943	0
231580438343190	19940	0
231580438343191	12397	0
231580438343192	19939	0
231580438576666	17868	0
231580438605332	2681	0
231580455112218	19935	0
231580455120407	15027	0
231580455120408	19932	0
231580455177754	10201	0
231580455185943	2680	0
231580455185944	10199	0
231580471897622	15025	0
231580471897624	15024	0
231580471897688	15022	0
231580471963160	12392	0
231580472028696	2679	0
231580472028728	2678	0
231580532706842	19929	0
231580532706844	19928	0
231581545442870	2677	0
231581545442872	12390	0
231581545442904	12388	0
231581545508406	2676	0
231581545508408	37588	0
231581545508440	37586	0
231581606252090	10197	0
231581606252092	10196	0
231581606317626	37376	0
231581606317628	37375	0
231581868592746	19925	0
231581868592748	19924	0
231586238012446	19682	0
231610555544857	2675	0
231610556593433	2674	0
231610556593437	2673	0
231614801229853	2672	0
231649183571478	15019	0
231649200336409	15017	0
231649201372695	17859	0
231649201372697	17858	0
231650253119030	16034	0
231650253119058	12383	0
231650269511225	2671	0
231650537750121	19921	0
231654957489182	19679	0
231655492631582	17855	0
231655871036442	38001	1
231655872085018	17853	0
231679275017500	33004	0
231679276066076	19268	0
231679276066077	19267	0
231679386166556	19264	0
231679386166557	19263	0
231679386166558	19262	0
231683578018842	38001	1
231683578084378	17851	0
231717873102358	19918	0
231717873102364	19917	0
231718988983868	15894	0
231719257222764	19914	0
231929723203094	19911	0
231929723203095	19254	0
231929768287772	19676	0
231930286849560	17849	0
231930286849561	17848	0
231930303430172	17845	0
231930746846746	17842	0
231931011415574	19907	0
231931015036441	19673	0
231931032124949	17836	0
231949884735001	12762	0
231954150827294	33365	0
231958472572441	31767	0
231958472572545	31764	0
231962690432534	2670	0
231966985386526	12373	0
231971280358934	19904	0
231971280599326	34251	0
231971280600721	34247	0
231975572175902	34448	0
232029967095454	2669	0
232032919791438	2668	0
232037483289214	2667	0
232041510017358	2666	0
232041510021454	2665	0
232042046691694	2664	0
232045799447630	8601	0
232046338514030	2663	0
232062867123783	30237	0
232062884191818	2662	0
232062884195914	2661	0
232062896053833	12757	0
232062896057929	34236	0
232062912208460	8599	0
232063152430714	16028	0
232063430827651	6913	0
232412219208094	8595	0
232416514175134	8593	0
232448189430350	2660	0
232448189561374	2659	0
232448189561390	2658	0
232448457996814	2657	0
232448457996846	2656	0
232456776219726	32547	0
232456776350750	8589	0
232456776350766	32542	0
232457044786190	8585	0
232457044786222	37075	0
232473841806919	31630	0
232473841937943	6910	0
232473841937959	31627	0
232473858571850	32538	0
232473858702874	8583	0
232473858702890	32535	0
232474110373383	6908	0
232474110373415	36842	0
232474127138314	8581	0
232474127138346	37072	0
232476391931465	32528	0
232476391931541	32526	0
232476392062505	32523	0
232476392062609	32521	0
232521203870030	34942	0
232522297543501	2655	0
232522546053198	36242	0
232525400271944	34935	0
232525401320520	34929	0
232526728539208	29125	0
232526728604744	29123	0
232542578044488	34924	0
232542578044490	34923	0
232543767137868	31622	0
232543769235018	31617	0
232543769243208	31614	0
232543908212296	29120	0
232543908277832	29118	0
232543925055048	29116	0
232543925055049	29115	0
232543941635660	29111	0
232544841920072	34919	0
232544842968648	34915	0
232544842968650	34914	0
232545111404104	34911	0
232545111404105	34910	0
232548235749193	2654	0
232568448514638	30920	0
232568448526158	2653	0
232570881211977	2652	0
232570881212233	2651	0
232570881242953	2650	0
232570882041673	29108	0
232570883308617	2649	0
232570884357193	2648	0
232570884990793	29102	0
232571120920393	29098	0
232571132866633	36237	0
232571132866638	36236	0
232594069429319	34903	0
232594069560343	2647	0
232594069560359	2646	0
232594070477895	34897	0
232594070608919	2645	0
232594070608935	2644	0
232594337995783	2643	0
232594337995815	2642	0
232594339044359	2641	0
232594339044391	2640	0
232595310943303	2639	0
232595311991879	2638	0
232595579378759	2637	0
232595579509799	29091	0
232595580427335	2636	0
232595580558375	29086	0
232611246153287	34892	0
232611246284311	15646	0
232611246284327	30913	0
232611247201863	34889	0
232611247205959	34886	0
232611247332887	15642	0
232611247332903	30908	0
232611247336983	2635	0
232611247336999	2634	0
232611307617817	12363	0
232611307617833	34041	0
232611514719751	37965	0
232611514719783	37888	0
232611515768327	37884	0
232611515768359	37882	0
232611515772423	2633	0
232611515772455	2632	0
232611576053251	36410	0
232611576053257	36407	0
232611576053289	37562	0
232612487667271	30902	0
232612488715847	30898	0
232612488719943	2631	0
232612644529993	35994	0
232612644530148	35991	0
232612644530153	35990	0
232612644531783	35987	0
232612644531785	35986	0
232612644531817	35984	0
232612756102727	30893	0
232612756233767	30887	0
232612757151303	30884	0
232612757155399	2630	0
232612757282343	30880	0
232612757286439	29082	0
232612912967239	29080	0
232612912967241	29079	0
232612912967257	29077	0
232613824178153	34033	0
232613824200233	34027	0
232613830880841	34883	0
232613830884937	34880	0
232613830884953	34878	0
232613831015977	34020	0
232613831126601	29072	0
232613919600199	29070	0
232613919600201	29069	0
232613931404839	34875	0
232613931404841	34874	0
232613931650599	29067	0
232613931650601	29066	0
232617035639374	2629	0
232617035669838	2628	0
232617303908734	2627	0
232617572344174	2626	0
232621330636878	2625	0
232621598875774	2624	0
232621867311214	2623	0
232637033786952	2622	0
232637033787208	2621	0
232637033806408	2620	0
232637167991374	2619	0
232637168002894	2618	0
232641462970190	2617	0
232679966674506	34871	0
232679966682695	34868	0
232679966682696	34867	0
232679966805530	10185	0
232679966805546	33237	0
232679966813719	2616	0
232679966813720	10183	0
232679966813735	2615	0
232679966813736	33234	0
232679983459912	34864	0
232679983459928	34862	0
232679983590936	12361	0
232679983590952	34012	0
232679983656472	2614	0
232679983656488	2613	0
232680235240970	10181	0
232680235241002	37370	0
232680235249159	2612	0
232680235249160	10179	0
232680235249191	2611	0
232680235249192	37367	0
232680252026376	12359	0
232680252026408	37559	0
232680252091912	2610	0
232680252091944	2609	0
232681208188490	33229	0
232681208188522	33227	0
232681208196679	2608	0
232681208196680	33222	0
232681208491594	29063	0
232681208524353	2607	0
232681380458058	29059	0
232681380458060	29056	0
232681476632135	2606	0
232681476632136	2605	0
232681476632152	2604	0
232681476763175	29054	0
232681476763176	29053	0
232681476763249	2603	0
232681738349288	29050	0
232681745067592	34857	0
232681745067608	34855	0
232681745198632	29048	0
232681745198689	2602	0
232681745264168	29045	0
232705882233934	32514	0
232749922426443	32509	0
232749922426444	32508	0
232749922434633	32505	0
232749923052004	32501	0
232749923053129	32498	0
232749923081793	32494	0
232750049930823	29037	0
232750049930825	29036	0
232750049930857	29034	0
232750727319081	34849	0
232754376027210	2601	0
232754377075786	2600	0
232774508379210	32484	0
232774509427786	32478	0
232774601710670	32473	0
232776765996106	2599	0
232776766729290	29026	0
232776766794826	29023	0
232788584474444	2598	0
232788585523020	2597	0
232788585523021	2596	0
232818641903180	32466	0
232818641907276	32463	0
232818642955852	33214	0
232818785856586	29019	0
232818785857098	29017	0
232818785857100	29016	0
232818911391308	31600	0
232818911391324	31598	0
232818911522348	31595	0
232819176681100	31591	0
233029251837514	2595	0
233029263699529	34231	0
233049350647368	31588	0
233049367424583	31585	0
233049384189514	32454	0
233049412509260	32448	0
233051912941129	34221	0
233051917549129	32444	0
233052023041608	29006	0
233052023041609	29003	0
233063460284238	2594	0
233063616097908	28991	0
233067750633124	28987	0
233072050514254	28985	0
233072050515604	28982	0
233076339940430	32438	0
233076483894350	28976	0
233131626309438	2593	0
233141558384958	23780	0
233145850207294	23777	0
233161556864568	13362	0
233161602391609	12353	0
233163704311352	23775	0
233163704311353	23774	0
233193898970206	2592	0
233193903163486	2591	0
233198198130334	2590	0
233198198130782	2589	0
233205649311836	2588	0
233205650360412	2587	0
233205650360413	2586	0
233205713274973	2585	0
233205713274974	2584	0
233205714323550	2583	0
233205714324062	2582	0
233205714324094	2581	0
233210005097309	2580	0
233210005097310	2579	0
233210005097566	2578	0
233210009290846	2577	0
233210009291102	2576	0
233210277726558	2575	0
233210277726574	2574	0
233210277857598	2573	0
233214205693016	2572	0
233214206741592	2571	0
233214300064349	2570	0
233214300064350	2569	0
233214300064862	2568	0
233214301113438	8559	0
233214569548894	2567	0
233214569548910	2566	0
233214569679934	2565	0
233214834838686	2564	0
233231383465560	10807	0
233231383465562	8557	0
233231383465594	8555	0
233231412825690	6896	0
233231412825692	6895	0
233231947599516	5254	0
233232423652952	12350	0
233232423652953	12349	0
233232423653014	8552	0
233232423783992	2563	0
233232423783993	8550	0
233232423784082	8548	0
233232423792272	8546	0
233580450242974	2562	0
233589040285758	2561	0
233620715563294	2560	0
233620983998734	2559	0
233621239991101	2558	0
233621239991102	2557	0
233621239991358	2556	0
233621252233278	2555	0
233621252233534	2554	0
233621252237630	2553	0
233621252571198	36228	0
233624911965208	2552	0
233624913013784	2551	0
233625180400648	2550	0
233625181449224	2549	0
233625434324024	2548	0
233625434872888	2547	0
233625434876984	2546	0
233625434938424	2545	0
233625434942520	2544	0
233625448635448	2543	0
233625448639544	2542	0
233625449684024	2541	0
233625449688120	2540	0
233625534958654	2539	0
233625534962750	2538	0
233642089737752	24767	0
233642089737754	2537	0
233642358173192	24761	0
233642358173194	2536	0
233642614177336	5252	0
233642614545976	2535	0
233642614550072	2534	0
233642614611512	5250	0
233642614615608	5248	0
233642626407992	30859	0
233642626407994	2533	0
233642626412088	30854	0
233642626412090	2532	0
233642630942267	6892	0
233642630942268	6891	0
233642631388728	6889	0
233642631388729	2531	0
233642631392824	6887	0
233642631392825	2530	0
233642631401014	6885	0
233642647719482	6882	0
233642647719484	6881	0
233642647723580	5245	0
233642647969340	2529	0
233642647973436	2528	0
233644639874704	2527	0
233648030978396	24756	0
233648032026972	24753	0
233648032026973	24752	0
233648094941533	24749	0
233648094941534	24748	0
233648095990110	24745	0
233648095994206	2526	0
233649169723737	26268	0
233649169723742	26267	0
233652310782041	2525	0
233657508165433	2524	0
233657759762233	2523	0
233657759762238	2522	0
233694254439486	2521	0
233694254505022	2520	0
233695107849296	2519	0
233695108897872	2518	0
233695328050270	28966	0
233710816099929	30206	0
233711350865463	30202	0
233711350865465	30201	0
233711350869561	2517	0
233711350873657	30197	0
233711350873689	30195	0
233711367200316	5243	0
233711367265852	5241	0
233712284573264	36582	0
233712285621840	36579	0
233712285625936	2516	0
233712424595033	28961	0
233712424599129	28959	0
233712425647705	38204	3
233712426683993	28951	0
233712440811100	28946	0
233713342512729	33988	0
233713342578265	33983	0
233713359355472	38300	0
233713359355481	38204	4
233716815470936	2515	0
233716815470942	2514	0
233716815470974	2513	0
233717083906392	2512	0
233717083906398	2511	0
233717083906414	2510	0
233721379004472	2509	0
233721379004478	2508	0
233725422317112	2507	0
233725422317368	2506	0
233725422336568	2505	0
233725673933368	2504	0
233725673933374	2503	0
233725673971768	2502	0
233725673971774	2501	0
233740974663454	2500	0
233741243098894	2499	0
233741511337790	2498	0
233779485235944	12346	0
233779495087704	33978	0
233779495153174	2497	0
233779495153176	26262	0
233779495153240	33975	0
233779495284248	23769	0
233779495284264	23767	0
233779495284280	23765	0
233779555962394	25868	0
233779555962396	25866	0
233779763588614	2496	0
233779763588616	37164	0
233779763588688	37555	0
233779763588696	37554	0
233779763719688	2495	0
233779763719720	2494	0
233779763719728	2493	0
233779763719736	2492	0
233779824397834	25860	0
233779824397836	25856	0
233780019572280	2491	0
233780019572284	2490	0
233780019576376	2489	0
233780019945016	12344	0
233780020009528	12342	0
233780020009699	12340	0
233780020009704	12339	0
233780020010552	12337	0
233780031806008	33972	0
233780031807032	33965	0
233780031807034	33964	0
233780031827510	2488	0
233780031827512	33959	0
233780031827544	33957	0
233780032151608	36217	0
233780032155144	36215	0
233780032155160	36213	0
233780032155184	2487	0
233780032155192	36210	0
233780086672954	10171	0
233780086672956	10170	0
233780092636730	33193	0
233780092636732	33187	0
233780988259928	2486	0
233780988325464	28942	0
233781005102672	2485	0
233781005102680	36207	0
233781005102704	2484	0
233781256695384	2483	0
233781256760920	28938	0
233781256891944	28935	0
233781256891960	28931	0
233781273538128	2482	0
233781273538136	36203	0
233781273538144	2481	0
233781273669168	36466	0
233781273669176	36463	0
233786065531353	2480	0
233848739044923	8542	0
233848739044924	8541	0
233848739053112	2479	0
233848739053113	8539	0
233848739487288	12334	0
233848739487289	12333	0
233848739503670	8536	0
233848755830329	10168	0
233848755895865	2478	0
233848756264503	12329	0
233848756264505	12328	0
233848756268601	10165	0
233854250230108	25174	0
233854250230109	25173	0
233854250230110	25172	0
233863393467450	37340	11
233863393532986	12326	0
233883132910650	2477	0
233883132976186	2476	0
233883146673210	2475	0
233883147721786	2474	0
233887527970620	2473	0
233887527970621	2472	0
233887527970622	2471	0
233917458521660	8532	0
233917458525752	34489	0
233917458525756	34488	0
233917458767420	12323	0
233917475302972	34481	0
233917475368508	6879	0
233918423019100	31577	0
233918423084636	31572	0
233918439861840	38298	0
233918439861852	38204	2
234137739177528	30229	0
234138539679289	32626	0
234138649779768	31721	0
234138649779769	31716	0
234138661883448	2470	0
234138661883449	37069	0
234153442520656	38204	3
234155720588881	23759	0
234155737366096	38204	3
234158022483514	2469	0
234158027464249	2468	0
234158027464323	2467	0
234162322431603	2466	0
234166567067299	30176	0
234166578862654	33946	0
234166640729660	33939	0
234170873830968	33929	0
234170873831059	33918	0
234170890608183	33910	0
234175156558910	8528	0
234211271646286	2465	0
234211273742926	26080	0
234211810613326	8525	0
234240851900769	2464	0
234240852576609	30039	0
234241069947246	23754	0
234245143723105	2463	0
234245144333409	32197	0
234245144398945	20994	0
234245361769582	23751	0
234245624044702	23747	0
234261085204065	33406	0
234261085335105	33401	0
234261353770561	6871	0
234262323576417	32961	0
234262324072033	32955	0
234262326718049	30583	0
234262326718081	30581	0
234262327021153	30033	0
234262451986025	23744	0
234262451986053	23742	0
234262468566636	23739	0
234262736805532	26075	0
234262858845857	32667	0
234263128337985	32139	0
234263132012177	30644	0
234263132196497	30023	0
234263132261985	30102	0
234304355829836	2462	0
234304356878412	2461	0
234304356878413	2460	0
234304419792973	2459	0
234304419792974	2458	0
234304420841550	2457	0
234304420842062	2456	0
234308601514829	2455	0
234308715808846	2454	0
234308715809102	2453	0
234308715874638	2452	0
234309789354350	2451	0
234309789419886	2450	0
234312895433801	2449	0
234312896482377	2448	0
234313007631438	8521	0
234314081176686	2447	0
234314081242222	2446	0
234330072157769	10803	0
234330073206345	10800	0
234330073206346	6866	0
234330073247296	6863	0
234330089983562	8519	0
234330090049098	2445	0
234330101911113	8517	0
234378257299809	2444	0
234378257971553	2443	0
234378257975649	2442	0
234378508646766	2441	0
234378508650862	2440	0
234378508896622	2439	0
234378508900718	37214	2
234382549122145	2438	0
234382549728353	2437	0
234382549732449	2436	0
234382549793889	2435	0
234382549797985	2434	0
234382800469102	2433	0
234382800473198	2432	0
234382800718958	2431	0
234382800723054	36192	0
234382822882449	2430	0
234382823931025	2429	0
234397987286625	10158	0
234397987417665	6859	0
234399728975457	5237	0
234399729466977	5235	0
234399729471073	5233	0
234399732117089	6857	0
234399732117121	6855	0
234399732416097	2428	0
234399732420193	2427	0
234400000654993	10789	0
234400264240801	2426	0
234400264240805	2425	0
234400264244897	2424	0
234400268041857	2423	0
234400269090433	2422	0
234400533734369	10156	0
234400533737025	10154	0
234400537411217	8515	0
234400537525889	8513	0
234400537525905	8511	0
234400537591441	2421	0
234400537595537	2420	0
234400537656929	2419	0
234400537661025	2418	0
234746722148681	2417	0
234746722152777	2416	0
234746737496396	38494	13
234746738544972	24736	0
234746738544973	24735	0
234746801459533	24732	0
234746801459534	24731	0
234746802508110	24728	0
234746802512206	2415	0
234793500843022	2414	0
234793766001774	2413	0
234793766132798	2412	0
234793766132814	2411	0
234793797590081	2410	0
234793798638657	2409	0
234794034568270	28917	0
234794035616846	36185	0
234810327713769	30546	0
234810327715433	30543	0
234810597207561	2408	0
234810597211653	2407	0
234810597211657	2406	0
234810613603852	5231	0
234810862497337	2405	0
234810862497353	2404	0
234810862501433	2403	0
234810862501449	2402	0
234810878762604	21566	0
234810878893628	5229	0
234810878893644	21563	0
234810974314049	30832	0
234810975362625	30828	0
234810975366721	2401	0
234811130932809	28908	0
234811130936905	28905	0
234811131981385	36182	0
234811131985481	36179	0
234811147329100	28900	0
234811148377676	36171	0
234812854136393	2400	0
234812854140489	2399	0
234812854271529	28898	0
234812854382153	28896	0
234812887551593	20990	0
234812887559753	20988	0
234812887563849	20986	0
234812887797353	28894	0
234812887825929	36169	0
234812887928393	38476	0
234815521988942	2398	0
234815522054478	2397	0
234816595534190	2396	0
234816595599726	2395	0
234816595599982	2394	0
234820890566766	2393	0
234820890567278	2392	0
234829480239726	2391	0
234879598235242	22354	0
234879598235244	22353	0
234879694843457	2390	0
234879694908993	2389	0
234880768323144	2388	0
234880768454184	28885	0
234880768454241	23734	0
234880785165920	2387	0
234880785231456	23732	0
234880801721962	20980	0
234880801746504	20978	0
234880801746531	2386	0
234880801967722	28881	0
234880802008584	36165	0
234880802008672	28878	0
234880802008673	36163	0
234884126126409	2385	0
234884127174985	2384	0
234884127174989	2383	0
234884127547721	25847	0
234885574210009	2382	0
234889869177049	2381	0
234894160999385	2380	0
234898455966425	2379	0
234914025086062	2378	0
234947733114473	33474	0
234948002233865	2377	0
234948002606601	10151	0
234948267392617	22350	0
234948267523641	2376	0
234948267523657	2375	0
234948267896377	10149	0
234948267896393	22347	0
234948409466405	32432	0
234948409466433	32428	0
234948535959113	28873	0
234948536331849	28868	0
234948537007689	36160	0
234948537380425	36148	0
234952845599052	25164	0
234952846647628	25161	0
234952846647629	25160	0
234954024373358	32878	0
234962612210798	2374	0
234982109760618	27123	0
234982109826154	20971	0
234982643924074	2373	0
234982744562798	2372	0
235016721706508	6853	0
235016986865260	22344	0
235016986996284	6851	0
235016986996300	21813	0
235017255431756	28865	0
235017256480332	36145	0
235227721408846	25155	0
235228818591337	32868	0
235228835171948	32862	0
235237406428777	2371	0
235237423009388	2370	0
235239801007681	31557	0
235242347327041	33174	0
235242364104256	37359	0
235257004314217	32028	0
235257555361388	37319	0
235259564150377	37009	0
235259564396137	28863	0
235271643744622	37303	0
235271643745942	37298	0
235271643990382	28855	0
235275935566958	20965	0
235275935812718	28849	0
235311322305694	2369	0
235330917998974	2368	0
235335481195102	2367	0
235339776465214	23728	0
235339776465246	23725	0
235344067984478	31196	0
235344946862717	23720	0
235361150336602	30628	0
235361150639674	23716	0
235361150639706	23714	0
235362121490044	23711	0
235362123587194	23707	0
235362392022650	23701	0
235362392153690	24358	0
235362643639953	30623	0
235362643824273	29999	0
235362660589204	23691	0
235384336745374	2366	0
235399635340402	2365	0
235399635340414	2364	0
235399637437042	2363	0
235399637437054	2362	0
235399637475442	2361	0
235399637475454	2360	0
235403932404338	2359	0
235403932404350	2358	0
235408227502414	2357	0
235408227502418	2356	0
235408227502430	2355	0
235408495937854	2354	0
235408495937874	2353	0
235408495937886	2352	0
235412423773298	36529	0
235412423904338	2351	0
235412424821874	19667	0
235412424952914	2350	0
235412518144722	2349	0
235412692339794	2348	0
235412693388370	2347	0
235413665286770	2346	0
235413665287282	2345	0
235413665287314	2344	0
235413666335346	2343	0
235413666335357	2342	0
235413666335858	2341	0
235413666335890	2340	0
235429601545842	19662	0
235429601545850	19661	0
235429601676874	2339	0
235429601676882	18805	0
235429601676890	2338	0
235429870112314	2337	0
235429870112338	5221	0
235429870112346	2336	0
235430840962162	2335	0
235430840962674	2334	0
235430840962684	2333	0
235430842011250	18799	0
235430843058802	18795	0
235430843059826	18790	0
235430843059834	2332	0
235430843059858	18787	0
235431110446706	2331	0
235431110446722	2330	0
235431110577746	17823	0
235431111495282	2329	0
235431111495290	2328	0
235431111495298	2327	0
235431111626322	24347	0
235431111626330	24346	0
235431375736498	2326	0
235431376195154	17820	0
235431376212194	17818	0
235431379930738	24574	0
235431379930754	24572	0
235431379930770	24569	0
235431380061778	24341	0
235431380061842	24338	0
235431380061844	2325	0
235431380127314	17816	0
235467551646577	2324	0
235467551646590	2323	0
235472669342289	2322	0
235472672291409	2321	0
235472920017502	2320	0
235476141685073	17812	0
235476141685086	17810	0
235476963817809	2319	0
235477215414622	2318	0
235477215418718	36138	0
235480338086993	38001	0
235480339135569	17806	0
235481256066129	38001	15
235481256131665	8509	0
235481506806878	8505	0
235497515859537	17803	0
235497515859546	17802	0
235498435804753	8503	0
235498438635089	6842	0
235498589159002	8501	0
235498589589082	2317	0
235498589593178	36134	0
235499779735121	17799	0
235499780783697	29943	0
235499780783706	29942	0
235500045352529	17796	0
235500049038993	8499	0
235500049219153	29937	0
235500049219217	29935	0
235500049223313	2316	0
235500049284689	17794	0
235504056740990	2315	0
235504058837630	5214	0
235504595845534	2314	0
235536271123070	2313	0
235544861165854	2312	0
235545129601294	2311	0
235551054965373	28845	0
235551290894973	28841	0
235551290894974	28840	0
235551290895486	28835	0
235551290895518	28833	0
235566235340314	2310	0
235566503775754	2309	0
235568229592700	28830	0
235568231689850	28826	0
235568403656314	28823	0
235568403656316	28822	0
235568403656348	28820	0
235568500125306	28815	0
235568500256346	28812	0
235568768691860	28804	0
235568768700049	2308	0
235568768700050	28802	0
235568785477264	2307	0
235568785477266	36132	0
235915033551230	2306	0
235915033682254	2305	0
235915033682270	2304	0
235915302117726	2303	0
235915302117982	2302	0
235919597084734	2301	0
235919597084766	2300	0
235919597085278	2299	0
235927113278046	2298	0
235927113278494	2297	0
235931408245342	2296	0
235931676680974	2295	0
235978451422746	23688	0
235978451430936	23686	0
235978451431025	23684	0
235978451431026	2294	0
235978451562004	23682	0
235978451562065	35492	0
235978451562066	35491	0
235979109928506	2293	0
235979109928508	2292	0
235979206397482	28799	0
235979206405672	28797	0
235979206405745	2291	0
235979206405746	28795	0
235979206536769	2290	0
235979206536785	2289	0
235979206536786	28791	0
235979474632282	2288	0
235979474636378	2287	0
235979474644568	2286	0
235979474972241	23677	0
235979474972242	28787	0
235979491749424	23675	0
235979491749456	23673	0
235979491749458	36129	0
235979648994906	28785	0
235979648994908	28782	0
235989191995517	2285	0
235993436631933	2284	0
235993672561533	2283	0
235993672561534	2282	0
235993672561625	2281	0
236049259060849	35487	0
236049305812594	28778	0
236049306246770	28776	0
236052629945434	2280	0
236052630371418	35158	0
236052630436954	8494	0
236068736072794	2279	0
236068736498778	38001	15
236068736564314	8492	0
236071013526618	38037	0
236071014575194	28771	0
236071047072858	38001	15
236071048121434	28758	0
236071250504794	28754	0
236071250504798	28753	0
236071252593754	28741	0
236071252593758	28738	0
236115886190108	35705	0
236116641164844	31551	0
236116909403740	31546	0
236117054393434	35908	0
236117054393946	35905	0
236117054393948	35904	0
236327524925017	29892	0
236343631052377	29884	0
236345889336922	28734	0
236345922883162	28719	0
236346190888537	32418	0
236360703520369	23666	0
236360703520370	2278	0
236360811961969	35483	0
236361080397424	38184	1
236361345687155	30443	0
236361458495089	2277	0
236361458495090	28708	0
236366021687902	2276	0
236370316656277	2275	0
236374608477278	32410	0
236374752431198	38001	14
236410564383885	2274	0
236410564383886	2273	0
236410565432462	2272	0
236410833867918	2271	0
236410833867934	2270	0
236419414498414	23660	0
236434993060414	23658	0
236439288027454	23654	0
236439556292974	2269	0
236443579849790	23650	0
236443842124397	23648	0
236443842124398	23647	0
236443842124910	23643	0
236460134133377	32087	0
236460938108523	27923	0
236460938108524	27922	0
236460938370665	27917	0
236460938396134	27911	0
236460938399329	27908	0
236460954885740	23641	0
236460954951276	23639	0
236461919444611	23632	0
236461920493187	23629	0
236462155517537	20957	0
236462188928643	23621	0
236462188928659	23619	0
236462189059683	25283	0
236483848438638	2268	0
236487942082146	2267	0
236487942082402	2266	0
236487942140002	2265	0
236487944178786	2264	0
236487945227362	2263	0
236488143405934	2262	0
236488143417454	2261	0
236503444097614	2260	0
236503712533054	2259	0
236503980771950	2258	0
236507739064654	2257	0
236508007500094	2256	0
236508275738990	2255	0
236508275769454	2254	0
236512026823378	2253	0
236512030886990	2252	0
236512299322430	2251	0
236512567561326	2250	0
236529123069570	6828	0
236529123098850	6826	0
236530622074498	2249	0
236530622140034	17780	0
236530623123074	2248	0
236530623188610	17777	0
236530638917250	20948	0
236530638917251	2247	0
236530638925440	20945	0
236530639965826	20942	0
236530639965827	2246	0
236530639974016	20939	0
236530891558530	2245	0
236530891558546	2244	0
236530891624066	17775	0
236530891624082	17773	0
236530891755090	17771	0
236530891755106	17769	0
236530908401282	20937	0
236530908401283	2243	0
236530908401298	20935	0
236530908401299	2242	0
236530908409472	20933	0
236530908409488	20931	0
236530908532322	20929	0
236530908532323	14992	0
236530908540512	20927	0
236554098082657	6824	0
236554178542177	5199	0
236554178542190	5198	0
236556611239521	2241	0
236556611239777	2240	0
236556611285857	2239	0
236556613336161	2238	0
236556614384737	2237	0
236556862882670	2236	0
236556862894190	36127	0
236576744375137	2235	0
236576995050350	2234	0
236579941006033	17766	0
236596943564417	21410	0
236596943564419	21409	0
236597037252225	17763	0
236597037269985	17761	0
236597950197377	30416	0
236597950197379	30415	0
236599285333633	17759	0
236599285399169	17756	0
236599285399201	17752	0
236599285399207	17751	0
236599291297409	17748	0
236599292345985	17745	0
236599358025347	14988	0
236599358393987	2233	0
236599358398083	36124	0
236599359073923	36652	0
236599359442563	2232	0
236599359446659	36121	0
236599553572529	17742	0
236599553834625	17739	0
236599553834641	17735	0
236599560781441	17733	0
236599560781457	17731	0
236599560912465	17729	0
236599560912481	17727	0
236599560916577	14984	0
236599627509379	36877	0
236599627509395	14982	0
236599627878019	2231	0
236599627878035	2230	0
236599627882115	36119	0
236599627882131	36117	0
236599628009059	36873	0
236599628013155	36869	0
236602765355630	5196	0
236604107538798	14980	0
236645714526830	2229	0
236649761483373	28695	0
236649997412973	28692	0
236649997412974	28691	0
236649997413076	28689	0
236649997413486	28685	0
236667093397099	28678	0
236667093397100	28677	0
236667093659241	28675	0
236667093659268	28673	0
236667093680868	28670	0
236667093680870	28669	0
236667093683810	28667	0
236667110174316	28665	0
236667110239852	28663	0
236668280393313	14976	0
236668280393314	28651	0
236668297170528	37807	0
236668297170530	37806	0
236676852363405	2228	0
236676852363406	2227	0
236676853411982	2226	0
236677121847438	2225	0
236677121847454	2224	0
236677121978478	2223	0
236708797233694	23616	0
236713092200734	23612	0
236717384023070	23606	0
236717911595731	2222	0
236735007841923	6813	0
236735007846019	6811	0
236735007852003	6809	0
236735007854179	6807	0
236736730250881	23602	0
236736731299457	23598	0
236736747028096	23592	0
236736748076672	23586	0
236736763420291	2221	0
236736763424387	2220	0
236736763793027	28639	0
236736764468867	2219	0
236736764472963	2218	0
236736764841603	28632	0
236736999734913	23584	0
236736999734929	23582	0
236736999865953	23580	0
236737016512128	23577	0
236737016512144	23575	0
236737016643168	23573	0
236737032904323	2217	0
236737032904339	2216	0
236737032908419	2215	0
236737032908435	2214	0
236737033277059	28623	0
236737033277075	28621	0
236737033408099	28619	0
236737033428483	36108	0
237083792290157	2213	0
237083792290158	2212	0
237088087257197	2211	0
237088087257198	2210	0
237092143149933	2209	0
237092379079533	2208	0
237092379079534	2207	0
237147430624807	28614	0
237147965144673	23571	0
237147965394529	23569	0
237147965398625	23567	0
237217822158476	28608	0
237431601008134	6800	0
237435892829750	35695	0
237447438700129	31539	0
237447707135584	36835	0
237447972425315	21805	0
237449964437089	23564	0
237449981214304	38326	0
237449997979235	28598	0
237450014756450	28596	0
237465172471436	34833	0
237465707613836	28594	0
237470113566304	2206	0
237470130146915	2205	0
237509206938748	2204	0
237509207987324	2203	0
237509207987325	2202	0
237509271950462	2201	0
237510345495710	2200	0
237510345561246	2199	0
237510345561502	2198	0
237514422482321	2197	0
237514640528798	2196	0
237514640532894	2195	0
237518935192734	2194	0
237539058719902	23556	0
237543353687198	23553	0
237543415389297	2193	0
237543416437873	2192	0
237560201289276	23550	0
237560324927041	30339	0
237560466448028	26365	0
237560466579052	23547	0
237560466579068	23545	0
237560592113265	21551	0
237560593161841	21548	0
237560593165937	2191	0
237560610233972	23541	0
237560735014524	24946	0
237560736063100	23538	0
237560736067196	35200	0
237561660079761	35602	0
237561660079763	35600	0
237561661116049	35052	0
237561666895505	30692	0
237561667079825	30332	0
237561677880980	23536	0
237561683844756	27365	0
237561700318869	30686	0
237561700556435	23533	0
237561700621971	23531	0
237561717399187	27357	0
237561717399188	27356	0
237561717403284	30323	0
237561717407377	27352	0
237583360000926	2190	0
237583360001426	2189	0
237583360001438	2188	0
237583360009616	2187	0
237583360009630	2186	0
237587454166674	2185	0
237587454193810	2184	0
237587457115794	2183	0
237587457142930	2182	0
237591949673886	2181	0
237607250757010	14960	0
237607250757022	14958	0
237607787627422	20908	0
237628920761916	2180	0
237629329706578	17711	0
237629329706610	17708	0
237629329706612	2179	0
237629455535730	20906	0
237629455535740	20904	0
237629455543920	37997	0
237629455543932	37996	0
237630397353618	17704	0
237630397353620	14956	0
237630403186290	2178	0
237630403186322	2177	0
237630403251858	17702	0
237630403317330	17700	0
237630403317394	17697	0
237630403317396	14953	0
237630420029074	20902	0
237630420029075	2176	0
237630420037264	20900	0
237630420094610	20897	0
237630420094611	14951	0
237630420102800	36425	0
237630436609686	2175	0
237630436638352	12310	0
237630436871826	20894	0
237630436871827	17694	0
237630436871828	20893	0
237630436880016	36420	0
237630436880020	36419	0
237630436884112	17690	0
237656123324049	2174	0
237656123339665	2173	0
237656123339921	2172	0
237656126273169	2171	0
237656126288785	2170	0
237656126289041	2169	0
237656373999262	2168	0
237656374014878	2167	0
237656374015134	2166	0
237674997169809	34163	0
237674997170065	34159	0
237674999266449	17687	0
237675000315025	17684	0
237676255507345	2165	0
237676507104158	2164	0
237679294233745	17681	0
237679295282321	17678	0
237680820788337	2163	0
237680821836913	2162	0
237696472006289	17675	0
237696472137329	17672	0
237697461890641	2161	0
237697730326081	2160	0
237697997512305	15619	0
237697998560881	15616	0
237697998564977	2159	0
237697998863953	17669	0
237697998863985	17666	0
237699065462417	35591	0
237699065475985	35585	0
237699065476065	35583	0
237699065476073	35580	0
237699065478801	35575	0
237699065478803	35574	0
237699066510993	17659	0
237699066515089	14946	0
237699072294545	12307	0
237699072409233	17657	0
237699072474705	17655	0
237699072474769	17653	0
237699072478865	14942	0
237699139137171	14940	0
237699139141267	14938	0
237699139141269	12304	0
237699139505811	2158	0
237699139509907	36103	0
237699139571347	14936	0
237699139575443	36101	0
237699155902102	17650	0
237699155918483	17648	0
237699155918484	12300	0
237699156348563	17646	0
237699156348564	2157	0
237699156352659	36099	0
237699156352660	36098	0
237699156360848	17641	0
237699156360849	36094	0
237703451324052	2156	0
237703451324308	2155	0
237703451373972	2154	0
237703451374228	2153	0
237703451865492	12298	0
237703451865748	12296	0
237703453420692	2152	0
237703454469268	2151	0
237703454814612	12293	0
237703454814868	30169	0
237703619093918	14932	0
237703619101086	14930	0
237743716692628	2150	0
237743717184148	12290	0
237744974933652	28585	0
237744974933908	28578	0
237744977030292	28572	0
237744978078868	28567	0
237745214008468	28563	0
237745214008478	28562	0
237749271997588	38117	0
237749273046164	28557	0
237749508975316	28555	0
237749508975764	28551	0
237749508975774	28550	0
237765191511572	2149	0
237765285989916	31086	0
237765459947012	2148	0
237765554425356	36643	0
237766449770132	28545	0
237766449901172	28541	0
237766621736596	34433	0
237766621736604	34432	0
237766621867628	28538	0
237766621867636	28535	0
237766621867644	28534	0
237766718336628	28530	0
237766890303068	28528	0
237766890303092	28525	0
237766890303100	28524	0
237767785983636	28522	0
237767785991825	14926	0
237767785991826	28518	0
237767791947412	38424	0
237767791955601	14921	0
237767791955602	28515	0
237767802769040	37794	0
237767802769042	37764	0
237767808732816	37761	0
237767808732818	37760	0
237767863250068	38460	0
237767863250580	38456	0
237767863250588	38455	0
237767863250612	38453	0
237767863578228	38448	0
237767863578260	38444	0
237767863578262	38443	0
237767863595668	38435	0
237767863595748	38433	0
237767863595753	38373	6
237767863598738	38394	0
237767863598740	38390	0
237767875392148	12288	0
237767875395220	12286	0
237767875460756	37551	0
237767875825298	38387	0
237767875825300	38386	0
237767875829396	36090	0
237767875833348	38382	0
237767875833488	38380	0
237767875833492	38379	0
237772120520083	2147	0
237772338570654	2146	0
237775494918268	2145	0
237775495966844	2144	0
237775495966845	2143	0
237775559929982	2142	0
237776633475230	2141	0
237776633540766	2140	0
237818293034099	2139	0
237818294082675	2138	0
237834536050291	31034	0
237834536050300	31033	0
237835437817457	23527	0
237835454594672	23521	0
237835469758067	30818	0
237835470806643	30815	0
237835470810739	2137	0
237835471359603	28506	0
237835609779836	28504	0
237835609783932	28502	0
237835610832508	36686	0
237836511116949	37709	0
237836511362705	23518	0
237836511428241	23516	0
237836528139920	23514	0
237836528205456	23512	0
237836544532083	37702	0
237836544532115	37700	0
237836544536211	2136	0
237836544540307	37696	0
237836544540309	37695	0
237836544904851	28495	0
237836544968083	28490	0
237836544970387	28488	0
237841047571614	30513	0
237841057800606	2135	0
237841057804702	2134	0
237841058054558	20890	0
237845151740052	2133	0
237845152227476	2132	0
237845152231572	2131	0
237845155176596	2130	0
237845155180692	2129	0
237845353017502	2128	0
237845353021598	2127	0
237849635409054	2126	0
237849647973278	2125	0
237849647973534	2124	0
237849647988894	2123	0
237849647989150	2122	0
237881312890014	20888	0
237881323058334	2121	0
237881859798174	2120	0
237885607857310	20885	0
237902596910612	23510	0
237902597025300	23507	0
237902720618140	31156	0
237902720749180	31152	0
237903255531068	2119	0
237905230900884	28482	0
237905230904977	23505	0
237905230909073	23502	0
237905230909074	28478	0
237905247432336	2118	0
237905247436432	2117	0
237905247682192	23500	0
237905247686288	38473	0
237905247686290	38472	0
237905264004758	20879	0
237905264012947	2116	0
237905264012948	20877	0
237905264017043	2115	0
237905264017044	20875	0
237905264447123	28476	0
237905264447124	38469	0
237905264463504	38466	0
237905264463505	38465	0
237905268993682	28472	0
237905268993684	28469	0
237905268997778	28467	0
237905268997780	28463	0
237905280790164	23495	0
237905280794260	23493	0
237905280855700	2114	0
237905280859796	2113	0
237905281224338	28459	0
237905281224340	28458	0
237905281228436	36076	0
238252292910206	20872	0
238260882836606	2112	0
238276450012286	20870	0
238276988411006	2111	0
238315471613500	17639	0
238316465761916	28455	0
238527103708796	35193	0
238528027721363	35569	0
238528074907284	34590	0
238528084799902	26259	0
238528084803097	26256	0
238528085044884	34586	0
238532380012702	17633	0
238535693635196	2110	0
238536645967509	30148	0
238536662744633	38529	0
238536662744724	38523	0
238536674971284	2109	0
238540879068713	35556	0
238540879068817	35552	0
238540895846032	38204	5
238540969505438	33906	0
238540969508393	33903	0
238545181025694	28452	0
238545214144089	2108	0
238545214571934	28444	0
238549466906257	23489	0
238549475685534	2107	0
238549475688009	2106	0
238549509111369	2105	0
238549509111443	2104	0
238549514092178	28439	0
238551260810876	31145	0
238551799209596	30806	0
238568333278869	33897	0
238568350367377	35477	0
238568618557072	38204	5
238568886795923	38602	0
238568886795924	38596	0
238569339911829	33885	0
238569608654484	30298	0
238569642200723	28423	0
238569642200724	38359	0
238609044741262	2103	0
238613129307521	2102	0
238642865380462	23482	0
238659098160769	22336	0
238659836554817	20862	0
238660104793713	2101	0
238660104793729	2100	0
238660373229153	2099	0
238660373229185	2098	0
238660373294721	20860	0
238660390071937	23473	0
238660390071938	2097	0
238660406652549	2096	0
238693870341250	2095	0
238693870341262	2094	0
238711663496274	22664	0
238711664544850	17622	0
238711931735170	2093	0
238711932783746	2092	0
238728840220242	17619	0
238728841268818	17615	0
238729108459138	2091	0
238729109507714	2090	0
238729109545090	2089	0
238729109548672	2088	0
238729109548674	2087	0
238761626188929	38001	2
238761627237505	17611	0
238761784523905	17607	0
238761784523918	17605	0
238780332653649	26996	0
238780333702225	17601	0
238780592045185	38001	1
238780592110721	17598	0
238780842785934	17595	0
238795966819969	2086	0
238795966819971	2085	0
238796000243329	10144	0
238796967546529	35025	0
238796967546531	35024	0
238796973452929	2084	0
238796973452931	2083	0
238796973518417	2082	0
238797241953857	2081	0
238797509377617	17592	0
238797510192753	2080	0
238797510192769	2079	0
238797510426193	17588	0
238797771652225	34307	0
238797771652737	34302	0
238797771718273	17586	0
238797771783809	34295	0
238797771783841	34293	0
238797778628193	2078	0
238797778628225	2077	0
238797778690945	2076	0
238797778693761	2075	0
238797845474915	14910	0
238797845474947	14908	0
238797845474949	2074	0
238802325315982	2073	0
238802325316238	2072	0
238830343922308	2071	0
238849020669038	28416	0
238849289104478	28410	0
238849557343374	28404	0
238864703139348	2070	0
238864971574788	2069	0
238865956482724	28401	0
238866498170497	2068	0
238866498170498	28393	0
238866514947712	2067	0
238866514947714	36071	0
238870827345283	2066	0
238899230320014	2065	0
238899755113603	2064	0
238899755113614	2063	0
238899767059843	2062	0
238899767059854	2061	0
238916261657621	23467	0
238916262706197	23463	0
238933438381589	23460	0
238933439065733	33158	0
238933439430165	23456	0
238933964000931	30058	0
238933964000933	30057	0
238933975805571	33153	0
238933975805573	33152	0
238934949015173	2060	0
238934982438515	2059	0
238934982438531	2058	0
238934982438533	2057	0
238935217450629	2056	0
238935250871683	2055	0
238935250873955	2054	0
238935250873987	2053	0
238935250873989	2052	0
238939754089614	30496	0
238939764138382	2051	0
238943858565252	2050	0
238948341927054	2049	0
239002108538388	23454	0
239003953770112	2048	0
239003970350723	2047	0
239003970350724	20853	0
239003987127940	23452	0
239003987193476	2046	0
239054108515342	17578	0
239054373805118	17572	0
239070844464773	2045	0
239071851097733	2044	0
239626757713432	2043	0
239626757713538	2042	0
239631052677262	2041	0
239631052680712	2040	0
239635297313678	2039	0
239635297316408	2038	0
239643920475534	2037	0
239643920477784	2036	0
239654960017029	2035	0
239655245295232	2034	0
239655513534083	35461	0
239655513534084	2033	0
239655966649989	2032	0
239708295206014	2031	0
239708825916574	2030	0
239708831880350	2029	0
239717412705950	23442	0
239759163727414	23436	0
239759343263297	34643	0
239759616417393	22036	0
239759633489524	23428	0
239759885160033	35301	0
239759918702179	25656	0
239760147435153	20845	0
239760147500689	20843	0
239760164200084	23421	0
239760164265620	23419	0
239760170098298	23417	0
239760186941075	23412	0
239781578081134	2028	0
239781840356254	2027	0
239785940551314	2026	0
239785942386322	2025	0
239785943434898	2024	0
239785943500434	2023	0
239789090211282	2022	0
239789094274894	2021	0
239793382033618	2020	0
239797677000658	2019	0
239827614502546	19651	0
239827614764626	14886	0
239827883200054	2018	0
239827883200082	12278	0
239828348898898	17556	0
239828348964434	17552	0
239828352896594	17548	0
239828352962130	17545	0
239828352962162	17542	0
239828352962164	2017	0
239828621135490	2016	0
239828621135506	2015	0
239828621397586	17539	0
239828621397602	17536	0
239828638174818	20838	0
239828638174819	14881	0
239828638183008	20835	0
239828883672722	17533	0
239828883672724	14878	0
239828883738258	17530	0
239828883738260	14876	0
239828889570930	2014	0
239828889570938	2013	0
239828889570962	2012	0
239828889636498	17527	0
239828906413714	20832	0
239828906413715	2011	0
239828906421904	20829	0
239828922994298	12276	0
239828922994326	2010	0
239852709426897	2009	0
239854609708689	2008	0
239854611543697	2007	0
239854612592273	2006	0
239854612657809	2005	0
239854860383902	2004	0
239861296216273	17524	0
239865591183313	17521	0
239895495261841	17518	0
239895495392881	17516	0
239895528947281	17513	0
239896748659681	8487	0
239896748662337	8485	0
239897018056273	17510	0
239897018121809	17506	0
239897021816433	16011	0
239897022053969	17502	0
239897022119505	17499	0
239897022119537	17496	0
239897283215025	17494	0
239897283346049	17492	0
239897283346065	17490	0
239897283411585	17487	0
239897283411601	17485	0
239897290554961	17482	0
239897290554977	17479	0
239897290559073	14870	0
239897357651555	37222	0
239897357655651	37214	3
239897551781521	17476	0
239897551847057	17473	0
239897552830097	17471	0
239897552834193	14867	0
239897552895633	17469	0
239897552899729	14864	0
239897558793873	17466	0
239897625890451	2003	0
239897625894547	36057	0
239897642286714	17464	0
239897642286742	37440	0
239901837181294	14861	0
239902099456414	14859	0
239925727938334	2002	0
239925996373774	2001	0
239935647590356	28387	0
239964248428054	32745	0
239964516863494	37208	0
239965473025684	28384	0
239965473156724	28379	0
239965741592180	28372	0
239966010035809	14850	0
239966010035810	28364	0
239966026813024	37744	0
239966026813026	37739	0
239966272302740	28362	0
239966272310929	14847	0
239966272310930	28360	0
239966272368276	28358	0
239966272376465	14844	0
239966272376466	28356	0
239966278200954	28354	0
239966289088144	37736	0
239966289088146	37735	0
239966289153680	37732	0
239966289153682	37731	0
239966349897332	28350	0
239966349897364	28348	0
239966349897366	28347	0
239966349962868	28344	0
239966349962900	28342	0
239966349962902	28341	0
239974579122389	2000	0
239974583185534	1999	0
239974851620974	1998	0
239975119859870	1997	0
239999266805971	1996	0
240032951057941	23408	0
240032951123477	23404	0
240032967900693	23401	0
240032967900694	23399	0
240033236344323	12253	0
240033492197043	12251	0
240033492328083	12249	0
240033492393619	12247	0
240033504190099	33870	0
240033504779779	36051	0
240034461073009	23394	0
240034477850224	23391	0
240034494062195	32395	0
240034494615155	28336	0
240034729508449	23387	0
240034746285664	23381	0
240034763050595	28327	0
240034997493370	33863	0
240034997747345	23376	0
240035014524560	23367	0
240035030916723	33857	0
240035030916730	33856	0
240035030916755	33852	0
240035031289491	28314	0
240038198338004	25837	0
240101616217620	25831	0
240101616283156	25826	0
240101620280852	25821	0
240101676895926	36939	0
240101677026966	32839	0
240101677092502	36934	0
240101677110502	36930	0
240101687008790	25499	0
240101687377430	23361	0
240101687381526	36922	0
240101687381542	36919	0
240101955444230	25496	0
240101955816966	37290	0
240101955816998	38352	0
240102211884262	8476	0
240102211886646	8474	0
240102223683126	32388	0
240102492118566	32385	0
240102492671526	28308	0
240103448989222	28304	0
240103481953942	37285	0
240103482543622	37269	0
240103750389370	20824	0
240103750389398	20821	0
240108254744990	17462	0
240108254745047	17460	0
240112549712030	17450	0
240112549712087	17446	0
240121136501406	1995	0
240121136501463	1994	0
240121148363422	1993	0
240170356080277	32380	0
240171362713237	32374	0
240172427599505	35456	0
240172427665041	35453	0
240172469870227	35444	0
240172474785426	28298	0
240172474850962	28296	0
240172491550357	28294	0
240172491615893	28292	0
240175641354574	26563	0
240176168927702	1992	0
240180463894742	1991	0
240184755717078	1990	0
240192284353294	1989	0
240239058980378	23349	0
240239059234324	26558	0
240239092403734	1988	0
240239092403738	1987	0
240239092407830	1986	0
240239092776470	23341	0
240239344446979	26550	0
240239360839174	1985	0
240239360839178	1984	0
240239360843270	1983	0
240239617216054	17436	0
240239617281590	17434	0
240239617285686	17432	0
240239629078070	35428	0
240239629078074	35427	0
240239629082166	35424	0
240239813955114	28290	0
240239814209089	34808	0
240240082194010	1982	0
240240350629450	1981	0
240240384052810	20811	0
246525165914029	26834	0
246541808912749	14832	0
246549828873568	1980	0
246550097309008	1979	0
246550365293929	14830	0
246550365547904	13350	0
246550545505652	12243	0
246550545509744	12241	0
246550545509748	12240	0
246550818659748	1978	0
246550818663840	1977	0
246550818663844	1976	0
246550835056039	24288	0
246596301903901	1975	0
246617671175445	10130	0
246617687940376	12233	0
246617735126297	12229	0
246618816789781	23337	0
246645876412182	1974	0
246645878508822	1973	0
246671578591124	1972	0
246671578591140	1971	0
246671580686788	1970	0
246671580687764	1969	0
246671580687780	1968	0
246682399895460	33572	0
246682401992100	25808	0
246686696959396	25801	0
246686730513796	25796	0
246687686831492	25132	0
246687791533440	20803	0
246687950902996	23335	0
246687950904692	23333	0
246688223685508	25792	0
246688223686020	25789	0
246688223686052	25787	0
246688224058788	23331	0
246714541637397	8464	0
246714541767957	8462	0
246752377659303	37278	0
246752379755943	23848	0
246755148213527	35066	0
246755164978458	35082	0
246755181755673	22014	0
246755182009648	17425	0
246755416452423	25126	0
246755433217354	25458	0
246755449994569	25455	0
246755684887863	25118	0
246755701652794	25452	0
246755718430009	25449	0
246756670397719	23328	0
246756674723239	17421	0
246756943158695	17417	0
246782726466840	14825	0
246782730399000	14823	0
246791453893549	24272	0
246815613086029	26545	0
246819578670104	14819	0
246819578670360	14817	0
246819855626056	26541	0
246819857722440	26538	0
246819857722696	26535	0
246823812828436	37984	0
246823812828438	37981	0
246823812828464	37978	0
246823812828470	37974	0
246823873637656	37475	0
246823873637658	37474	0
246823890414872	14815	0
246823890414873	14814	0
246823890423062	14812	0
246823901302064	19246	0
246824152689992	26532	0
246824152689994	26531	0
246824169467208	26528	0
246824169467209	26527	0
246824425196880	6778	0
246824437910838	25103	0
246824706346294	25098	0
246824706477334	25094	0
246825662639524	26519	0
246850750619415	5187	0
246862556460057	1967	0
246862589883421	1966	0
246888256544535	1965	0
246888258640919	1964	0
246888258641175	1963	0
246888524783431	26513	0
246888526879815	26510	0
246888526880071	26507	0
246892553608471	1962	0
246892553612567	1961	0
246892609891609	14809	0
246892609895705	14807	0
246892610944281	22460	0
246892620709145	22457	0
246892821847367	26504	0
246892821851463	26501	0
246892879379737	26248	0
246892879379753	12225	0
246892888943945	26498	0
246892888948041	26495	0
246892888948057	26493	0
246893144669520	12223	0
246893144669529	12222	0
246893157383481	26242	0
246893157383513	26240	0
246893157449049	22453	0
246893157686585	23325	0
246893414127577	23323	0
246893414129001	23321	0
246928355992429	24269	0
246929326968634	32186	0
246929329065274	25782	0
246931222668312	21262	0
246933571604330	1960	0
246933573700970	1959	0
246935576219418	1958	0
246935872186189	24263	0
246937866571610	1957	0
246937868668250	1956	0
246961256508692	1955	0
246961256508720	17404	0
246961273081114	35109	0
246961273089303	1954	0
246961273089304	35105	0
246961279053078	14805	0
246961279053080	14804	0
246961289866520	32693	0
246961289932056	1953	0
246961289932080	1952	0
246961289932088	1951	0
246961541320010	26488	0
246961541328199	26485	0
246961541328200	26484	0
246961558105416	26481	0
246961558105432	26479	0
246961558367512	1950	0
246961558367528	1949	0
246961813826896	12219	0
246961813826904	12218	0
246961826540854	1948	0
246961826540856	26234	0
246961826540888	26232	0
246961826606424	32687	0
246962296302936	17402	0
246962296302964	1947	0
246962564738392	26476	0
246962565000472	23319	0
246988617989913	1946	0
247000020784155	30367	0
247001485786985	1945	0
247004522463049	1944	0
247004522463065	1943	0
247008607573531	1942	0
247008618386971	1941	0
247008618386973	1940	0
247009155061307	1939	0
247009155061309	1938	0
247077276730906	1937	0
247077287544346	1936	0
247077824218682	1935	0
247126589140251	14801	0
247126629567771	30117	0
247129917889867	1934	0
247129917889883	1933	0
247130176298379	6774	0
247130924522827	1932	0
247135219490107	1931	0
247138926835357	24721	0
247139464125803	23314	0
247141718002971	6771	0
247141997055307	25080	0
247141997055323	25078	0
247143752211803	23311	0
247146007016989	21539	0
247146543691325	24713	0
247148053618059	26377	0
247150307929371	14799	0
247150586981707	26464	0
247150846876987	23309	0
247151112166763	23307	0
247151112166779	23305	0
247155569834077	24815	0
247702420995989	1930	0
247702420996005	1929	0
247702423091653	1928	0
247702423092629	1927	0
247702423092645	1926	0
247710039947629	1925	0
247718311116154	8456	0
247718327893381	8453	0
247718328405285	1924	0
247718328413445	1923	0
247718328417541	1922	0
247718596328809	1921	0
247718596328837	6766	0
247719066090373	10127	0
247719066090885	10125	0
247719066090917	10123	0
247719066090919	1920	0
247769060110123	1919	0
247769062206763	1918	0
247769095760171	1917	0
247769095760173	3935	0
247769095775789	3933	0
247769095776045	3931	0
247773303606566	1916	0
247773304654374	1915	0
247773304766246	1914	0
247773307603494	1913	0
247777616489263	10120	0
247777618586413	10117	0
247777678356269	10113	0
247777685694765	10110	0
247777686128941	1912	0
247778759428390	20796	0
247778759428397	20795	0
247781894692646	8451	0
247781896789030	8449	0
247781896789286	8447	0
247781911457577	10108	0
247781911457700	10106	0
247781913553961	10104	0
247781913554217	10102	0
247781913554340	10100	0
247781928234792	10098	0
247781930331176	10096	0
247781930331432	10094	0
247786187459878	8439	0
247786187459880	6764	0
247786191756582	8437	0
247786191760678	8435	0
247786191760680	6762	0
247786192309030	1911	0
247786192309542	1910	0
247786208521001	10092	0
247786208521513	10090	0
247786208521514	10089	0
247786208521636	10087	0
247786208537894	10085	0
247786208537895	6757	0
247786225298728	10083	0
247786225298730	10082	0
247786225302826	8432	0
247786225732906	1909	0
247786242075944	10080	0
247786242075945	10079	0
247786242076036	10077	0
247786242080041	8428	0
247786242084134	10075	0
247787315809574	20793	0
247787315809576	20792	0
247787315809577	20791	0
247817683207463	1908	0
247817683207469	1907	0
247818418675495	6746	0
247818418675497	1906	0
247818418675498	6745	0
247818418675623	6743	0
247818420772135	17996	0
247818420772137	1905	0
247818420772138	17995	0
247818420772263	17993	0
247846335874343	1904	0
247846338086183	1903	0
247846405178669	1902	0
247850647715621	8426	0
247850649812005	8423	0
247850649812261	8420	0
247850916151077	22007	0
247850916282117	22004	0
247850918247461	22001	0
247850918247717	21998	0
247850918378501	21995	0
247850918378757	21992	0
247854928012583	6741	0
247854928014629	6739	0
247854928014631	6738	0
247854928014663	6736	0
247854944779557	8414	0
247854944779562	8413	0
247854944779594	8411	0
247854961556773	8409	0
247854961556777	8408	0
247854961556809	8406	0
247854961560869	6731	0
247854962052389	1901	0
247855196450085	21782	0
247855196450087	21781	0
247855196450103	6728	0
247855196581125	37416	0
247855196581127	37415	0
247855213215013	21989	0
247855213215018	21988	0
247855213215034	8404	0
247855213346053	21985	0
247855213346058	21984	0
247855229992229	21981	0
247855229992233	21980	0
247855229992249	8402	0
247855229996325	21776	0
247855230123269	21977	0
247855230123273	21976	0
247855230127365	21771	0
247855230487845	1900	0
247856198782245	20788	0
247856198782247	20787	0
247856198790405	20785	0
247856198790407	20784	0
247886549814566	1899	0
247886549814568	1898	0
247886553746726	1897	0
247886553746728	1896	0
247886819297318	1895	0
247886822246438	1894	0
247887087832870	6724	0
247887087832874	6723	0
247887087832998	6721	0
247887088389926	1893	0
247887089929510	6719	0
247887089929514	6718	0
247887089929638	6716	0
247887090486566	1892	0
247890965455789	3929	0
247915124648237	14797	0
247915124648269	14795	0
247915124655405	14793	0
247915124951085	1891	0
247915124951341	1890	0
247919367188264	14791	0
247919367188296	14789	0
247919367491368	1889	0
247919369284648	14787	0
247919369284680	14785	0
247919369284904	14783	0
247919369284936	14781	0
247919369587752	1888	0
247919369588008	1887	0
247923664252200	14779	0
247923664252202	14778	0
247923664252232	14776	0
247923664252234	14775	0
247923664555304	1886	0
247923664555306	1885	0
247923681029416	19227	0
247923681029417	14773	0
247923681029448	14771	0
247923681029449	14770	0
247923681037605	19222	0
247923681037606	19221	0
247923681332520	19217	0
247923681332521	1884	0
247923949473061	21768	0
247923949473062	21767	0
247923949473078	6712	0
247923949604101	21763	0
247923949604102	21762	0
247924206308614	6710	0
247924217908518	21757	0
247924217908534	20781	0
247924218039558	21753	0
247924218105094	19206	0
247925190978344	20778	0
247925190978856	20776	0
247925190978858	20775	0
247925190978979	14762	0
247925191109384	14760	0
247925191109896	14758	0
247925191109898	14757	0
247925207743910	17396	0
247925207928230	1883	0
247955537821481	12215	0
247955538870057	12213	0
247955538870059	12212	0
247955540966441	12210	0
247955540966697	12208	0
247955540966699	12207	0
247955807305513	12205	0
247955807305514	12204	0
247955809402153	12201	0
247955809402154	12200	0
247988036345637	1882	0
247988036345639	14754	0
247988036345671	14752	0
247988038442021	1881	0
247988038442023	14750	0
247988038442055	14748	0
247988038442277	1880	0
247988038442279	14746	0
247988038442311	14744	0
247992333409573	1879	0
247992333409575	14742	0
247992333409607	14740	0
247992333413669	1878	0
247992333413671	14738	0
247992333413703	14736	0
247992390024489	12197	0
247992390024495	12196	0
247992390025001	12194	0
247992390977321	12192	0
247992390977490	12190	0
247992390977497	12189	0
247992390978855	12187	0
247992390978857	12186	0
247992391007497	12184	0
247992391007529	12182	0
247992400506153	14734	0
247992400506185	14732	0
247992400510245	12180	0
247992400510249	14730	0
247992400510281	14728	0
247992400510297	14726	0
247992400807721	1877	0
247992400809257	1876	0
247992400874793	1875	0
247992400874825	1874	0
247992668945701	22449	0
247992668945705	22448	0
247992668945721	12176	0
247992668945753	22446	0
247992669076741	22443	0
247992669076745	22442	0
247992669076825	22440	0
247992669310249	1873	0
247992669310265	1872	0
247992925751257	1871	0
247992925752681	1870	0
247992937549161	1869	0
247993195244807	20772	0
247993195244809	20771	0
247993205800281	17394	0
247993205984601	1868	0
247993206050087	1867	0
247993206050089	1866	0
248023304152189	15368	0
248023546138408	1865	0
248023546138410	1864	0
248023562104616	3927	0
248023562104621	3926	0
248023572587816	15364	0
248023572587821	15363	0
248024526782250	12174	0
248024526786342	10073	0
248024526786346	12172	0
248024527212330	1863	0
248024528878890	12170	0
248024528882982	10071	0
248024528882986	12168	0
248024529308970	1862	0
248024543563557	10069	0
248024543563562	10068	0
248024543563594	10066	0
248024545660197	18108	0
248024545660202	18107	0
248024545660234	18105	0
248024560328488	12166	0
248024560328490	12165	0
248024562425128	18176	0
248024562425130	18175	0
248027867554669	3924	0
248027867555112	12746	0
248027867555117	12745	0
248028838530858	10064	0
248028838530874	10062	0
248028840627498	10059	0
248028840627514	10057	0
248035366962474	1861	0
248035366962476	1860	0
248035366962477	1859	0
248035383739690	18367	0
248035383739691	1858	0
248035383739693	18366	0
248035383747880	18363	0
248035383747885	18362	0
248035383748397	18359	0
248035383748429	3922	0
248037394911018	20769	0
248037395042058	1857	0
248037397007658	20767	0
248037397138698	1856	0
248061052881701	19892	0
248061052882213	19889	0
248061052882218	19888	0
248061052882250	14721	0
248061052890405	19885	0
248061052890407	14719	0
248061052890408	19884	0
248061052890439	14717	0
248061052890440	14716	0
248061069667621	12163	0
248061069667622	14714	0
248061069667624	14713	0
248061069667656	14711	0
248061069667672	14709	0
248061069953576	1855	0
248061069953832	1854	0
248061069954344	1853	0
248061069954346	1852	0
248061069995272	1851	0
248061069995304	1850	0
248061338103077	22437	0
248061338103078	1849	0
248061338103080	22436	0
248061338103094	1848	0
248061338103096	12159	0
248061338103128	22434	0
248061338234117	38507	0
248061338234118	1847	0
248061338234120	38506	0
248061338234200	38494	4
248062093077797	20765	0
248062093077798	20764	0
248062093077800	20763	0
248062093077859	14706	0
248062093208837	1846	0
248062093208838	14704	0
248062093208840	14703	0
248092023624827	16007	0
248092023624829	16006	0
248092282521899	1845	0
248092440968998	1844	0
248092440968999	12157	0
248092440969001	12156	0
248104034022697	1843	0
248104034022703	1842	0
248104034025257	1841	0
248104034025289	1840	0
248104034025305	1839	0
248104036119849	1838	0
248104036119853	1837	0
248104036123945	1836	0
248104036861225	1835	0
248104103216427	1834	0
248104103216429	1833	0
248104103220523	1832	0
248104103220525	1831	0
248108387704619	1830	0
248108387704621	1829	0
248108388649003	1828	0
248108388649259	1827	0
248108398187819	1826	0
248108398187821	1825	0
248108398188075	1824	0
248108398188077	1823	0
248108666623531	1822	0
248108666623533	1821	0
248108666623547	1820	0
248108666623549	1819	0
248108666754571	1818	0
248108666754573	1817	0
248160692782202	16003	0
248161431391274	1816	0
248161431391530	1815	0
248172755592492	19203	0
248172755592493	19202	0
248172755600681	1814	0
248172755600682	19196	0
248172772377896	1813	0
248172772377898	1812	0
248174299105066	20760	0
248174299236106	1811	0
248177056861994	1810	0
248177057664810	1809	0
248177057795114	1808	0
248177057795370	1807	0
248177067345194	1806	0
248177067345450	1805	0
248177335780906	1804	0
248177335780922	1803	0
248177335911946	1802	0
248181311974693	1801	0
248181311981861	1800	0
248229412254845	16000	0
248229429513509	1799	0
248229429513515	1798	0
248229429513547	1797	0
248229429513563	1796	0
248229687921960	6707	0
248229687921961	1795	0
248229687921963	6706	0
248229687922059	6704	0
248229882629414	1794	0
248229882629415	12153	0
248230150867757	1793	0
248230150868266	1792	0
248230150868267	1791	0
248230412487974	10051	0
248230412487979	12150	0
248230418873641	12148	0
248230418873643	12147	0
248230419303723	1790	0
248230419369259	12144	0
248230436146469	1789	0
248230436146475	1788	0
248230436146507	1787	0
248230452419880	19368	0
248230452419881	19367	0
248230452419883	19366	0
248234731113771	1786	0
248234731113787	1785	0
248234731121931	1784	0
248241475069229	19193	0
248241475073321	18779	0
248241475073325	19187	0
248241475683629	1783	0
248241475685714	1782	0
248241491850536	18776	0
248241491850541	18775	0
248241508615467	24425	0
248241508615469	24424	0
248241508617515	24421	0
248241508617547	6701	0
248241508617563	24419	0
248243280612651	20758	0
248243280620811	20756	0
248245776334637	5184	0
248245777272106	1781	0
248245777272107	5182	0
248245786817837	18772	0
248245786818093	18769	0
248245794049321	1780	0
248245794049323	1779	0
248245794049410	1778	0
248245794049419	1777	0
248246055253549	21534	0
248246055253565	15599	0
248246055384589	21531	0
248247598726539	17392	0
248247598910859	1776	0
248250031451429	1775	0
248250089015083	1774	0
248250089016619	1773	0
248250090065195	14694	0
248250098543915	14692	0
248250098543947	14690	0
248250098845483	1772	0
248250098845485	1771	0
248250098847019	1770	0
248250098847090	1769	0
248250098847099	1768	0
248250358500651	1767	0
248250358500667	1766	0
248250623790443	1765	0
248250623790459	1764	0
248250635586923	1763	0
248250635586939	1762	0
248254343481901	1761	0
248254343482157	1760	0
248254343482667	1759	0
248254343482786	1758	0
248835590469149	1757	0
248836309729046	1756	0
248836309733142	1755	0
248836311825686	1754	0
248836311829782	1753	0
248836326125337	10049	0
248836326125338	10048	0
248836328221977	10045	0
248836328221978	10044	0
248867766628123	1752	0
248867768724763	1751	0
248867802278171	1750	0
248867802278173	3916	0
248867802293789	3914	0
248867802294045	3912	0
248872009940246	1749	0
248872009944342	1748	0
248872010988054	1747	0
248872010992150	1746	0
248872011284246	1745	0
248872013937174	1744	0
248872013941270	1743	0
248876323007263	10040	0
248876325104413	10037	0
248876384874269	10033	0
248876392212765	10030	0
248876392462621	1742	0
248876392466717	1741	0
248880601210646	8397	0
248880603307030	8395	0
248880603307286	8393	0
248880617975577	10028	0
248880620071961	10025	0
248880620072217	10023	0
248880634752792	10020	0
248880636849176	10018	0
248880636849432	10016	0
248884893793558	8385	0
248884893793560	6695	0
248884893797654	8383	0
248884893797656	6693	0
248884898274582	8381	0
248884898278678	8379	0
248884898278680	6691	0
248884898642710	1740	0
248884898643222	1739	0
248884898646806	1738	0
248884898647318	1737	0
248884915039001	10014	0
248884915039513	10012	0
248884915039514	10011	0
248884915055894	10008	0
248884915055895	6686	0
248884931816728	10006	0
248884931816730	10005	0
248884931820826	8376	0
248884932066586	1736	0
248884932070682	1735	0
248884948593944	10003	0
248884948593945	10002	0
248884948598041	8372	0
248884948602134	9999	0
248886812691842	6677	0
248903185956117	8370	0
248945044604183	1734	0
248945111696669	1733	0
248953634530583	6673	0
248953634532631	6671	0
248953634598167	6669	0
248953651297562	8356	0
248953651363098	8354	0
248953668074777	8352	0
248953668140313	8350	0
248953668386069	17389	0
248954693332279	6662	0
248954708077879	6660	0
248954708143415	36828	0
248954710097210	8348	0
248954724842810	8346	0
248954724908346	37054	0
248954726874425	8344	0
248954741620025	8342	0
248954741685561	37051	0
248972171263766	18766	0
248972171263768	18765	0
248972188028694	19184	0
248972188028699	19183	0
248972190125334	19180	0
248972190125339	19179	0
248973176552726	17385	0
248973176552728	17384	0
248973180484886	17382	0
248973180484888	17381	0
248973446035478	17379	0
248973448984598	17377	0
248973714755350	19176	0
248973714755354	19175	0
248973714755494	19173	0
248973715128086	17375	0
248973716851990	19170	0
248973716851994	19169	0
248973716852134	19167	0
248973717224726	17373	0
248988011556120	1732	0
248988011556152	1731	0
249013710589718	1730	0
249013711353878	17371	0
249013711354134	17369	0
249013711637270	1729	0
249013711637279	1728	0
249013711638294	1727	0
249013713734422	1726	0
249013713734429	1725	0
249013713734678	1724	0
249013713734934	1723	0
249013713750038	1722	0
249013713750294	1721	0
249013831166237	14687	0
249013831173405	14685	0
249018006605590	1720	0
249018006605734	1719	0
249018006609686	1718	0
249018008701974	1717	0
249018008702230	1716	0
249018008702374	1715	0
249018008706070	1714	0
249018008706326	1713	0
249018065054744	14683	0
249018065055000	14681	0
249018073706264	14679	0
249018075802648	14677	0
249018075802904	14675	0
249022298426646	37961	0
249022298426655	37959	0
249022298427158	37954	0
249022299191318	37944	0
249022299191505	37892	5
249022299191510	37915	0
249022299192598	37910	0
249022299192600	37908	0
249022299213076	37904	0
249022299213078	37900	0
249022299213110	37896	0
249022303669014	19164	0
249022303669526	37935	0
249022303669530	37934	0
249022303669670	37932	0
249022303673622	1712	0
249022303677718	37928	0
249022303677720	37927	0
249022304041750	17362	0
249022304042262	17360	0
249022360022296	14673	0
249022360022298	14672	0
249022370770200	14670	0
249022370770202	14669	0
249022376799512	14667	0
249022376799513	14666	0
249022376807702	14664	0
249022387547416	19161	0
249022387547417	14662	0
249022387555606	19156	0
249023446355254	6650	0
249023446355282	6648	0
249023461100854	6646	0
249023461166390	36811	0
249023714790710	19147	0
249023729536310	19144	0
249023729601846	36799	0
249023729732870	36033	0
249023729732886	36792	0
249024704626086	17358	0
249024719371686	17356	0
249024719556006	1711	0
249040909616921	18352	0
249040943163165	18349	0
249041183940375	5180	0
249042164743961	12141	0
249042165792537	12139	0
249042165792539	12138	0
249042167888921	12136	0
249042167889177	12134	0
249042167889179	12133	0
249042434227993	12131	0
249042434227994	12130	0
249042436324633	12127	0
249042436324634	12126	0
249056676781335	5178	0
249056676781367	5176	0
249061042828825	1710	0
249061042829081	1709	0
249061042844697	1708	0
249061076252189	1707	0
249061076252445	1706	0
249061076268061	1705	0
249086726076959	12123	0
249086726078233	12121	0
249086726086422	1704	0
249086726086423	12118	0
249086728174109	12116	0
249086728174617	12114	0
249086728174873	12112	0
249086728182806	1703	0
249086728182807	12109	0
249086728183062	1702	0
249086728183063	12107	0
249086742863639	14657	0
249086742929175	1701	0
249086744960023	14655	0
249086744960279	14653	0
249086745025559	1700	0
249086745025815	1699	0
249091023141657	12104	0
249091023142169	12102	0
249091023142170	12101	0
249091023150358	1698	0
249091023150359	12098	0
249091023154454	1697	0
249091023154455	12096	0
249091039927575	14651	0
249091039931671	14649	0
249091039993111	1696	0
249091039997207	1695	0
249091096276249	14647	0
249091096280345	14645	0
249091097311001	17354	0
249091097311185	17352	0
249091097311193	17351	0
249091097312535	17349	0
249091097312537	17348	0
249091097328921	17346	0
249091107024153	14643	0
249091107028249	14641	0
249091107028313	14639	0
249091107093785	12087	0
249091107208473	17344	0
249092165827897	12085	0
249092165827922	12083	0
249092165827929	12082	0
249092180573497	12080	0
249092180573529	12078	0
249092180639033	37539	0
249092180639065	37537	0
249092180938041	1694	0
249092180942137	36030	0
249092449176937	1693	0
249092702682457	17342	0
249092717428057	17340	0
249092717612377	1692	0
249109368639258	38274	0
249109368639290	38204	14
249109662639901	19881	0
249110172876568	17338	0
249110172876570	17337	0
249110199510296	18344	0
249110199510301	18343	0
249111153704730	12076	0
249111153708822	19878	0
249111153708826	19877	0
249111153950490	17335	0
249111155801370	12073	0
249111155805462	19874	0
249111155805466	19873	0
249111156047130	17333	0
249111170486042	19870	0
249111170551578	9997	0
249111172582682	19867	0
249111172648218	9995	0
249125474766618	37581	0
249125474766650	37573	0
249125500593437	12740	0
249128337379130	9991	0
249128337509690	9989	0
249128350158650	9987	0
249128350224186	38204	15
249128352255290	9985	0
249128352320826	38254	0
249129709025816	3910	0
249129709052952	3908	0
249129711910168	1691	0
249129711974936	1690	0
249134062604058	1689	0
249134073480474	1688	0
249134073480476	1687	0
249134073480477	1686	0
249134090257690	18340	0
249134090257691	1685	0
249134090257693	18339	0
249134090265880	18336	0
249134090265885	18335	0
249134090266397	18332	0
249159742618906	12068	0
249159742622486	19864	0
249159742622998	19861	0
249159742623002	19860	0
249159742631190	19857	0
249159742631191	12064	0
249159742631192	19856	0
249159742864666	17329	0
249159742893332	1684	0
249159759400218	19850	0
249159759408407	14632	0
249159759408408	19847	0
249159759465754	9982	0
249159759473943	1683	0
249159759473944	9980	0
249159765437718	14630	0
249159765437720	14629	0
249159776185622	14627	0
249159776185624	14626	0
249159776185688	14624	0
249159776251160	12058	0
249159776316696	1682	0
249159776316728	1681	0
249160834985270	1680	0
249160834985272	12056	0
249160834985298	12054	0
249160834985304	12053	0
249160849730870	1679	0
249160849730872	12051	0
249160849730904	12049	0
249160849796406	1678	0
249160849796408	37534	0
249160849796440	37532	0
249178044677913	1677	0
249178044677945	1676	0
249178312916758	19844	0
249178312916759	1675	0
249178312916761	19843	0
249178312916841	19841	0
249178373725979	19640	0
249178373725981	19639	0
249178909260059	17325	0
249179067891478	1674	0
249179067891479	12047	0
249179067891481	12046	0
249194212201755	8340	0
249198507145499	8337	0
249198507168795	8335	0
249198515074587	1673	0
249198515074589	1672	0
249202740540697	1671	0
249202740540703	1670	0
249202740543257	1669	0
249202740543321	1668	0
249202742637849	1667	0
249202742637853	1666	0
249202742641945	1665	0
249202809734427	1664	0
249202809734429	1663	0
249202809738523	1662	0
249202809738525	1661	0
249206985170715	1660	0
249206985177119	1659	0
249206985178905	1658	0
249206987267355	1657	0
249206987274269	1656	0
249207093958171	1655	0
249207094982683	17321	0
249207094982939	17319	0
249207104705819	1654	0
249207104705821	1653	0
249207104706075	1652	0
249207104706077	1651	0
249207104771611	1650	0
249207104771613	1649	0
249208163505723	1648	0
249208178251323	1647	0
249208178251325	1646	0
249208178316859	1645	0
249208178316861	1644	0
249247034486038	19838	0
249247034486039	19136	0
249248058129434	17317	0
249248058129690	17315	0
249262889223450	1643	0
249271462110492	19132	0
249271462110493	19131	0
249271462118681	1642	0
249271462118682	19125	0
249271478895896	1641	0
249271478895898	1640	0
249275706755098	1639	0
249275763115546	1638	0
249275763998490	17313	0
249275764128794	17311	0
249275764129050	17309	0
249275773863194	1637	0
249275773863450	1636	0
249275773928986	1635	0
249276832663098	1634	0
249276847408698	1633	0
249276847474234	1632	0
249280001715478	1631	0
249280001722646	1630	0
249315510422811	9978	0
249315510422843	9976	0
249315753962774	19834	0
249315753962775	19122	0
249315787509014	19830	0
249315787509019	19829	0
249315787509099	19827	0
249316056251669	17307	0
249316056251675	17306	0
249316056251739	17304	0
249316314660120	17302	0
249316314660121	17301	0
249316314660123	17300	0
249316314660235	17298	0
249316509367574	17296	0
249316509367575	17295	0
249316777605917	17292	0
249316777606426	17290	0
249316777606427	17289	0
249317039226134	19824	0
249317039226139	19823	0
249317045796121	19636	0
249317045796123	19635	0
249317046041883	17285	0
249317046107419	17282	0
249317062884629	17280	0
249317062884635	17279	0
249317062888731	14619	0
249331608696093	13106	0
249331616550171	9972	0
249331616550203	9970	0
249334242741563	1629	0
249334242745659	36027	0
249335870208797	1628	0
249335887052055	1627	0
249335887052129	1626	0
249335912545561	8332	0
249335912545563	8331	0
249335920473627	1625	0
249335920473629	1624	0
249335920475419	1623	0
249335920475489	1622	0
249335920475499	1621	0
249340181587229	19115	0
249340181591321	18762	0
249340181591325	19109	0
249340182019409	1620	0
249340198368536	18759	0
249340198368541	18758	0
249340204387611	6631	0
249340215133467	30071	0
249340215133469	30070	0
249340215135515	30066	0
249340215135579	30064	0
249344419938077	18755	0
249344420691227	18750	0
249344426220827	18747	0
249344426227741	18744	0
249344426653725	17275	0
249344426655105	17272	0
249344483605786	17270	0
249344483605787	17269	0
249344493335837	18741	0
249344493336093	18738	0
249344493401629	15593	0
249344500383001	30263	0
249344500383003	30260	0
249344500383105	30255	0
249344500383115	30252	0
249345566881341	15588	0
249345566946877	36558	0
249347095608715	17267	0
249347110354315	17264	0
249347110538635	1619	0
249348721192214	1618	0
249348794314011	14616	0
249348795348763	17261	0
249348795350299	17259	0
249348796398875	17257	0
249348796402971	14613	0
249348805061915	14611	0
249349870128443	1617	0
249349870132539	36024	0
249350147214699	1616	0
249350147214715	1615	0
249353016146461	12037	0
249353016146717	12035	0
249353016147227	12033	0
249353016162326	1614	0
249353016162333	12030	0
249625058649933	31748	0
249633648875853	1613	0
249633648879949	1612	0
249634185550189	1611	0
249642171411783	30222	0
249642188479818	1610	0
249642188483914	1609	0
249642197392713	8327	0
249642197396809	8325	0
249642205322595	1608	0
249642456718714	15988	0
249642732166531	6625	0
249642741931369	1607	0
249643211693479	1606	0
250048849010599	1605	0
250048851107239	1604	0
250050862276519	1603	0
250050864373159	1602	0
250053146074535	31535	0
250053146094919	31531	0
250053146225943	6622	0
250053146225959	31528	0
250053162859850	32346	0
250053162990874	8317	0
250053162990890	32343	0
250053179637065	32338	0
250053179768089	8315	0
250053179768105	32335	0
250053414661383	6618	0
250053414661415	36789	0
250053431426314	8313	0
250053431426346	37042	0
250053448203529	8311	0
250053448203561	37039	0
250053448457475	1601	0
250055154935255	28273	0
250055154937159	28270	0
250055154945319	28267	0
250055154949415	28264	0
250055159340455	1600	0
250055427775911	1599	0
250071685475656	1598	0
250071735740493	1597	0
250113342728525	34803	0
250114481490767	1596	0
250114483587917	1595	0
250114684911693	36022	0
250117585268552	34796	0
250117587364936	34793	0
250117587365192	34790	0
250118776459174	1594	0
250118778555814	1593	0
250118914649160	28258	0
250118914649416	28256	0
250121882332488	34785	0
250121882332490	34784	0
250121899109704	34779	0
250121899109705	34778	0
250123068280143	31499	0
250123069106388	31493	0
250123069106390	31492	0
250123069107528	31489	0
250123069132070	31484	0
250123069132097	31480	0
250123073523018	31475	0
250123073523110	31473	0
250123073531208	31470	0
250123209616712	28245	0
250123209616714	28243	0
250123226393928	28239	0
250123226393929	28238	0
250123241164070	31466	0
250123241295110	36018	0
250124147256136	34770	0
250124147256648	34766	0
250124147256650	34765	0
250140421793609	1592	0
250140455216973	1591	0
250160551722825	29877	0
250160551722827	1590	0
250160553819465	29874	0
250160553819467	1589	0
250160553838409	29870	0
250160587384653	29865	0
250163067256649	1588	0
250163068086089	28233	0
250163068305225	1587	0
250163068305227	1586	0
250163070401609	1585	0
250163070401865	1584	0
250163070401867	1583	0
250163071035209	28231	0
250163336740681	1582	0
250163336740682	1581	0
250163338837321	1580	0
250163338837322	1579	0
250186254425927	34758	0
250186254556951	1578	0
250186254556967	1577	0
250186256522311	34755	0
250186256522567	34752	0
250186256653335	1576	0
250186256653351	1575	0
250186256653591	1574	0
250186256653607	1573	0
250186522992391	1572	0
250186522992423	1571	0
250186525088775	1570	0
250186525088807	1569	0
250186525089031	1568	0
250186525089063	1567	0
250187495939911	1566	0
250187498036295	1565	0
250187498036551	1564	0
250187764375367	1563	0
250187764506407	28224	0
250187766471751	1562	0
250187766472007	1561	0
250187766602791	28222	0
250187766603047	28220	0
250190551489863	34749	0
250190551493959	34746	0
250190551620887	1560	0
250190551620903	1559	0
250190551624983	1558	0
250190551624999	1557	0
250190608956697	12028	0
250190608956713	33843	0
250190618586441	34743	0
250190618590537	34740	0
250190618590553	34738	0
250190618721561	12026	0
250190618721577	33836	0
250190820056327	1556	0
250190820056359	1555	0
250190820060423	1554	0
250190820060455	1553	0
250190877392131	12024	0
250190877392137	12023	0
250190877392169	37523	0
250190887157001	12021	0
250190887157033	37520	0
250191793003847	1552	0
250191793007943	1551	0
250191945869129	28217	0
250191945869268	28213	0
250191945869273	28212	0
250191945870663	28209	0
250191945870665	28208	0
250191945870697	28206	0
250192061439303	1550	0
250192061443399	1549	0
250192061570343	28204	0
250192061574439	28202	0
250192214306119	28199	0
250192214306121	28198	0
250192214306137	28196	0
250192229305639	28193	0
250192229305641	28192	0
250209174528333	12732	0
250209442767229	15353	0
250209711202669	15350	0
250210682179354	9961	0
250210682179370	9959	0
250210684275994	9956	0
250210684276010	9954	0
250213469495373	12727	0
250213737734269	15347	0
250214006169709	15344	0
250214977146634	9952	0
250214977146666	9950	0
250214979243274	38541	0
250214979243306	38538	0
250229219831624	29860	0
250229220880200	29857	0
250229220884296	1548	0
250229222976840	29854	0
250229306861389	29850	0
250232056217418	1547	0
250232056221514	1546	0
250232056221546	1545	0
250232058314058	1544	0
250232058318154	1543	0
250232058318186	1542	0
250232160726856	28190	0
250232160726858	28184	0
250232160857416	28182	0
250232160857418	28180	0
250233601828685	29845	0
250236351188810	1541	0
250236351188826	1540	0
250236353285450	1539	0
250236353285466	1538	0
250259270962506	34733	0
250259270970695	34730	0
250259270970696	34729	0
250259271093530	9946	0
250259271093546	33124	0
250259271101719	1537	0
250259271101720	9944	0
250259271101735	1536	0
250259271101736	33121	0
250259287747912	34726	0
250259287747928	34724	0
250259287878936	12019	0
250259287878952	33827	0
250259287944472	1535	0
250259287944488	1534	0
250259539528970	9941	0
250259539529002	37350	0
250259539537159	1533	0
250259539537160	9939	0
250259539537191	1532	0
250259539537192	37347	0
250259556314376	12017	0
250259556314408	37517	0
250259556379912	1531	0
250259556379944	1530	0
250260512476490	33115	0
250260512476522	33113	0
250260512484679	1529	0
250260512484680	33108	0
250260512779594	28176	0
250260512812353	1528	0
250260780920135	1527	0
250260780920136	1526	0
250260780920152	1525	0
250260781051175	28172	0
250260781051176	28171	0
250260781051249	1524	0
250261039688408	28168	0
250261039721768	28165	0
250261049355592	34720	0
250261049355608	34718	0
250261049486632	28163	0
250261049486689	1523	0
250261049552168	28160	0
250277886110027	8309	0
250277886136651	8307	0
250277893974347	1522	0
250277893974349	1521	0
250278162239867	15982	0
250278162239869	15981	0
250282181103691	8305	0
250282457206907	15978	0
250282457206909	15977	0
250297940352843	32332	0
250297940361032	1520	0
250297940361033	32327	0
250297942449483	32322	0
250297957138247	1519	0
250297957138249	1518	0
250297957138281	1517	0
250298017947467	32316	0
250298017947469	32312	0
250299970404167	1516	0
250299970404169	1515	0
250299970404201	1514	0
250302252105545	1513	0
250302252105561	1512	0
250306616399387	1511	0
250306616399389	1510	0
250306616399403	1509	0
250306616399405	1508	0
250306884834827	1507	0
250306884834829	1506	0
250306884834859	1505	0
250306884834861	1504	0
250346563120202	1503	0
250346563120458	1502	0
250346563158346	1501	0
250346831397242	15974	0
250350858125386	1500	0
250351126364282	15971	0
250366661930312	31459	0
250366678707527	31456	0
250366695472202	32302	0
250366695472458	32299	0
250368952029002	1499	0
250368952708938	28155	0
250368952839242	28153	0
250368952839498	28150	0
250368960415562	1498	0
250373255382858	1497	0
250375285556762	1496	0
250375285556778	1495	0
250375553992202	1494	0
250375553992234	1493	0
250380771567436	1492	0
250380771567437	1491	0
250380771575626	1490	0
250415266016583	1489	0
250415282597194	1488	0
250415282597195	13103	0
250415282630989	13100	0
250415291510089	8303	0
250415291510091	8302	0
250415299374411	13333	0
250415299439947	1487	0
250415299439979	1486	0
250415550869885	15968	0
250415567875403	1485	0
250415567875419	1484	0
250415826283915	6604	0
250415836114315	13330	0
250416574508363	14609	0
250416574516507	14607	0
250416574516523	14605	0
250419577598029	13097	0
250419845836925	15965	0
250420869483787	38083	0
250420869483819	38001	8
250435381402955	32293	0
250435381407048	31447	0
250435398184263	31444	0
250435414949194	32288	0
250435414949195	32287	0
250435431726409	32283	0
250435431726411	32282	0
250435431730507	31438	0
250435431730539	31435	0
250437411452573	30795	0
250437411941703	28148	0
250437672316234	28142	0
250437672316235	28140	0
250437940751689	32278	0
250437940751691	32273	0
250437941800267	28135	0
250437948308809	32270	0
250437948308811	32269	0
250437948681547	28133	0
250437948681579	28131	0
250438050852168	28129	0
250438050852169	28127	0
250438050852171	28123	0
250439726697803	31426	0
250439726697819	31424	0
250442236767563	28119	0
250442236767579	28116	0
250442236775723	28113	0
250444005029405	15573	0
250444005029421	30785	0
250444021652875	1483	0
250444273464845	37870	0
250444273464877	37865	0
250446528589195	28110	0
250446538235275	1482	0
250448308030747	14603	0
250448308030763	34707	0
250448316620155	1481	0
250448316624203	34704	0
250448576466187	14601	0
250448576466219	38001	8
250449491044173	1480	0
250449491048269	1479	0
250449643906891	28107	0
250449643908427	28104	0
250449643908459	28102	0
250449643908468	28098	0
250449643908475	28097	0
250453777629005	1478	0
250453778443595	28092	0
250453778443684	28089	0
250453786015565	1477	0
250453786015821	1476	0
250454054451277	1475	0
250454054451293	1474	0
250454054582317	28087	0
250719470508093	1473	0
250723765167933	12720	0
250733697243453	23303	0
250740856544568	13327	0
250740861152568	13324	0
250740903730489	12007	0
250741985394001	23298	0
250742253624632	23295	0
250742253624633	23294	0
250785773586349	8812	0
250786241253209	1472	0
250786241253210	6599	0
250786243349849	1471	0
250786243349850	6596	0
250797836404828	1470	0
250797836404829	1469	0
250797853182043	1468	0
250797853182045	1467	0
250802140811101	1466	0
250802148149341	1465	0
250802148149597	1464	0
250802416585053	1463	0
250802416585069	1462	0
250802416716093	1461	0
250806390689624	1460	0
250806392786008	1459	0
250806392786264	1458	0
250810687753560	1457	0
250810687753562	8284	0
250810687753594	8282	0
250810704530776	6593	0
250810704530777	8280	0
250810704858450	1456	0
250810704866640	1455	0
250810704870736	1454	0
250810972966232	13312	0
250810972966233	1453	0
250810972966249	1452	0
250810973097272	13308	0
250810973097273	1451	0
250810973097346	13306	0
250810973105536	13303	0
251172320666029	24260	0
251180705865016	1450	0
251180705869112	1449	0
251180709797176	1448	0
251180709801272	1447	0
251181244190522	6588	0
251181246287162	6585	0
251212854421789	1446	0
251213122857229	1445	0
251213375704893	1444	0
251213391091773	1443	0
251213391092029	1442	0
251213391096125	1441	0
251213391429693	36015	0
251217096961816	1440	0
251217099058200	1439	0
251217099058456	1438	0
251217365397256	1437	0
251217367493640	1436	0
251217367493896	1435	0
251217620982840	1434	0
251217620983096	1433	0
251217620986936	1432	0
251217620987192	1431	0
251217633632056	1430	0
251217633636152	1429	0
251217635728440	1428	0
251217635728696	1427	0
251217635732536	1426	0
251217635732792	1425	0
251221394025752	1424	0
251221394025754	1423	0
251221410802968	25074	0
251221410802969	1422	0
251221410811158	25070	0
251221662461192	1421	0
251221662461194	1420	0
251221679238408	25061	0
251221679238409	1419	0
251221679246598	25055	0
251221679246672	36763	0
251221679377712	36754	0
251221915950392	1418	0
251221915950394	1417	0
251221915954488	1416	0
251221915954490	1415	0
251221930695992	1414	0
251221930695994	1413	0
251221930700088	1412	0
251221930700090	1411	0
251221932084543	6581	0
251221932727608	6578	0
251221932727609	1410	0
251221932731704	6576	0
251221932731705	1409	0
251221932739894	6574	0
251221947473208	31406	0
251221947473209	1408	0
251221947477304	31401	0
251221947477305	1407	0
251221947485494	31393	0
251221947813168	36747	0
251223675727264	1406	0
251240201306457	24257	0
251240218071388	24710	0
251240218071389	24709	0
251240234848603	24706	0
251240234848605	24705	0
251240234852701	24252	0
251244496826457	1405	0
251244530249821	1404	0
251248620051767	5171	0
251248792936247	5168	0
251287292845904	1403	0
251287294942288	1402	0
251287294942544	1401	0
251290117438809	12004	0
251290130218329	33819	0
251290130279705	1400	0
251290130283801	26229	0
251290130283865	33816	0
251290130464025	23288	0
251290398715145	1399	0
251290398719241	26226	0
251290398719312	37509	0
251290398719321	37508	0
251290652204343	12002	0
251290652204345	12001	0
251290652208441	1398	0
251290652212537	11999	0
251290652212569	11997	0
251290666949943	33809	0
251290666949945	33808	0
251290666954041	1397	0
251290666958137	33805	0
251290666958169	33803	0
251291589909840	1396	0
251291589913936	1395	0
251291725933913	28078	0
251291725938009	28076	0
251291726986585	35997	0
251291728022873	28069	0
251291740683609	23284	0
251291740867929	28067	0
251308954329432	24248	0
251308954329437	24247	0
251308954329469	24245	0
251309222764888	24241	0
251309222764893	24240	0
251309222764909	24238	0
251313517862968	12715	0
251313517862973	12714	0
251317608361784	12711	0
251317609410360	12708	0
251317609414456	1394	0
251317611507000	12705	0
251317797105464	34200	0
251317797105469	34196	0
251317812830264	36367	0
251317812830269	36366	0
251318676328250	9930	0
251318676458810	9928	0
251318683143994	9926	0
251318685240634	9924	0
251318787465016	29472	0
251318787465018	29467	0
251318787595576	29459	0
251318787595578	29457	0
251318800551736	1393	0
251318800551738	1392	0
251318802648376	1391	0
251318802648378	1390	0
251333083762522	1389	0
251333113521949	24232	0
251333381957389	24226	0
251333618536250	1388	0
251333618536282	1387	0
251333650196285	29835	0
251335862816602	1386	0
251335862882138	28063	0
251335864913242	1385	0
251335864978778	28060	0
251335879659344	1384	0
251335879659354	35978	0
251335881755984	1383	0
251335881755994	35975	0
251358786575064	11995	0
251358786596184	11993	0
251358799375704	33797	0
251358799441174	1382	0
251358799441176	26222	0
251358799441240	33794	0
251358799572248	23281	0
251358799572264	23279	0
251358799572280	23277	0
251359067876614	1381	0
251359067876616	37150	0
251359067876688	37505	0
251359067876696	37504	0
251359068007688	1380	0
251359068007720	1379	0
251359068007728	1378	0
251359068007736	1377	0
251359320714552	1376	0
251359320714559	1375	0
251359320715064	1374	0
251359321348664	11991	0
251359321348819	11989	0
251359321348824	11988	0
251359321348920	11986	0
251359321349432	11984	0
251359321349434	11983	0
251359321369910	1373	0
251359321369912	11981	0
251359321369944	11979	0
251359336094264	33787	0
251359336094520	33781	0
251359336095032	33774	0
251359336095034	33773	0
251359336115510	1372	0
251359336115512	33766	0
251359336115544	33764	0
251359336439864	35972	0
251359336443144	35970	0
251359336443160	35968	0
251359336443184	1371	0
251359336443192	35965	0
251360292547928	1370	0
251360292613464	28057	0
251360309390672	1369	0
251360309390680	35962	0
251360309390704	1368	0
251360560983384	1367	0
251360561048920	28053	0
251360561179944	28050	0
251360561179960	28044	0
251360577826128	1366	0
251360577826136	35958	0
251360577826144	1365	0
251360577957168	36455	0
251360577957176	36447	0
251377673802075	25443	0
251377673802077	25442	0
251377673802107	25440	0
251377673802109	25439	0
251381969072219	1364	0
251381969072221	1363	0
251386328891192	1362	0
251386328891193	1361	0
251386532268347	1360	0
251386532268349	1359	0
251386597326649	1358	0
251386597392185	1357	0
251401763733337	1356	0
251401763798809	1355	0
251401763798873	1354	0
251402032234249	1353	0
251402032234320	1352	0
251402032234329	1351	0
251402300473145	1350	0
251402300473177	1349	0
251406127961627	1348	0
251406127961629	1347	0
251406396397067	1346	0
251406396397069	1345	0
251406649874491	1344	0
251406649874747	1343	0
251406649890363	1342	0
251406664620091	1341	0
251406664620093	1340	0
251406664620347	1339	0
251406664620349	1338	0
251406664635963	1337	0
251406664635965	1336	0
251446342959448	1335	0
251446342959450	25436	0
251446342959482	25434	0
251455050460472	13300	0
251455579447098	11977	0
251455579577402	11975	0
251455579577658	11973	0
251455587338042	9922	0
251470753803600	36734	0
251474797119002	1334	0
251475065554442	1333	0
251475318890298	1332	0
251475319020602	1331	0
251475319020858	1330	0
251475319047738	1329	0
251475333766202	1328	0
251475333766458	1327	0
251475333793338	1326	0
251515062432088	24702	0
251515062432093	25430	0
251515062432125	25428	0
251515079503195	1325	0
251515079507221	1324	0
251515079507227	1323	0
251515079507291	1322	0
251515347742091	34477	0
251519374471259	1321	0
251519374471261	1320	0
251519374474501	1319	0
251519374474507	1318	0
251519374474587	1317	0
251523669429563	1316	0
251523669429595	1315	0
251523763650365	13094	0
251523769937208	13294	0
251523937668408	37634	0
251523937668409	1314	0
251523937668411	37633	0
251523937668491	37626	0
251524038679863	11970	0
251524299054394	11966	0
251524299054395	11965	0
251524567489849	11962	0
251524567489851	11961	0
251524568538427	11959	0
251524568542523	9919	0
251524575419707	11957	0
251524677590328	31709	0
251524677590329	31707	0
251524677590331	31700	0
251524692643128	1313	0
251524692643129	37036	0
251524692643131	37034	0
251539205274961	23271	0
251539225546075	6558	0
251539238325595	31375	0
251539238391067	25042	0
251539238391131	31372	0
251539473280336	36724	0
251539506826507	36397	0
251539506826576	36718	0
251539506826587	36717	0
251539760319803	6554	0
251539760319835	6552	0
251539775065403	31360	0
251539775065435	31358	0
251541748395355	28041	0
251541748399441	23268	0
251541748399451	28038	0
251541765176656	23265	0
251541765176667	35944	0
251543516591645	24697	0
251543520501131	1312	0
251543533280651	1311	0
251543785027085	24691	0
251544038497594	1310	0
251544038497595	5165	0
251544053243194	1309	0
251544053243195	30775	0
251544053265981	30766	0
251544055274809	1308	0
251544055274811	1307	0
251544055274883	1306	0
251544055274891	1305	0
251544070020409	1304	0
251544070020411	1303	0
251544070020483	1302	0
251544070020491	1301	0
251546049863051	1300	0
251547815468411	1299	0
251547819654427	23262	0
251547828247931	1298	0
251547828317467	1297	0
251548096752907	1296	0
251548350242107	1295	0
251548350242163	1294	0
251548350242171	1293	0
251548350246203	1292	0
251548364987707	1291	0
251548364987763	1290	0
251548364987771	1289	0
251548364991803	1288	0
251552594247485	1287	0
251552594877755	11951	0
251552594877859	11949	0
251552609622589	33754	0
251552609622845	33745	0
251552609623355	33738	0
251552609623459	33727	0
251552609972285	35941	0
251553566079069	1286	0
251553566144605	28035	0
251553582921808	1285	0
251553582921821	35938	0
251804148703049	1284	0
251804148703050	6550	0
251804150799689	1283	0
251804150799690	23835	0
251818929340257	38204	12
251821224185697	38204	12
251821224316257	38218	0
251833038621025	29984	0
251833041078625	1282	0
251833208805741	23259	0
251837330443361	20754	0
251837330443617	20751	0
251840389492065	33389	0
251840389623105	33384	0
251840423038305	22321	0
251840658058561	6544	0
251841625410401	20749	0
251841625410913	20746	0
251841626459489	36591	0
251841631006049	36537	0
251841631006081	36535	0
251841631308641	20744	0
251841631309153	29974	0
251841753324905	23256	0
251841753324933	23253	0
251841765186921	23251	0
251841894894945	30087	0
251841894894961	20741	0
251842160184737	20739	0
251842168049057	29968	0
251887919762786	1281	0
251887970027597	1280	0
251896542922828	1279	0
251896542922829	1278	0
251896559700043	1277	0
251896559700045	1276	0
251900785462095	1275	0
251900787559245	1274	0
251900854667341	1273	0
251900854667597	1272	0
251900854733133	1271	0
251901928212845	1270	0
251901928278381	1269	0
251905080430409	1268	0
251905080430498	1267	0
251905082526793	1266	0
251905082527049	1265	0
251905082527138	1264	0
251909377493833	1263	0
251909377494345	1262	0
251909377494346	6539	0
251909377494434	6537	0
251909377535296	6534	0
251909394271562	8269	0
251909394337098	1261	0
251909403249993	8267	0
251909411048777	8265	0
251909411048834	8263	0
251909411179874	1260	0
251910484594025	1259	0
251910484659561	1258	0
251955831422817	5162	0
251955833945441	1257	0
251955833949537	1256	0
251958629580641	1255	0
251958629584737	1254	0
251958629711201	1253	0
251958629715297	1252	0
251970444015969	1251	0
251970444020065	1250	0
251970446477665	1249	0
251970647505261	1248	0
251970647509357	1247	0
251970647755117	1246	0
251970647759213	35936	0
251972994613153	1245	0
251972996709793	1244	0
251974735838305	1243	0
251974735838561	1242	0
251974735842401	1241	0
251974735842657	1240	0
251975007879057	1239	0
251975007879073	1238	0
251975009975441	1237	0
251975009975697	1236	0
251975009975713	1235	0
251977291574625	9913	0
251977291677089	6523	0
251977291705665	6521	0
251977325120865	9911	0
251977325231489	8261	0
251977325362529	1234	0
251977325366625	1233	0
251979030805345	1232	0
251979030805857	1231	0
251979030809441	1230	0
251979030809953	1229	0
251979031854433	6517	0
251979031858529	6515	0
251979036405089	6513	0
251979036405121	6511	0
251979036703585	1228	0
251979036704097	1227	0
251979036707681	1226	0
251979036708193	1225	0
251979203886441	1224	0
251979203886469	6508	0
251979203890537	1223	0
251979204136297	1222	0
251979204140393	35934	0
251979300289889	1221	0
251979300289905	1220	0
251979300293985	1219	0
251979300294001	1218	0
251979304942993	1217	0
251979304943009	1216	0
251979565579681	1215	0
251979565579685	1214	0
251979565583777	1213	0
251979573377921	1212	0
251979573378433	1211	0
251979573378465	1210	0
251979573444001	1209	0
251979573448097	1208	0
252338907824457	24223	0
252338908193097	1207	0
252338908197193	1206	0
252338924589388	24688	0
252338924589389	24687	0
252338941366603	24684	0
252338941366605	24683	0
252338941370701	24218	0
252338941616461	1205	0
252338941620557	1204	0
252385982586689	1203	0
252385984683073	1202	0
252385984683329	1201	0
252389629052889	20737	0
252389629054313	20735	0
252389641841993	1200	0
252389641846089	1199	0
252389641907481	1198	0
252389641911577	1197	0
252389641977113	23248	0
252389641977129	23246	0
252389642091801	23244	0
252389898546441	1196	0
252389898550533	1195	0
252389898550537	1194	0
252389910342921	1193	0
252389910347017	1192	0
252389910412553	1191	0
252389910412585	1190	0
252390163836217	1189	0
252390163836233	1188	0
252390163840313	1187	0
252390163840329	1186	0
252390178581817	1185	0
252390178581833	1184	0
252390178585913	1183	0
252390178585929	1182	0
252390178848009	35931	0
252390178848025	35929	0
252390279650625	1181	0
252390279654721	1180	0
252390432271689	28022	0
252390432275785	28019	0
252390433320265	35926	0
252390433324361	35923	0
252390447017257	1179	0
252390447017289	1178	0
252390447021349	1177	0
252390447021353	1176	0
252390447021385	1175	0
252390447082825	1174	0
252390447086921	1173	0
252390447385897	28017	0
252390447385929	28015	0
252407660847437	24215	0
252407660912973	24212	0
252408704618346	38204	12
252408734392685	24209	0
252408734458221	24206	0
252408734458477	24203	0
252409638326122	38204	13
252409640422762	29762	0
252413029425261	21246	0
252413029425773	38511	0
252417292455786	1172	0
252421619098221	29827	0
252458999131457	1171	0
252458999196993	1170	0
252460060880225	23242	0
252460072611144	1169	0
252460072742184	28007	0
252460072742241	23239	0
252460089453920	1168	0
252460089519456	23237	0
252460106009962	20728	0
252460106034504	20726	0
252460106034531	1167	0
252460106255722	28002	0
252460106296584	35919	0
252460106296672	27999	0
252460106296673	35917	0
252476311122249	1166	0
252476311122255	1165	0
252476311125785	1164	0
252476311125801	1163	0
252476311125833	1162	0
252476313219401	1161	0
252476313219405	1160	0
252476313223497	1159	0
252476313592137	25771	0
252476372521291	25421	0
252476380320075	25418	0
252476380320077	25417	0
252477284073321	1158	0
252477441001835	20720	0
252477552508777	1157	0
252477552639817	29403	0
252486028839275	1156	0
252486109019961	1155	0
252486109019977	1154	0
252488390721305	1153	0
252488390721321	1152	0
252488390721345	1151	0
252488390721353	1150	0
252490403987241	1149	0
252490403987265	1148	0
252490403987273	1147	0
252490420764480	1146	0
252490420764489	35898	0
252505626724715	20718	0
252505639653995	23235	0
252505639653997	23234	0
252506160799595	1145	0
252506160799597	1144	0
252506176524395	35896	0
252506176524397	35895	0
252545032692044	25037	0
252545032692045	25036	0
252545032700233	1143	0
252545032700234	25030	0
252545049477450	25414	0
252545049542986	1142	0
252557112290625	31353	0
252574295740266	20714	0
252574295870570	20712	0
252574295870826	20710	0
252574308811370	23232	0
252574829956970	1141	0
252574845681770	35893	0
252613752168781	25027	0
252613752172873	26069	0
252613752172877	26068	0
252613752414541	25768	0
252613752417556	25765	0
252613768950093	26063	0
252613769015629	24678	0
252614718832493	38204	11
252614719524203	38230	0
252614725421933	20706	0
252614846401897	32831	0
252614846401899	32828	0
252614846401931	32012	0
252615523790155	32120	0
252615530663275	20694	0
252623275904363	5159	0
252623281802093	1140	0
252623434239337	1139	0
252623434239339	6495	0
252623434239371	6493	0
252623550067613	10778	0
252624080170299	9908	0
252624080170315	9906	0
252624087043435	1138	0
252625831767361	31347	0
252625832013121	33100	0
252628375137579	33097	0
252628375137601	33095	0
252628375137611	33090	0
252628391914816	37344	0
252628391914827	37340	2
252643015347562	20692	0
252643015347563	20689	0
252643028284013	30757	0
252643032124777	32008	0
252643032124779	32005	0
252643032124811	32003	0
252643549429613	21522	0
252643565154413	36543	0
252645594910057	37003	0
252645594910059	37001	0
252645594910091	36999	0
252645595155817	27997	0
252645595155819	27995	0
252645595155851	27992	0
252647327092075	20686	0
252647327092091	20684	0
252647339879755	1137	0
252647339945243	1136	0
252647596584203	1135	0
252647608380683	1134	0
252647861873979	1133	0
252647861873995	1132	0
252647876619579	1131	0
252647876619595	1130	0
252648130309451	27987	0
252648131358027	35887	0
252648145055019	1129	0
252648145055051	1128	0
252648145120587	1127	0
252652272662573	27985	0
252652272662593	1126	0
252652272662605	27982	0
252902924489853	1125	0
252902924505469	1124	0
252902924505725	1123	0
252903192728749	25581	0
252907850923857	8259	0
252907851054417	8257	0
252923056857469	31939	0
252925051215738	23229	0
252925053312378	23224	0
252931915323709	23220	0
252931915323741	23218	0
252937130809983	27013	0
252937132907133	23209	0
252940454624602	30611	0
252940454927674	23202	0
252940454927706	23200	0
252940471401817	21955	0
252941406522737	20681	0
252941406526833	20678	0
252941406526835	17252	0
252941422632319	23193	0
252941423287668	23188	0
252941423304049	23185	0
252941423304050	17247	0
252941427875194	23181	0
252941679676833	29962	0
252941696310650	23175	0
252941696441690	24328	0
252941696441764	23169	0
252975938929533	1122	0
252976207168429	8809	0
252991740645234	18324	0
252991740645243	1121	0
252991742741874	18319	0
252991742741883	1120	0
252991742787698	18315	0
252991776333938	36990	0
252991776333949	36989	0
252993770688370	1119	0
252993770688378	1118	0
252993770688402	1117	0
252993770688418	1116	0
252993772784066	1115	0
252993772785010	1114	0
252993772785018	1113	0
252993772785042	1112	0
252993772785058	1111	0
253000366360909	1110	0
253000366360914	1109	0
253000366360925	1108	0
253000634796349	1107	0
253000634796370	1106	0
253000634796381	1105	0
253004608769906	19629	0
253004608900946	1104	0
253004610866290	19626	0
253004610866546	19622	0
253004610997330	1103	0
253004610997586	1102	0
253004877336402	1101	0
253004879432786	1100	0
253004879433042	1099	0
253005850282610	1098	0
253005850282623	1097	0
253005850283890	1096	0
253005850283922	1095	0
253005850283938	1094	0
253005852379762	1093	0
253005852379773	1092	0
253005852380274	1091	0
253005852380306	1090	0
253005852380530	1089	0
253005852380562	1088	0
253005852380578	1087	0
253008905833842	19617	0
253008905833850	19616	0
253008905964874	1086	0
253008905964882	1085	0
253008905964890	1084	0
253008922611058	19611	0
253008922611074	19608	0
253008922742098	19094	0
253008922807634	1083	0
253009174400314	1082	0
253009174400338	1081	0
253009174400346	1080	0
253009191177554	6487	0
253009191243090	1079	0
253010142104946	1078	0
253010142104959	1077	0
253010142105458	1076	0
253010142760274	17243	0
253010142760306	17239	0
253010142760308	1075	0
253010142777458	17235	0
253010142777554	17232	0
253010142777559	17229	0
253010142780784	17226	0
253010142780786	17224	0
253010147347058	1074	0
253010147347314	1073	0
253010147347826	1072	0
253010147347834	1071	0
253010147347858	1070	0
253010147347874	1069	0
253010415782770	1068	0
253010415782786	1067	0
253010415783282	1066	0
253010415783290	1065	0
253010415783298	1064	0
253010415783330	1063	0
253010415913810	17221	0
253010415914322	24321	0
253010415914330	24320	0
253010415914402	24317	0
253010415914404	1062	0
253059656958833	3898	0
253059690505073	3896	0
253059690505085	3895	0
253064854338897	1061	0
253064855386705	1060	0
253064858335825	1059	0
253068280543569	17217	0
253068280543581	17216	0
253069152995665	1058	0
253069354273117	1057	0
253069354277213	35885	0
253072523083601	17212	0
253072525179985	17210	0
253072525180241	17207	0
253073442176081	8255	0
253073442176337	8253	0
253076820147537	17203	0
253076820147546	17202	0
253076836924753	17198	0
253076836990289	17195	0
253077736107345	6484	0
253077737143121	8248	0
253077737143633	8246	0
253077738192209	8244	0
253077738196305	6481	0
253077742923089	6479	0
253077893447002	8242	0
253077893877082	1056	0
253077893881178	35880	0
253077910224217	8240	0
253078811917649	17192	0
253078811917681	17189	0
253078811921777	1055	0
253078811925873	17186	0
253078811925875	17184	0
253079085071185	17181	0
253079085071697	29922	0
253079085071706	29921	0
253079085071777	29919	0
253079085075873	1054	0
253096198029693	1053	0
253096198033789	1052	0
253096198034045	1051	0
253096466268589	8806	0
253128409981565	3892	0
253131159318394	27980	0
253131161415034	27975	0
253137000024349	1050	0
253137268459789	1049	0
253143238912639	37214	12
253143241009789	27970	0
253145539628314	1048	0
253145808063754	1047	0
253147530734975	27959	0
253147531390324	27954	0
253147531398513	1046	0
253147531398514	27951	0
253147531402609	1045	0
253147531402610	27948	0
253147535977850	27944	0
253147548175728	1044	0
253147548175730	35875	0
253147548179824	1043	0
253147548179826	35872	0
253147804413306	27938	0
253147804544346	27933	0
253147804544420	27931	0
253147804552609	1042	0
253147804552610	27929	0
253147821329824	1041	0
253147821329826	35870	0
253507172409725	24199	0
253507172540749	24196	0
253507172540765	24194	0
253507410952026	1040	0
253507410956122	1039	0
253507427348317	3890	0
253507440976221	24191	0
253507440976477	24188	0
253509166796570	1038	0
253509168893210	1037	0
253511735943229	3888	0
253511735943261	21239	0
253511735943773	38494	3
253513461763850	1036	0
253513463860490	1035	0
253517706399546	1034	0
253517708496186	1033	0
253519252136541	29824	0
253519252136989	3886	0
253523517079386	1032	0
253523517083482	1031	0
253523533475677	3884	0
253523547103837	29820	0
253523815539469	24180	0
253526296440666	27927	0
253526298537306	27925	0
253526329556826	1030	0
253526329560922	1029	0
253526329986906	27902	0
253526331653466	1028	0
253526331657562	1027	0
253526332083546	27894	0
253557755710746	23166	0
253557755718936	23164	0
253557755719025	23162	0
253557755719026	1026	0
253557755850004	23160	0
253557755850065	35418	0
253557755850066	35417	0
253558510685482	27891	0
253558510693672	27889	0
253558510693745	1025	0
253558510693746	27887	0
253558510824769	1024	0
253558510824785	1023	0
253558510824786	27883	0
253558778920282	1022	0
253558778924378	1021	0
253558778932568	1020	0
253558779260241	23155	0
253558779260242	27879	0
253558796037424	23153	0
253558796037456	23151	0
253558796037458	35867	0
253575891882363	25409	0
253575891882365	25408	0
253577080979225	1019	0
253577080979314	1018	0
253577222115707	17178	0
253581375942783	1017	0
253581375946505	1016	0
253581378039933	1015	0
253581517082747	17172	0
253585620579199	1014	0
253585620582201	1013	0
253585622676349	1012	0
253585823957883	1011	0
253585823957885	1010	0
253590103872123	1009	0
253590118617723	1008	0
253590118617725	1007	0
253594243743577	1006	0
253644561039738	25405	0
253644561170762	1005	0
253644561170778	1004	0
253644815978330	1003	0
253644816351066	8238	0
253644816481370	8236	0
253644816481626	8234	0
253644829606234	1002	0
253644829606490	1001	0
253649124573242	1000	0
253649124573274	999	0
253649124573786	998	0
253650097520762	997	0
253650365956218	996	0
253650366087258	17167	0
253654342157178	995	0
253654610592634	994	0
253656640766554	993	0
253656640767002	992	0
253660922105690	991	0
253660922478426	8232	0
253660922608730	8230	0
253660922608986	8228	0
253660935733850	990	0
253661204169482	989	0
253663200619610	27877	0
253663200619866	27875	0
253663234165850	27873	0
253663234166106	27867	0
253678014803313	23148	0
253678014803314	988	0
253678769778033	987	0
253678769778034	27864	0
253713280512381	25402	0
253713280643405	24672	0
253713280643421	24670	0
253713297280283	35690	0
253713297280299	35688	0
253713535450973	5155	0
253713535958362	8226	0
253713535958363	8225	0
253713549078877	24667	0
253713549079133	24664	0
253713552735577	8223	0
253713552735579	8222	0
253713552739675	6468	0
253714505555315	17165	0
253714522332439	31908	0
253714522332530	31906	0
253715052191003	17163	0
253715059072283	31902	0
253717844045885	5152	0
253717844045917	21515	0
253717844046429	38546	0
253718816993405	18731	0
253718816993437	18727	0
253718817296509	17158	0
253718817299719	36965	0
253719347158283	17153	0
253719354039563	36949	0
253723061629821	18722	0
253723061629853	18718	0
253723061935415	986	0
253723591793979	985	0
253723598675259	984	0
253725360239197	30753	0
253725360239645	5150	0
253725377060123	983	0
253725377060139	982	0
253727356902695	981	0
253727356902769	980	0
253727373679984	979	0
253727886761259	978	0
253727893642539	977	0
253729641578333	5148	0
253729642085722	8219	0
253729642085723	8218	0
253729655206493	30749	0
253729658862937	8216	0
253729658862939	8215	0
253729658867035	6465	0
253729923642125	24658	0
253731920096093	27857	0
253731920096602	27855	0
253731920096603	27854	0
253731953642333	27842	0
253731953642842	27838	0
253731953642843	27832	0
253732181716315	27828	0
253732188532059	27826	0
253732188597595	27823	0
253732215262555	27813	0
253732221648217	32260	0
253732221648219	32255	0
253732222078299	27803	0
253732222143835	27790	0
253746734280049	23144	0
253746734280050	976	0
253746838719867	20671	0
253746838723963	20669	0
253746839772529	35412	0
253746839772539	35410	0
253746851503483	35407	0
253747108207883	17150	0
253747108207984	38171	0
253747108207995	38170	0
253747373497659	17148	0
253747373497715	17144	0
253747373497723	17143	0
253747388243259	35404	0
253747388243315	35396	0
253747388243323	35395	0
253747489254769	975	0
253747489254770	27787	0
253747656985899	27784	0
253747656985970	27780	0
253747656985979	27779	0
253747912445275	27772	0
253747912445307	27770	0
253751029250077	23141	0
253751784224813	27768	0
253752052447837	974	0
253752052448093	973	0
253752052448603	972	0
253752052448677	971	0
253752052463709	970	0
254002704290955	969	0
254002704290957	26696	0
254002704290989	26694	0
254006827904385	968	0
254006831836545	967	0
254011409702763	23133	0
254011411799403	23129	0
254026567217025	38184	10
254031426885949	23119	0
254031695151469	966	0
254039435472257	30600	0
254039446293857	21723	0
254039983267129	23115	0
254039983267203	26795	0
254039983398243	23109	0
254040112860481	30569	0
254040112860513	30566	0
254040112860515	30563	0
254040239250799	38001	5
254040239709545	38013	0
254040239735254	38001	5
254040239738209	38004	0
254040251833699	38027	0
254041224780675	23100	0
254041224781187	23097	0
254041224781219	23095	0
254079859101026	965	0
254079859101058	964	0
254079863033186	963	0
254079863033218	962	0
254080128126818	961	0
254080129175394	960	0
254080129175403	959	0
254080131271778	958	0
254080131272034	957	0
254080131272043	956	0
254080393744226	955	0
254080393874786	954	0
254080397610850	953	0
254080397610914	952	0
254080397676386	951	0
254080399707490	950	0
254080399707554	949	0
254080399773026	948	0
254095556153218	947	0
254099877923149	946	0
254100146358589	945	0
254100414597485	944	0
254100414627949	943	0
254108424408450	6455	0
254108424437970	6453	0
254108434238850	19079	0
254108434304329	942	0
254108434304386	19073	0
254108434435410	14596	0
254108434435426	14593	0
254108702739769	941	0
254108702739842	15867	0
254108702739843	15865	0
254108702870866	940	0
254108702870882	939	0
254108702870883	938	0
254108970978665	937	0
254108971011424	19064	0
254108971306338	20650	0
254108971306339	936	0
254108971314496	20647	0
254108971314528	20644	0
254109927410562	935	0
254109927411074	934	0
254109927411106	933	0
254109927476098	17136	0
254109927476610	17133	0
254109927476642	17131	0
254109944253314	20641	0
254109944253315	932	0
254109944253826	20638	0
254109944253827	931	0
254109944253858	20636	0
254109944253859	930	0
254109944261504	20633	0
254109944262016	20630	0
254109944262048	20628	0
254146281750369	3882	0
254146281750379	929	0
254146283847009	3880	0
254146283847019	928	0
254146283881313	3878	0
254146284127073	6451	0
254148528258401	927	0
254148528258433	926	0
254148532190561	925	0
254148532190593	924	0
254148797284193	923	0
254148798332769	922	0
254148798332779	921	0
254148800429153	920	0
254148800429409	919	0
254148800429419	918	0
254149062901601	917	0
254149063032161	916	0
254149066768225	915	0
254149066768289	914	0
254149066833761	913	0
254149068864865	912	0
254149068864929	911	0
254149068930401	910	0
254163359329665	14591	0
254163359329667	14590	0
254163360857985	909	0
254163360857987	908	0
254163470335873	17127	0
254164367490945	907	0
254164367490947	906	0
254168930419553	905	0
254169133908845	904	0
254176243191137	21400	0
254176243191139	21398	0
254176247852417	21393	0
254176247852419	21392	0
254176338591105	17123	0
254176338609105	17121	0
254176348376417	15861	0
254176348487041	17118	0
254176348618065	17115	0
254176348618081	17112	0
254176348622177	14584	0
254177249824081	6447	0
254177249824097	30407	0
254177249824099	30405	0
254177254485377	30400	0
254177254485379	30399	0
254177421856099	38140	0
254177422216579	38131	0
254177422220675	38108	0
254177422347619	903	0
254177422351715	35861	0
254177518256993	6444	0
254177518257105	6442	0
254177518257110	6441	0
254177518259521	6439	0
254177518259553	6437	0
254177518259555	6436	0
254177690291555	6432	0
254177690783075	902	0
254177690787171	38043	0
254178586737537	17108	0
254178586738049	17104	0
254178586738081	17100	0
254178586738087	17099	0
254178596633473	17096	0
254178596633985	17093	0
254178596634017	17091	0
254178663361411	36635	0
254178663361923	36628	0
254178663361955	14582	0
254178663730051	901	0
254178663730563	900	0
254178663730595	899	0
254178663734147	35858	0
254178663734659	38125	0
254178663734691	38123	0
254194868563819	898	0
254194870660459	897	0
254233353858436	27765	0
254233526742916	27755	0
254237853385325	896	0
254241945430639	27747	0
254241945431972	27740	0
254241947527789	27738	0
254241947528612	27734	0
254245068098913	31842	0
254245068098914	31840	0
254245336534368	38075	0
254245336534370	38001	7
254246237736289	6425	0
254246237736290	27727	0
254246242495908	27722	0
254246254513504	38070	0
254246254513506	38001	6
254246394539375	27713	0
254246394998121	27710	0
254246394998148	27706	0
254246395019988	27703	0
254246395019990	27702	0
254246395022690	27700	0
254246410259810	27696	0
254246410267908	35854	0
254246410268000	27693	0
254264525938051	895	0
254264525942147	894	0
254264529870211	893	0
254264529874307	892	0
254265064447907	891	0
254265066544547	890	0
254268992270475	889	0
254268992270477	3872	0
254268992270509	3870	0
254301440925571	888	0
254301440929667	887	0
254305231059229	23093	0
254313787440409	23091	0
254313787440513	31334	0
254313787571477	23087	0
254313787571553	23084	0
254314056015107	886	0
254314309180803	6415	0
254314309184899	6413	0
254314309191123	6411	0
254314309193059	6409	0
254314323926403	31329	0
254314323930499	31322	0
254314323938659	31315	0
254314324450563	35850	0
254316035333543	885	0
254316035586945	23078	0
254316035587457	23074	0
254316035587489	23072	0
254316052364160	23066	0
254316052364672	23060	0
254316052364704	23058	0
254316068756355	884	0
254316068756867	883	0
254316068756899	882	0
254316068756903	881	0
254316068760451	880	0
254316068760963	879	0
254316068760995	878	0
254316069129091	27672	0
254316069129603	27665	0
254316069129635	27663	0
254675403575627	877	0
254675403575629	876	0
254675770720099	875	0
254675928449387	874	0
254675928453483	873	0
254675940245867	872	0
254675940245869	871	0
254675940249963	870	0
254675940249965	869	0
254679966978107	868	0
254679966978109	867	0
254680223416427	866	0
254680223420523	865	0
254684327097199	864	0
254684329194349	863	0
254684515238763	862	0
254684515242859	861	0
254684530475883	860	0
254684530475885	859	0
254687483171867	858	0
254687483171869	857	0
254695920156513	23053	0
254695920156514	856	0
254745599459715	855	0
254749894426755	854	0
254758417253505	853	0
254758434030720	852	0
254812799077659	25016	0
254812799077675	6407	0
254812808908059	35684	0
254812808908075	35682	0
254813064367451	6405	0
254813064367467	35230	0
254813332802923	36695	0
254813333848427	6403	0
254813333851499	6401	0
254813345644907	25011	0
254813345644909	25010	0
254813345647894	35675	0
254813345647899	35674	0
254813345647979	35672	0
254813345951051	31999	0
254813345951083	31997	0
254814318898061	20621	0
254814318898571	20619	0
254814553918827	20615	0
254814570700059	31898	0
254814587334027	31993	0
254814587465067	31989	0
254817628815467	6399	0
254817628818694	6397	0
254817628818699	6396	0
254817628818795	6394	0
254818865667339	36944	0
254821768147821	18711	0
254821920637803	35661	0
254821920640310	35654	0
254821920640315	35650	0
254821920640331	6392	0
254821920640363	35644	0
254821935874923	851	0
254821935874925	850	0
254821935877435	849	0
254821935877451	848	0
254821935877483	847	0
254822830796171	14570	0
254822893710731	14564	0
254822908824461	846	0
254822908824971	845	0
254823099231627	21842	0
254823110298987	21836	0
254823110303035	844	0
254823162146187	31831	0
254823177260427	843	0
254823177391467	37718	0
254824878673179	6390	0
254824878673195	31310	0
254824888687899	842	0
254824888687915	841	0
254827405270315	840	0
254829170486667	6388	0
254829170494811	6386	0
254829170494827	6384	0
254831464835981	839	0
254831464836491	838	0
254831700225371	27661	0
254831700225387	27659	0
254831733271947	837	0
254831733771611	27656	0
254831733771627	27649	0
254833465462123	6382	0
254833466510689	31303	0
254833466510699	31298	0
254833478241611	31294	0
254833478241643	31292	0
254833478614299	23049	0
254833478614369	23046	0
254833478614379	23045	0
254833734946059	6380	0
254833734946144	38059	0
254833734946155	38001	6
254834000235835	6378	0
254834000235851	21710	0
254834000235875	21705	0
254834000235883	21701	0
254834014981435	31288	0
254834014981451	38569	0
254834014981475	38562	0
254834014981483	38557	0
254835995192651	27646	0
254835995192683	27644	0
254835995196769	23043	0
254835995196779	27642	0
254836011973984	38321	0
254836011973995	38312	0
254836028738891	27635	0
254836028738915	27633	0
254836028738923	27624	0
254836045516130	27622	0
254836045516139	38049	0
254836045520235	38001	6
254850557438861	34700	0
254850557439371	34697	0
255101394031740	836	0
255101394031741	835	0
255101410808957	26690	0
255101410874493	834	0
255113193955185	5145	0
255115468033905	35188	0
255115470130545	35183	0
255115484798836	23033	0
255115486895476	23030	0
255115501576051	23028	0
255115503672691	23026	0
255131194433437	23024	0
255135600385905	833	0
255135602482289	832	0
255135602482545	831	0
255139629215041	30283	0
255139897449841	830	0
255139897453937	829	0
255139909672280	23021	0
255139909672308	23017	0
255139914521460	23013	0
255139914521972	23009	0
255179640211090	828	0
255179640238226	827	0
255179643160210	826	0
255179643187346	825	0
255179909304162	824	0
255179909304178	823	0
255179911399106	822	0
255179911400802	821	0
255179911400818	820	0
255184204271442	819	0
255184204271474	818	0
255184204271476	817	0
255184206368082	816	0
255184206368114	815	0
255184206368116	814	0
255184221048690	20607	0
255184221048691	813	0
255184221056880	20604	0
255184223145330	20601	0
255184223145331	812	0
255184223153520	20598	0
255199379681426	11940	0
255199389615506	14557	0
255199389615517	14556	0
255199926485917	20596	0
255208629144914	17077	0
255208629144920	17075	0
255208629144946	17071	0
255208629144948	811	0
255208633994066	17068	0
255208633994098	17065	0
255208633994100	810	0
255208633994578	17062	0
255208633994610	17059	0
255208633994612	809	0
255248309368465	808	0
255248309384081	807	0
255248309384337	806	0
255248312317585	805	0
255248312333201	804	0
255248312333457	803	0
255248578461537	802	0
255248578461553	801	0
255248580556481	800	0
255248580558177	799	0
255248580558193	798	0
255249986067825	5143	0
255249986067827	5142	0
255252873428817	797	0
255252873428849	796	0
255252873432945	795	0
255252875525457	794	0
255252875525489	793	0
255252875529585	792	0
255252940525427	791	0
255252940529523	35841	0
255252942622067	790	0
255252942626163	35839	0
255267183214481	17056	0
255267184263057	17053	0
255267186359441	17051	0
255267186359697	17049	0
255267293852561	17047	0
255268444685201	789	0
255268645962653	788	0
255271479230353	17044	0
255271479230369	17041	0
255271481326737	17039	0
255271481326993	17037	0
255271481327009	17035	0
255273005784945	787	0
255273007881329	786	0
255273007881585	785	0
255275771575665	17031	0
255275776294289	17028	0
255275776294305	17026	0
255275776424817	17023	0
255275776425329	17020	0
255276761447761	11933	0
255276766178641	784	0
255277034614081	783	0
255277298302289	17015	0
255277298302296	17013	0
255277298302321	17009	0
255277302848881	782	0
255277302852977	781	0
255277303151441	17006	0
255277303151473	17003	0
255277303151953	17000	0
255277303151985	16997	0
255295637368724	780	0
255295637909908	11930	0
255295637910164	11927	0
255295638417300	779	0
255295640513684	778	0
255295640513940	777	0
255295640859028	11925	0
255295640859284	30137	0
255295906852756	776	0
255295906852772	775	0
255295906983796	31029	0
255295908949396	774	0
255295908949412	773	0
255295909080436	31025	0
255321592901492	27617	0
255321592909681	772	0
255321592909682	27615	0
255321594998132	27611	0
255321595006321	771	0
255321595006322	27609	0
255321609686896	770	0
255321609686898	35837	0
255321611783536	769	0
255321611783538	35835	0
255335903228564	11922	0
255335905870484	768	0
255337160978324	27604	0
255337162026900	27598	0
255337164123284	27596	0
255337164123540	27594	0
255337349722004	27588	0
255337349722013	27587	0
255341456994196	27582	0
255341456994212	27576	0
255341459090580	27574	0
255341459090836	27572	0
255341459090852	27570	0
255344491066068	11919	0
255344491068692	11916	0
255344495799572	767	0
255344759504132	11913	0
255344764235012	766	0
255345749339508	27565	0
255345754058132	27560	0
255345754058148	27558	0
255345754188660	27554	0
255345754189172	27550	0
255346017774936	27547	0
255346017774964	27543	0
255346022624116	27539	0
255346022624628	27535	0
255363232275827	5140	0
255364576141171	11911	0
255364578237811	11909	0
255367682011260	765	0
255367682011261	764	0
255367698788477	3868	0
255367698854013	763	0
255410478030707	762	0
255410480127091	761	0
255410480127347	760	0
255414737255793	23003	0
255414742104945	22999	0
255414742105457	22995	0
255414754033008	22985	0
255414758882160	22980	0
255414758882672	22974	0
255414770797939	27517	0
255414775094643	759	0
255414775098739	758	0
255414775647091	27512	0
255414775647603	27505	0
255433312399124	757	0
255433314495764	756	0
255437338271892	755	0
255437338275988	754	0
255437341221012	753	0
255437341225108	752	0
255437607366404	751	0
255437609459908	750	0
255437609463044	749	0
255473448603549	20584	0
255473461916829	748	0
255473998656669	747	0
255481896463636	22970	0
255481896463640	22968	0
255481896467732	22965	0
255481901198612	22963	0
255481901312788	22960	0
255481901313300	22957	0
255482651438376	27501	0
255848584167540	746	0
255857123771505	745	0
255857140548720	744	0
255912991563131	21510	0
255914055531923	22430	0
255914102717844	34576	0
255914115559837	26219	0
255914115562777	26216	0
255914115562779	26215	0
255914115804564	34572	0
255914115808539	16990	0
255918410772637	16987	0
255918410775819	16985	0
255921279710109	18706	0
255921537129851	5138	0
255922673778069	11902	0
255922690555193	11899	0
255922690555195	11896	0
255922690555284	11893	0
255922705730875	743	0
255922705730964	742	0
255924316385949	34425	0
255926906879273	33718	0
255926906879275	33715	0
255926906879377	33712	0
255926923656592	37499	0
255927000265373	33706	0
255927000268073	33702	0
255927000268075	33696	0
255927000698155	741	0
255931211785629	27493	0
255931211787611	27491	0
255931244903769	740	0
255931244903771	739	0
255931245331869	27484	0
255931245333851	27481	0
255935494716817	22953	0
255935506445469	738	0
255935506447689	737	0
255935506447691	736	0
255935539871049	735	0
255935539871051	734	0
255935539871123	733	0
255935541902738	27477	0
255937184177531	30742	0
255939790712187	27472	0
255939834826107	20573	0
255939853626747	27466	0
256200922371245	26686	0
256200922502269	732	0
256200922502285	731	0
256201180454797	730	0
256201190937741	729	0
256201190937997	728	0
256202161790885	727	0
256202163887525	726	0
256205315351937	12700	0
256205485905293	725	0
256205485909389	724	0
256206382665633	38204	14
256206382796193	38271	0
256210701391535	36437	0
256210703488685	22946	0
256217565500989	22940	0
256234105376673	38204	14
256234107473313	38210	0
256235129020324	22936	0
256235129020325	23951	0
256235131116964	22932	0
256235131116965	23945	0
256238402440609	22315	0
256238402448769	22312	0
256239132978497	20568	0
256239140842817	20566	0
256239409081713	723	0
256239409081729	722	0
256239426084260	22925	0
256239426084261	22924	0
256239667752321	20563	0
256239667752323	16977	0
256239677517153	721	0
256239677517185	720	0
256239677582721	20561	0
256239694359937	22919	0
256239694359938	719	0
256239710940549	718	0
256274205377389	717	0
256274205377421	716	0
256274205377922	715	0
256274205377933	714	0
256274205386112	713	0
256274205386125	712	0
256275176227759	711	0
256275176230818	710	0
256275176239008	709	0
256275178324909	708	0
256275178327458	707	0
256275178335648	706	0
256279414902690	705	0
256279415033250	704	0
256279420864162	703	0
256279420864175	702	0
256279420866402	701	0
256279420866466	700	0
256279422961314	699	0
256279422961325	698	0
256279422961346	697	0
256279422963042	696	0
256279422963106	695	0
256281721570690	694	0
256281721570701	693	0
256281721571149	692	0
256286006054786	691	0
256286006054797	690	0
256286006419586	3863	0
256286016537986	689	0
256286016537997	688	0
256286284973629	687	0
256303093518242	14541	0
256303093518244	14539	0
256303093518245	686	0
256303095614882	14534	0
256303095614884	14533	0
256303095614885	685	0
256303848492882	23938	0
256303848492962	23935	0
256303848492964	684	0
256303848492965	23933	0
256303850589266	16975	0
256303850589522	23927	0
256303850589602	23925	0
256303850589604	683	0
256303850589605	23924	0
256304116731778	682	0
256304116731810	681	0
256304118828162	680	0
256304118828418	679	0
256304118828450	678	0
256307390582178	14528	0
256307390582180	14527	0
256307390582181	677	0
256308145556306	16972	0
256308145556818	16968	0
256308145556898	16966	0
256308145556900	676	0
256308145556901	16965	0
256308413795202	675	0
256308413795714	674	0
256308413795746	673	0
256308413833346	672	0
256308413836672	671	0
256308413836674	670	0
256345340655265	20026	0
256345340655277	20025	0
256348084060065	669	0
256348084190625	668	0
256348090021537	667	0
256348090021551	666	0
256348090023777	665	0
256348090023841	664	0
256348092118689	663	0
256348092118701	662	0
256348092118721	661	0
256348092120417	660	0
256348092120481	659	0
256352451596195	658	0
256352453692835	657	0
256353809415553	16963	0
256353811185537	16960	0
256353813281921	16958	0
256353813282177	16956	0
256353813347713	16954	0
256353920237441	16950	0
256353920237453	16948	0
256353920590721	16946	0
256356671897473	37790	0
256356671897505	37784	0
256356672028033	37777	0
256356672028065	37773	0
256370990858145	16941	0
256370990923681	16937	0
256370992954785	16935	0
256370993020321	16932	0
256371007459233	9902	0
256371007700897	16929	0
256371007700901	16927	0
256371007704993	14523	0
256371009555873	9900	0
256371009797537	16925	0
256371009797541	16924	0
256371009801633	14520	0
256371973918113	9898	0
256371973918115	9897	0
256372517650257	29337	0
256372517650337	29330	0
256372517650341	29325	0
256372519746641	16922	0
256372519746897	29318	0
256372519746977	29316	0
256372519746981	29315	0
256372778155137	16920	0
256372778155393	16917	0
256372778155425	16915	0
256375271107969	656	0
256375271107971	655	0
256375287922081	16913	0
256375287987617	16910	0
256375304523169	9895	0
256375304531329	9893	0
256375304764833	16908	0
256375304764837	16907	0
256375304768929	14517	0
256376268885409	9891	0
256376268885411	9890	0
256376277740929	654	0
256376277740931	653	0
256376277806417	652	0
256376538375121	651	0
256376538377537	650	0
256376546241857	649	0
256376814480753	648	0
256376814480769	647	0
256376814713681	16904	0
256376814714193	16900	0
256376814714273	16898	0
256376814714277	16897	0
256377073122177	16894	0
256377073122689	16890	0
256377073122721	16888	0
256377073148801	16886	0
256377073148881	16884	0
256377073148888	16883	0
256377073151361	16880	0
256377073151363	16879	0
256377082916193	646	0
256377082916225	645	0
256377082979201	644	0
256377082981761	643	0
256377149762915	14515	0
256377149762947	14513	0
256377149762949	642	0
256394464174477	12695	0
256394464174733	34179	0
256394464470413	30376	0
256394464477549	14511	0
256394464477581	14509	0
256395418480548	641	0
256395418546084	11883	0
256395420577188	640	0
256395420642724	29451	0
256395435323300	14507	0
256395435323301	639	0
256395435327919	14505	0
256395435331490	14502	0
256395437419940	29581	0
256395437419941	638	0
256395437425069	14500	0
256395437428130	29576	0
256418355234589	637	0
256418623670029	636	0
256422529966724	3860	0
256422650204813	635	0
256425470013316	27463	0
256425470013348	27456	0
256425470143876	27454	0
256425470143908	27451	0
256439727181729	14495	0
256439727181730	14493	0
256439729278369	14489	0
256439729278370	14488	0
256439995617184	37703	0
256439995617186	37689	0
256439997713824	37685	0
256439997713826	37684	0
256440962854308	27448	0
256440968621988	27442	0
256440968687524	27435	0
256440970718628	27433	0
256440970784164	27429	0
256441237122980	27422	0
256441237122981	27417	0
256441239219620	27413	0
256441239219621	27412	0
256444007427348	634	0
256444024245665	14481	0
256444024245666	14480	0
256444275862788	633	0
256444292681120	37680	0
256444292681122	37679	0
256445257821604	27406	0
256445265685924	27404	0
256445265751460	27400	0
256445534186916	27396	0
256445534186917	27395	0
256445802458497	632	0
256445802458498	27390	0
256445819235712	631	0
256445819235714	35826	0
256463013389699	3858	0
256463183947149	630	0
256464081739683	11880	0
256464081870243	11877	0
256464087703459	11875	0
256464089800099	11873	0
256464154800037	629	0
256464154803989	628	0
256464154804133	627	0
256464156896677	626	0
256464156900629	625	0
256464156900773	624	0
256467210350757	26000	0
256467210350765	25999	0
256467210481789	623	0
256467210481797	622	0
256467210481805	621	0
256467478917229	620	0
256467478917253	619	0
256467478917261	618	0
256468449767589	617	0
256468449767599	616	0
256468449771269	615	0
256468449771429	614	0
256468451864741	613	0
256468451864749	612	0
256468451864773	611	0
256468451867909	610	0
256468451868069	609	0
256491369178509	29816	0
256491369674269	22916	0
256491369681549	22914	0
256491890827139	608	0
256491890827149	607	0
256491891172739	3856	0
256491905918339	29808	0
256491905918349	29807	0
256491906551939	35823	0
256491906551949	35822	0
256494151950211	606	0
256494151950243	605	0
256494154046851	604	0
256494154046883	603	0
256508446281637	33081	0
256508446654229	22910	0
256508446654369	22907	0
256508446654373	22904	0
256508448378277	33077	0
256508448750613	22902	0
256508448750869	22899	0
256508448751009	22897	0
256508448751013	22896	0
256508970372515	9888	0
256508970372517	9887	0
256508983021475	33066	0
256508983021477	33054	0
256508985118115	33050	0
256508985118117	33049	0
256509956599717	27383	0
256509956603809	22891	0
256509956603813	27377	0
256509958696357	27375	0
256509958700449	22889	0
256509958700453	27373	0
256509973381024	38418	0
256509973381029	38373	0
256509975477664	38417	0
256509975477669	38400	0
256509990145955	27359	0
256509990145957	27346	0
256509992242595	27344	0
256509992242597	27343	0
256512743345573	33045	0
256512743353733	33042	0
256512743717653	22886	0
256512743718165	22882	0
256512743718305	22880	0
256512743718309	22879	0
256513265339811	9885	0
256513265339813	9884	0
256513265347971	9882	0
256513265347973	9881	0
256513280085411	33038	0
256513280085413	33037	0
256513280093571	33034	0
256513280093573	33033	0
256514253303173	602	0
256514253663653	27341	0
256514253667745	22877	0
256514253667749	27339	0
256514270444960	22875	0
256514270444965	35817	0
256514286726515	601	0
256514286726531	600	0
256514286726533	599	0
256514287209891	27337	0
256514287209893	27336	0
256514521738629	598	0
256514555159939	597	0
256514555161955	596	0
256514555161987	595	0
256514555161989	594	0
256530829697412	25760	0
256530829697421	25759	0
256531889803149	30489	0
256531902996877	24174	0
256531903431053	20554	0
256536044609668	3853	0
256536198393997	593	0
256536198398093	592	0
256540477640589	591	0
256540493349773	590	0
256540493350029	589	0
256540493365389	588	0
256540493365645	587	0
256578977550246	20541	0
256578979646886	20537	0
256581412826388	22873	0
256583258058112	586	0
256583274614182	20533	0
256583274638723	585	0
256583274638724	20531	0
256583276670338	27332	0
256583276670340	27328	0
256583291415940	22870	0
256583291481476	584	0
256599549178189	583	0
256601526656931	16877	0
256601528753571	16875	0
256601543434146	16872	0
256601545530786	29631	0
256601560199077	20525	0
256601562295717	29682	0
256604112580669	582	0
256605838397615	16867	0
256605840494765	16861	0
256610136850341	581	0
256610136854437	580	0
256610136980901	579	0
256610136984997	578	0
256610150125477	577	0
256610152222117	576	0
256611628634797	29803	0
256611628765837	575	0
256611628774429	574	0
256614378004385	573	0
256614380101025	572	0
256614394781600	571	0
256614396878240	570	0
256645835284385	35389	0
256645835284386	35384	0
256645837381025	35380	0
256645837381026	35379	0
256645851676581	569	0
256645851680677	568	0
256645853773221	567	0
256645853777317	566	0
256646858309541	565	0
256646858313637	564	0
256646860406181	563	0
256646860410277	562	0
256650132348321	35375	0
256650132348322	35374	0
256650148740517	561	0
256650148744613	560	0
256650148752773	559	0
256651155373477	558	0
256651155377573	557	0
256651155385733	556	0
257011765260621	26458	0
257012761865603	16853	0
257012788473112	555	0
257012788473218	554	0
257012805545349	34568	0
257016815202397	16849	0
257017083437197	553	0
257017083440392	552	0
257017083441293	551	0
257020791403373	550	0
257021328073613	549	0
257021328076088	548	0
257021328077709	547	0
257021380111749	546	0
257021395471749	545	0
257025613212968	544	0
257025613213057	543	0
257025629990272	542	0
257028408259341	541	0
257029918303629	27326	0
257029951235469	540	0
257029951237464	539	0
257029951239565	538	0
257029951849869	27311	0
257032384460317	22858	0
257040974503297	35371	0
257040974503298	35370	0
257040990776709	537	0
257040994774404	20516	0
257041008049537	35364	0
257041276054912	536	0
257041529548163	16840	0
257041529548164	535	0
257041544293763	35356	0
257041544293764	534	0
257041719340417	533	0
257041719340418	27304	0
257041997409669	532	0
257300853628310	531	0
257320732114833	530	0
257338468015414	22844	0
257338644602177	34633	0
257338920705393	21943	0
257338930830682	22841	0
257338937777524	22836	0
257339189448033	35287	0
257339222990179	25647	0
257339448839569	20510	0
257339465604500	22829	0
257339474386298	22827	0
257339491229075	22822	0
257378126595730	529	0
257378129479314	528	0
257378129481058	527	0
257378129481074	526	0
257378129481106	525	0
257378129544850	524	0
257389722537362	14461	0
257389722537364	14459	0
257389722537365	523	0
257406918790546	19594	0
257406918824114	19590	0
257406919052626	14453	0
257407187488054	522	0
257407187488082	11864	0
257407650303314	16826	0
257407650303322	16825	0
257407657184594	16821	0
257407657250130	16818	0
257407657250162	16815	0
257407657250164	521	0
257407925423490	520	0
257407925423506	519	0
257407925685586	16812	0
257407925685602	16809	0
257407942462818	20505	0
257407942462819	14448	0
257407942471008	20502	0
257408185077138	16805	0
257408185077140	14445	0
257408193858930	518	0
257408193858938	517	0
257408193858962	516	0
257408193924498	16802	0
257408210701714	20499	0
257408210701715	515	0
257408210709904	20496	0
257408227282298	11862	0
257408227282326	514	0
257444768595345	18073	0
257446795753105	513	0
257446798636689	512	0
257446798638433	511	0
257446798638449	510	0
257446798638481	509	0
257446798702225	508	0
257453324975489	16799	0
257453324975505	16796	0
257457603177873	22378	0
257457603177875	22377	0
257457619942769	16793	0
257457619942801	16789	0
257457619942806	16788	0
257457634197393	507	0
257457636720017	16785	0
257457636720021	16784	0
257457636724113	14441	0
257474799549841	16781	0
257474799680881	16779	0
257474832995249	8213	0
257474833235281	16776	0
257476049998769	8209	0
257476049998801	8207	0
257476050001217	8205	0
257476319460689	16771	0
257476319460698	16770	0
257476326104433	15953	0
257476326341969	16766	0
257476326407505	16763	0
257476326407537	16760	0
257476584357809	16757	0
257476584750465	16753	0
257476584750481	16750	0
257476594842961	16747	0
257476594842977	16744	0
257476594847073	14435	0
257476661939555	37197	0
257476661943651	37183	0
257476853185937	16740	0
257476854234513	16737	0
257476854238609	14431	0
257476863081873	16734	0
257476930178451	506	0
257476930182547	35801	0
257476946574714	16732	0
257476946574742	37431	0
257494127160692	29447	0
257494127160724	29445	0
257494127160726	505	0
257526356200849	29570	0
257526356200850	29568	0
257526624636304	38090	0
257526624636306	38001	9
257527597706612	27300	0
257527597706644	27297	0
257527597706646	27296	0
257543552716054	32733	0
257543821151494	37174	0
257544777313684	27293	0
257544777443252	27289	0
257544777444724	27285	0
257545038933338	27283	0
257545045880180	27278	0
257545314323809	14423	0
257545314323810	27269	0
257545331101024	37665	0
257545331101026	37660	0
257545573707156	27267	0
257545573715345	14419	0
257545573715346	27263	0
257545582488954	27261	0
257545590492560	38084	0
257545590492562	38001	8
257545651301748	27255	0
257545651301754	27254	0
257545651301780	27250	0
257545651301782	27248	0
257562793918355	504	0
257562796318067	11844	0
257562796318099	11842	0
257595073019797	503	0
257595075673365	22819	0
257595075673489	22816	0
257595075673493	22815	0
257595609759635	502	0
257595609759637	501	0
257612255345941	22811	0
257612255411477	22807	0
257612272188693	22804	0
257612272188694	22802	0
257612540632323	11837	0
257612793339827	11834	0
257612793732499	11831	0
257612808478099	33674	0
257612809064627	37491	0
257612809067779	35795	0
257613765361009	22796	0
257613782138224	22793	0
257613798350195	32241	0
257613798903155	27243	0
257614033796449	22789	0
257614050573664	22783	0
257614067336627	27232	0
257614067338595	27225	0
257614301781370	33667	0
257614302035345	22778	0
257614318812560	22769	0
257614335204723	33661	0
257614335204730	33660	0
257614335204755	33656	0
257614335577491	27212	0
257631247355286	20492	0
257631515790742	33327	0
257639803735446	500	0
257640072170902	499	0
257663744830740	22766	0
257663744830865	22764	0
257663744830866	498	0
257663744830868	22763	0
257664499805585	497	0
257664499805586	27209	0
257664499805588	27207	0
257680917622036	25753	0
257680917622042	25752	0
257680924568852	25747	0
257680978038710	32820	0
257680978431382	32814	0
257680978449590	32807	0
257680978449622	32805	0
257680991229110	32238	0
257680991296790	25397	0
257680991665430	22758	0
257680991669526	32799	0
257680991669542	32796	0
257681259732230	25394	0
257681260104966	37261	0
257681260104998	38338	0
257681513223350	8195	0
257681513223382	8193	0
257681513225526	8191	0
257681527968950	32229	0
257681527971126	32226	0
257681672596778	33023	0
257681796406566	32223	0
257681796959526	27202	0
257682753277222	27198	0
257682786241942	37256	0
257682786831622	37242	0
257683054677370	20488	0
257683054677398	20485	0
257700235271571	16730	0
257700252048663	29627	0
257700252048786	29625	0
257700268813717	29678	0
257704547015943	36307	0
257708791651639	496	0
257708858740117	495	0
257713086618919	494	0
257713086619025	493	0
257713103396240	492	0
257749660368277	32218	0
257750667001237	32212	0
257751729003921	35349	0
257751774158227	35340	0
257751776189842	27193	0
257751792954773	27188	0
257776705834294	491	0
257779742510358	490	0
257779742510374	489	0
257818363268378	22748	0
257818363522324	26450	0
257818396691734	488	0
257818396691738	487	0
257818396695830	486	0
257818397064470	22740	0
257818648734979	26442	0
257818665127174	485	0
257818665127178	484	0
257818665131270	483	0
257818918620470	16716	0
257818918620474	16715	0
257818918624566	16713	0
257818933366070	35324	0
257818933366074	35323	0
257818933370166	35320	0
257819118243114	27186	0
257819118497089	34683	0
257819386482010	482	0
257819654917450	481	0
257819688340810	20473	0
258404870243745	480	0
258404878108065	479	0
258413468338081	35282	0
258413485103012	22726	0
258413501880227	22724	0
258473664971687	478	0
258477638946658	477	0
258477638946674	476	0
258477641041602	475	0
258477641043298	474	0
258477641043314	473	0
258477641172626	472	0
258477641172642	471	0
258477901221794	470	0
258477901287330	469	0
258477901417890	468	0
258477901463714	467	0
258477909608098	466	0
258477909608354	465	0
258480675622738	464	0
258480677717442	463	0
258480677719378	462	0
258480677848482	19058	0
258482204575650	461	0
258482204575652	460	0
258482221352866	20467	0
258482221352867	459	0
258482221361056	20464	0
258493543419810	458	0
258493545516450	457	0
258493545562274	456	0
258494284171346	16709	0
258544294838113	455	0
258544296934753	454	0
258546308104033	453	0
258546308104049	452	0
258546310198977	451	0
258546310200673	450	0
258546310200689	449	0
258546310330001	448	0
258546310330017	447	0
258546570379169	446	0
258546570444705	445	0
258546570575265	444	0
258546570609569	443	0
258546570609825	442	0
258546578765473	441	0
258546578765729	440	0
258548589805393	439	0
258548591902033	438	0
258550873733025	437	0
258550873737121	436	0
258550940092323	435	0
258550940829603	434	0
258550940833699	35787	0
258552834441089	16705	0
258552836536513	16702	0
258552836537729	16699	0
258561459733409	433	0
258562676736929	432	0
258562953328721	16696	0
258593636626292	37214	13
258593638722932	31696	0
258593904865188	431	0
258593906961828	430	0
258593906999716	429	0
258593906999972	428	0
258593924071847	14415	0
258619593205668	27177	0
258619593213857	427	0
258619593213858	27175	0
258619609991072	426	0
258619609991074	35785	0
258627109398436	27173	0
258630146093732	11829	0
258631395979172	27169	0
258631396044708	27164	0
258631396175268	27161	0
258631404365732	27159	0
258662305783667	11825	0
258662307880307	11823	0
258662568058787	11821	0
258662568124323	11819	0
258662568254883	11817	0
258662568281507	11815	0
258662576145827	425	0
258666938511493	9863	0
258666938511525	9861	0
258666938511527	424	0
258694587365653	22721	0
258699420262307	11812	0
258699420327843	11809	0
258699420458403	11806	0
258699433107363	33622	0
258699435204003	33617	0
258699435987107	37481	0
258729783750420	25740	0
258729785844164	25737	0
258729785847060	25734	0
258729785975204	25731	0
258735607365796	423	0
258735607668868	9856	0
258735607668900	9854	0
258763256523028	22718	0
258767604961190	20455	0
258767605026726	20453	0
258767605157286	20451	0
258767605187750	20449	0
258767617967270	422	0
258768139961510	421	0
258768154707110	420	0
258799761514263	31892	0
258799763610903	31888	0
258800048940965	20446	0
258804056481543	36913	0
258804058575047	16691	0
258804058578183	36907	0
258804058706087	16685	0
258804327141543	16679	0
258808301117239	419	0
258808303213879	418	0
258808623384485	417	0
258808638867365	416	0
258810582818583	415	0
258810582818599	414	0
258810584912583	413	0
258810584915223	412	0
258810584915239	411	0
258810585043623	31285	0
258812596084519	410	0
258812598181159	409	0
258836284997541	408	0
258836287094181	407	0
258836287113125	406	0
258837291630501	405	0
258837293727141	404	0
258837293746085	403	0
258868768432547	26438	0
258868784644518	402	0
258873046622372	14411	0
258873063399587	14409	0
258873080164518	16674	0
258876217525158	19052	0
258879254200998	31282	0
258881654604454	401	0
258881669350054	400	0
258885881193377	399	0
258935910863175	26435	0
258952553861895	398	0
264274664581876	33751	0
264280408681348	25726	0
264284700503684	33680	0
264284965793012	33736	0
264284965793460	33733	0
264353150491895	16669	0
264384393864120	24654	0
264411764648984	32864	0
264412042718280	26432	0
264453063021495	24651	0
264480443636759	397	0
264480711875655	26424	0
264489030426135	34967	0
264489298665031	35330	0
264558365216314	25716	0
264589537293305	23827	0
264592206763035	34592	0
264600793552411	396	0
264665506620924	30772	0
264669472540186	395	0
264670009214522	394	0
264674093410300	393	0
264731642418939	392	0
264742762567675	391	0
265306261961461	390	0
265311251086213	26553	0
265315542908549	9848	0
265367907748390	20443	0
265369802533679	9845	0
265374081784870	8188	0
265374098549801	9840	0
265374115327016	9838	0
265374176143918	9836	0
265374176143919	9835	0
265374176144116	9833	0
265378377304870	389	0
265378393516841	9831	0
265382668574246	8184	0
265382685339177	9829	0
265382732525098	9827	0
265410874836263	388	0
265436576905765	36190	0
265436577036805	387	0
265438523082023	386	0
265442834807845	8181	0
265443103243301	37968	0
265443103374341	37891	0
265444232551159	16664	0
265447113008423	6373	0
265479539166758	6370	0
265479540049958	6368	0
265479543982118	385	0
265483905426360	5128	0
265511554280488	14397	0
265511554280520	14395	0
265511554583592	384	0
265517375974184	37293	0
265517376105224	38355	0
265521667796520	20441	0
265521667927560	14391	0
265547723865641	11800	0
265547725962281	11798	0
265552574583735	5125	0
265580223437861	383	0
265580223437863	14389	0
265580223437895	14387	0
265580331432494	11795	0
265580331432495	11794	0
265584576068905	11791	0
265584576068911	11790	0
265584576069161	11788	0
265584585803561	382	0
265588810227237	36820	0
265588810227239	36817	0
265588810227271	36805	0
265588871036457	38261	0
265588871036459	38260	0
265588887813673	11786	0
265588887813674	11785	0
265588887821863	11783	0
265617015855656	11780	0
265627551958314	24824	0
265627551958316	381	0
265653237877541	24764	0
265653254949416	380	0
265653254949672	379	0
265657607290410	11778	0
265657607294506	11776	0
265657608343082	19818	0
265657876778538	22305	0
265657876778554	9822	0
265657876909578	22302	0
265658142068330	9820	0
265684468500779	378	0
265684753888505	2915	0
265685702215979	377	0
265689048855545	2913	0
265693340677881	19977	0
265694325412875	37565	0
265696220067113	17986	0
265696220067119	17985	0
265696221115689	17982	0
265696221119785	376	0
265700574627883	375	0
265700574628139	374	0
265700590532654	2911	0
265700590532655	2910	0
265726276451879	11774	0
265726276451881	11773	0
265726811225705	9817	0
265752877778042	15949	0
265752938587388	15856	0
265753616387114	373	0
265764940588332	25863	0
265764940596521	372	0
265764940596522	25859	0
265764957373736	371	0
265764957373738	370	0
265765018182956	36572	0
265765018182958	36570	0
265765018182959	36568	0
265765018183164	36564	0
265766484100906	36646	0
265766484231946	369	0
265769243773994	368	0
265769252341034	367	0
265769252341290	366	0
265769520776746	365	0
265769520776762	364	0
265769520907786	363	0
265773496977701	362	0
265773604972332	361	0
265773604972334	360	0
265773604972335	359	0
265773604972540	358	0
265774139746300	357	0
265842274129707	356	0
265842274129711	355	0
265842274129915	354	0
265842274993963	353	0
265842808903675	352	0
265890609827372	351	0
265891586539052	11771	0
265906715401772	5118	0
265910993602350	3844	0
265910993602351	3843	0
265915305328172	11769	0
266468509051679	9813	0
266472788302870	8176	0
266472805067801	9809	0
266472821845016	9807	0
266472882661918	9805	0
266472882661919	9804	0
266477083638550	350	0
266477083642646	349	0
266477100034841	35431	0
266481375092246	8172	0
266481391857177	9801	0
266481439043098	9799	0
266537229600023	348	0
266545819526423	6363	0
266566166089238	28751	0
266566166788118	30231	0
266566170720278	16661	0
266605896633878	347	0
266605897681686	346	0
266605897681695	345	0
266605898730262	344	0
266605898730518	343	0
266605898745878	342	0
266605898746134	341	0
266610193697814	340	0
266610193701910	339	0
266610251033624	14377	0
266610260798488	14375	0
266614484471062	34341	0
266614484471071	34340	0
266614484471318	34336	0
266614488664854	33968	0
266614489037590	33873	0
266618779438102	34325	0
266618779438111	34324	0
266618779438326	34322	0
266618779438614	34317	0
266618780487190	34122	0
266618780491286	34110	0
266633094612761	34484	0
266634350788121	11767	0
266634352884761	17979	0
266678912121375	11763	0
266678913170457	11760	0
266678913178646	338	0
266678913178647	11758	0
266678929955863	14371	0
266678930021399	337	0
266683208137497	11755	0
266687499959833	34104	0
266687499968022	34099	0
266687499968023	34097	0
266687516745239	33310	0
266687516810775	38590	0
266690172779769	11751	0
266726258476314	30961	0
266726258476316	336	0
266751927618326	30862	0
266756314861082	19815	0
266757388406330	9796	0
266757388471866	37338	0
266757650746986	19812	0
266771095238939	32628	0
266772328954139	16656	0
266786398180635	30150	0
266790693124379	38531	0
266790693147675	38525	0
266794926585113	17976	0
266794926585119	17975	0
266794927633689	17972	0
266794927637785	335	0
266799171221535	17969	0
266799279937051	334	0
266799280961563	31723	0
266799280961819	31718	0
266800349484603	333	0
266826051665465	332	0
266826319904361	38494	10
266840243125274	31037	0
266855074219290	331	0
266863647106332	33196	0
266863647114521	330	0
266863647114522	33190	0
266863663891736	329	0
266863663891738	328	0
266863724700956	29367	0
266863724700958	29365	0
266863724700959	29363	0
266863724701180	29359	0
266867891750938	327	0
266867950107674	16654	0
266867958859034	326	0
266867958859290	325	0
266867958924826	324	0
266869032404538	323	0
266869032470074	322	0
266872186718486	321	0
266873648424956	320	0
266939280906491	319	0
266940981327643	16651	0
266942317582331	318	0
266976701423132	34080	0
266977236565532	32569	0
266978213461532	29503	0
267005326510110	34548	0
267005326510111	34546	0
267651635109111	317	0
267706667535183	316	0
267709772360776	34680	0
267711100628040	27147	0
267715254324559	31274	0
267716332251976	34675	0
267719549291599	31266	0
267719549291766	31264	0
267720624074312	34671	0
267734418231735	28871	0
267738713198775	36151	0
267752738834249	29799	0
267755253300809	315	0
267755255397449	29149	0
267778441518151	34668	0
267778441649175	314	0
267778441649191	313	0
267778710084615	312	0
267778710084647	311	0
267779683032135	310	0
267779951467591	309	0
267779951598631	27142	0
267787028307527	34663	0
267787028438551	36042	0
267787028438567	36039	0
267787296873991	37938	0
267787296874023	37892	12
267788269821511	36770	0
267788538256967	30727	0
267788538388007	30721	0
267789605698809	33595	0
267821405875784	29796	0
267824615270984	27139	0
267857162612298	27135	0
267870072088907	35558	0
267870072115531	35554	0
267874367082571	38204	7
267893223890507	38287	0
267893224646987	38204	8
267893348667467	38204	8
267901821294123	27132	0
267925704580175	36744	0
267925704580683	36740	0
267925704588873	36730	0
267938748116042	308	0
267938748154186	307	0
267939016393082	28903	0
267939077202428	15852	0
267943043121226	306	0
267943311360122	36174	0
267943372169468	15849	0
267958880468042	32201	0
267958941296380	31255	0
267961138818122	27130	0
267961145411402	305	0
267963236263420	31248	0
267965440378698	304	0
267967470552602	303	0
267967470552618	302	0
267967738988042	301	0
267967738988074	300	0
267971823052796	299	0
267972956563276	298	0
267972956571466	297	0
268030127036155	296	0
268034422003195	295	0
268038713825531	294	0
268040492210171	293	0
268041829885771	27127	0
268045963680335	292	0
268096345644620	32195	0
268099115974220	35952	0
268099224415820	27121	0
268110391330638	31741	0
268110391330639	31739	0
268118978120014	291	0
268118978120015	290	0
268390021400668	289	0
268398577781848	288	0
268398638598750	287	0
268398638598751	286	0
268407194979930	6360	0
268765260636600	24644	0
268809284054040	285	0
268809552489480	284	0
268809806961720	283	0
268809806965816	282	0
268809820724280	281	0
268809820728376	280	0
268814118128959	6356	0
268818396331576	5106	0
268818413096507	6353	0
268818429873722	6351	0
268832386302297	24165	0
268832403067228	24641	0
268879479938128	279	0
268888066727504	36526	0
268909794405944	35911	0
268911242009144	28721	0
268911256078904	278	0
268951506758968	277	0
268951506758975	276	0
268951506759224	275	0
268951521090104	33575	0
268951521090360	33566	0
268951521435704	35776	0
268955338116634	25707	0
268955606552074	25701	0
268955801726520	274	0
268955801730616	273	0
268955868827194	9787	0
268955874790970	33001	0
268970404065785	23818	0
268971385524571	26200	0
268975680622651	8157	0
268979851385147	32420	0
268979960913467	28446	0
268979975589947	37020	0
268998835853371	272	0
268998835853627	271	0
268998835869243	270	0
269024521198655	8153	0
269024521199163	8150	0
269024521207352	269	0
269024521207353	8148	0
269024537984569	9785	0
269024538050105	268	0
269038527955288	267	0
269038527955290	25373	0
269038527955322	25371	0
269038588764508	36553	0
269038588764510	36552	0
269038588764511	36551	0
269038588764668	36549	0
269047765556282	11741	0
269047772333882	9783	0
269066982114842	266	0
269067250550282	265	0
269067504999482	264	0
269067518762042	263	0
269067518789178	262	0
269071331731452	261	0
269071866505020	260	0
269071866505022	259	0
269071866505023	258	0
269071866505212	257	0
269140000888827	256	0
269140535662395	255	0
269140535662399	254	0
269140535662587	253	0
269144780298815	252	0
269185851153980	38001	15
269209255135038	34161	0
269209255135039	34157	0
269213573865020	38001	15
269425226074465	251	0
269429516422241	32450	0
269433816304481	28548	0
269438105730657	32931	0
269488727918668	250	0
269492971506511	249	0
269497267522633	248	0
269501562489673	247	0
269505854312009	10775	0
269559678777521	246	0
269562631473505	245	0
269566921817185	244	0
269566921821281	243	0
269567194971281	242	0
269571221699425	241	0
269571221703521	240	0
269571758373761	239	0
269575511129697	5099	0
269575780711665	238	0
269576050196097	237	0
269931092820297	24162	0
269931109585228	24635	0
269978169678913	236	0
269986756468289	37397	0
270055380389482	22299	0
270068497166665	36374	0
270068497166671	36373	0
270068498215241	25931	0
270068498219337	235	0
270068558500171	25366	0
270069626980715	34223	0
270069912744441	25927	0
270074207711481	25919	0
270078214818155	234	0
270078499533817	33253	0
270082794500857	33245	0
270097812703595	29005	0
270100877822315	20437	0
270100878068075	27109	0
270123784388105	233	0
270124049546857	36856	0
270124049677881	232	0
270124049677897	231	0
270124318113353	36453	0
270124319161929	35772	0
270137217687884	24995	0
270137217696073	230	0
270137217696074	24992	0
270137234473290	25363	0
270137234538826	229	0
270166481849450	20435	0
270166493807210	22707	0
270167030677610	35770	0
270171378067452	228	0
270240047224827	227	0
270275768307308	32787	0
270284356144748	226	0
270304488496748	37314	0
270306762575468	20431	0
270306762821228	27106	0
270529316854399	27678	0
270533608676735	22697	0
270537903643775	22689	0
270583927783538	38204	5
270586222022258	225	0
270586222628978	38204	5
270586226215538	224	0
270590521182386	223	0
270590521182834	222	0
270596795862130	36585	0
270596795993170	221	0
270596856679154	220	0
270597064428626	219	0
270598036327026	218	0
270598036327039	217	0
270598037375602	216	0
270598037376114	215	0
270598037376146	214	0
270602328149362	213	0
270602328149375	212	0
270602328149618	211	0
270602332342898	210	0
270602332343154	209	0
270602600778610	208	0
270602600778626	207	0
270602600909650	23524	0
270606623116402	206	0
270606623116415	205	0
270606623116530	204	0
270606623116914	203	0
270606624165490	38114	0
270606892600946	202	0
270606892600962	201	0
270606892731986	35807	0
270607157890290	200	0
270607157890738	199	0
270651841954673	3832	0
270661337991505	198	0
270664710175825	30821	0
270665628154961	30808	0
270671270067025	28509	0
270675561889361	29202	0
270735424957055	27100	0
270735629429374	27095	0
270735629429375	27092	0
270739716779391	27089	0
270744011746431	27081	0
270744185810554	27076	0
271154892082746	197	0
271155431149146	27065	0
271169408094587	23761	0
271173561987199	17958	0
271173703061627	38204	5
271174636769403	38204	6
271177806623615	17951	0
271178011095934	35506	0
271178011095935	35502	0
271178011096057	35497	0
271178881405819	28954	0
271182289851003	196	0
271187471444315	27063	0
271187504990555	27053	0
271225087966834	27051	0
271236746035578	28949	0
271236746166602	195	0
271236746166618	194	0
271236806844924	24987	0
271237002460250	8144	0
271237014602074	193	0
271237014602330	192	0
271241309569082	191	0
271241309569114	190	0
271241309569626	189	0
271242282516602	188	0
271242550952058	187	0
271242551083098	36689	0
271246527153018	186	0
271246795588474	185	0
271248825762394	184	0
271248825762842	183	0
271253108587610	8142	0
271253120729690	182	0
271253389165322	181	0
271255385615450	27049	0
271255419161690	38000	0
271311532577019	180	0
271315777213435	179	0
271379717275774	38204	4
271379717275775	38237	0
271383961912190	31927	0
271383961912191	31924	0
271393389313628	37340	9
271628180658798	27851	0
271628180658799	27849	0
271632425295215	28769	0
271633409776515	22676	0
271636720262763	27900	0
271637701598851	22671	0
271672314170978	178	0
271672316267618	6990	0
271672849367138	6345	0
271672853138018	5079	0
271696365357810	177	0
271702112406402	176	0
271702112471938	23384	0
271702129249154	37747	0
271702129249155	175	0
271702129257344	37742	0
271706404228738	174	0
271706404294274	16647	0
271706421071490	20424	0
271706421071491	173	0
271706421079680	20421	0
271738468877153	3829	0
271740983328353	172	0
271740985424993	35712	0
271741518512993	35463	0
271741522295393	5077	0
271764279540465	16643	0
271770781629313	28330	0
271770848357251	37272	0
271770848725891	171	0
271770848729987	35766	0
271775073451649	16640	0
271775140179587	14363	0
271775140548227	170	0
271775140552323	35763	0
271775335726321	16637	0
271775335726769	29156	0
271834131475055	27043	0
271834335947374	27039	0
271834335947375	27036	0
271834335947508	27032	0
271838580583791	27027	0
271842875551339	27021	0
271902250130163	169	0
271908220582785	37225	0
271908237360000	37214	6
271908253752195	168	0
271908253756291	167	0
271908254124931	27004	0
271912512405121	22667	0
271912529182336	22661	0
271912545574531	166	0
271912545578627	165	0
271912545947267	26993	0
272268114428267	164	0
272268114432363	163	0
272268130824558	2907	0
272268130824559	2906	0
272272409395307	162	0
272272409399403	161	0
272272425791598	2903	0
272272425791599	2902	0
272276513141615	17944	0
272276701217643	160	0
272276701221739	159	0
272276717613934	38494	9
272276717613935	38496	0
272323747298913	22659	0
272337784455555	158	0
272342079422595	157	0
272350602249345	156	0
272350619026560	155	0
272404984680955	154	0
272405519454571	153	0
272405519454575	152	0
272405519454715	151	0
272405519827307	6341	0
272409814421611	150	0
272409814421615	149	0
272409814421755	148	0
272409814794347	6339	0
272414106243947	147	0
272414106243951	146	0
272414106244091	145	0
272414106616683	35629	0
272415285892091	144	0
272417064276731	143	0
272421356099067	142	0
272425651066107	141	0
272426185839867	140	0
272474238927214	3825	0
272474238927215	3824	0
272478533894254	3821	0
272478533894255	3820	0
272482825716590	35536	0
272482825716591	35534	0
272512105606796	34653	0
272512640749196	26989	0
272693579027580	139	0
272727787478129	138	0
272732099517300	22653	0
272736374267505	29687	0
272772364830386	137	0
272791565660306	38184	3
272800818989906	23373	0
272800818989938	23370	0
272800818989940	136	0
272805237689970	38034	0
272805237698160	38001	12
272841033987761	135	0
272859369258641	16634	0
272859371355281	16632	0
272859479831441	30445	0
272860629681041	134	0
272863666322577	16629	0
272865192877169	133	0
272867961420657	35447	0
272869488147281	28321	0
272869488147313	28317	0
272872252062961	16627	0
272873779666545	38490	0
272887823412884	132	0
272887825509524	34051	0
272928090866324	131	0
272929347022484	26986	0
272929349119124	26984	0
272933644086420	26982	0
272933847509748	26978	0
272937939184500	26974	0
272938207619956	26970	0
272942229826804	26968	0
272942403890836	34416	0
272942404021876	26963	0
272942672457332	38318	0
272943645404308	38415	0
272943645404319	38414	0
272943645404404	38412	0
272943645404820	38408	0
272943645404852	38406	0
272959867007100	130	0
273002665122931	129	0
273006927100785	22649	0
273006943878000	36060	0
273006960642931	26953	0
273010318204531	38001	14
273011251912307	38001	13
273030062891188	128	0
273074086308628	37443	0
273436361859580	127	0
273440656826620	126	0
273440769163380	125	0
273444948648956	124	0
273449308767345	123	0
273449325544560	122	0
273452198503932	121	0
273519171064479	120	0
273519171064571	119	0
273574036844156	35168	0
273582626770556	118	0
273598193946236	38068	0
273598732344956	38001	13
273600964275836	35156	0
273601027190396	38001	13
273802887435951	27238	0
273867362272175	117	0
273871606908578	116	0
273871606908591	115	0
273871607957154	114	0
273871876392610	113	0
273871876392626	112	0
273878192398466	3812	0
273880466477186	37614	0
273896035585106	23595	0
273896303824002	111	0
273900330552146	23589	0
273900598791042	110	0
273900598829186	109	0
273904622374482	37189	0
273904890613378	108	0
273940276065953	107	0
273940276065967	106	0
273940277114529	105	0
273940545549985	104	0
273940545550001	103	0
273945998277761	16622	0
273946106569601	30178	0
273949126180481	34277	0
273964704742481	28642	0
273964964134017	33941	0
273968999709521	28635	0
273969267975041	102	0
273973291531857	29296	0
273973553806465	34266	0
273973553806479	34265	0
273973553806577	34263	0
273973553806977	34259	0
273987621372335	14354	0
274017924296324	26943	0
274041738505460	26934	0
274060635812005	101	0
274060635812015	100	0
274060636860581	99	0
274060905296037	98	0
274060905296053	97	0
274060905427077	36197	0
274084077151619	3809	0
274086608110979	37081	0
274100633746453	22639	0
274104928713493	36655	0
274106740155779	96	0
274109220535829	37248	0
274129574584452	9779	0
274198024442031	16619	0
274613503972239	95	0
274893164450974	94	0
274893164450975	93	0
274894145787062	92	0
274898349888945	33899	0
274901751240350	27320	0
274901751240351	27318	0
274906946815921	35277	0
274906963580852	22631	0
274906980358067	22629	0
274911241475761	91	0
274966178890654	90	0
274966178890655	89	0
274967160226742	88	0
274970314475154	87	0
274971381108914	38204	7
274971382122162	86	0
274971388020402	85	0
274971388085938	84	0
274971388086194	83	0
274971455194290	82	0
274973428745714	81	0
274975683053490	80	0
274975683053492	79	0
274975699830706	37797	0
274975699830707	78	0
274975699838896	37767	0
274977720568050	77	0
274982015535090	76	0
274984272725938	75	0
274999103819954	38204	7
275037047961329	74	0
275038983632529	73	0
275040050254769	38604	0
275040050255025	38598	0
275040051279537	72	0
275040057177777	71	0
275040057243313	70	0
275040057243569	69	0
275044352210865	68	0
275044352214961	67	0
275044419307443	66	0
275044419311539	35752	0
275045634750705	16609	0
275048638068913	33931	0
275048638092209	33920	0
275048646874801	65	0
275049929717745	16606	0
275052933035953	33912	0
275067017991089	8136	0
275068770401969	28493	0
275073065368817	16604	0
275073065369265	16602	0
275086437990814	33282	0
275086437990815	33281	0
275087419326902	28466	0
275113071683508	26924	0
275113071691697	64	0
275113071691698	26922	0
275113088468912	63	0
275113088468914	35750	0
275117436184756	26920	0
275117436211892	26918	0
275117449974452	62	0
275119986124788	26915	0
275136962439092	26911	0
275156047926707	33887	0
275156138807731	11725	0
275158917656821	61	0
275160416923829	60	0
275160416989365	9773	0
275160433766581	11722	0
275160433766582	59	0
275160433774771	11720	0
275183605340403	58	0
275186119104691	57	0
275186119120307	56	0
275186119120563	55	0
275204979383987	11717	0
275204994060467	37852	0
275206252332467	36428	0
275209274350835	11715	0
275209274351283	11713	0
275222536872436	25695	0
275224845700790	38438	0
275224846046390	38373	9
275224857907638	25359	0
275224858280374	38393	0
275229080182964	9769	0
275229086146740	9767	0
275229153243318	54	0
275229153247414	53	0
275233433538230	52	0
275233433883574	28425	0
275233433883830	38361	0
275233448199094	51	0
275233448199350	50	0
275233448214710	49	0
275233448214966	48	0
275273164082870	32773	0
275273176224950	32190	0
275273712964790	32180	0
275277459049718	36974	0
275277459050166	36971	0
275292593279390	24114	0
275292593279391	24113	0
275292593279479	24111	0
275293527418805	20407	0
275296888246430	24105	0
275296888246431	24102	0
275296888246519	24098	0
275302117345205	47	0
275305475035806	46	0
275305475035807	45	0
275305475035895	44	0
275360507462134	43	0
275362246910387	26416	0
275362263302582	42	0
275362263306678	41	0
275364802429174	40	0
275366525100212	14339	0
275366541877427	14337	0
275366558642358	16595	0
275369094251510	39	0
275375134245558	38	0
275375134249654	37	0
275375148008118	36	0
275375148012214	35	0
275379359671217	34	0
275997063103905	33	0
276070087265954	32	0
276085730558114	31	0
276138756423329	30	0
276143125088163	29	0
276153644729249	28	0
276172577062529	34532	0
276186091995556	27	0
276186091995812	26	0
276223582023332	26899	0
276241643613812	31685	0
276241911852708	26893	0
276254754102947	32412	0
276254761141667	25	0
276291606306467	38001	0
276310587891363	38001	15
276327792361636	24	0
276359791005350	28978	0
276359802963110	23	0
276360339702950	22	0
276428472108965	21	0
276429478741925	20	0
276445976485383	37464	0
276446241775159	31873	0
276460969640358	19	0
276473854345894	18	0
277169333667570	17	0
277169337730706	16	0
277169868441266	15	0
277169868441330	14	0
277169868506802	13	0
277169874405042	12	0
277238002824945	11	0
277238006888081	10	0
277238537598641	9	0
277238537598705	8	0
277238537664177	7	0
277238543562417	6	0
277244529162481	16592	0
277247124388017	34519	0
277247124388081	34515	0
277247124453553	34507	0
277259203983857	16589	0
277315922503860	26886	0
277315922503924	26884	0
277315922569396	26882	0
277318801893364	26878	0
277323093715700	26874	0
277327388682740	26872	0
277358635069573	37214	7
277358903308469	5	0
277384605489331	4	0
277386283923733	22614	0
277391117998835	11709	0
277427304226948	9756	0
277427566502068	9754	0
277427566502132	9752	0
277427566567604	9750	0
277454953081108	36233	0
277459302697718	20402	0
277495751201015	16585	0
277558938263880	26412	0
277567910020086	19040	0
277570946695926	31235	0
277575581262600	3	0
277637966427129	11706	0
277642340037369	11702	0
277705880609784	2	0
277717000758520	1	0
277717535532280	0	0
