state,rank,phase,component_size,component_period
"0,3,6,9,2,5,8,11,0,7,10,13,2,5,12",92898,1,4848,2
"0,3,6,9,2,7,10,13,0,5,12,1,4,7,10",92898,1,4848,2
"0,3,6,9,2,13,8,11,0,5,10,1,4,7,12",92898,1,4848,2
"0,3,6,9,12,5,8,11,0,3,10,13,2,5,8",92898,1,4848,2
"0,3,6,9,12,5,10,13,0,3,8,1,4,7,10",92898,1,4848,2
"0,3,6,11,2,7,10,13,0,5,12,1,4,7,10",92898,1,4848,2
"0,3,6,11,2,7,12,9,0,5,10,1,4,7,12",92898,1,4848,2
"0,3,6,11,4,7,10,1,8,13,2,5,12,3,6",92898,1,4848,2
"0,3,6,11,4,7,10,13,2,9,12,1,4,7,0",92898,1,4848,2
"0,3,6,11,4,7,12,1,8,13,2,5,10,3,6",92898,1,4848,2
"0,3,6,11,4,9,12,1,8,13,2,5,10,3,6",92898,1,4848,2
"0,3,6,11,4,9,12,1,8,13,2,7,10,3,6",92898,1,4848,2
"0,3,6,13,2,5,8,11,0,7,10,1,4,9,12",92898,1,4848,2
"0,3,6,13,2,5,8,11,0,7,10,13,2,5,12",92898,1,4848,2
"0,3,6,13,2,5,8,11,4,7,10,13,2,9,12",92898,1,4848,2
"0,3,6,13,2,7,12,9,0,5,10,1,4,7,12",92898,1,4848,2
"0,3,6,13,2,9,12,1,8,11,4,7,10,3,6",92898,1,4848,2
"0,3,6,13,4,7,10,1,8,11,2,5,12,3,6",92898,1,4848,2
"0,3,6,13,4,7,12,1,8,11,2,5,10,3,6",92898,1,4848,2
"0,3,8,1,4,7,10,13,6,9,12,1,4,11,0",92898,1,4848,2
"0,3,8,1,4,7,12,5,10,13,2,9,0,3,6",92898,1,4848,2
"0,3,8,1,4,7,12,5,10,13,2,9,0,3,8",92898,1,4848,2
"0,3,8,1,4,9,12,5,10,13,2,7,0,3,6",92898,1,4848,2
"0,3,8,1,4,9,12,5,10,13,2,7,0,3,8",92898,1,4848,2
"0,3,8,1,6,9,12,5,10,13,2,7,0,3,8",92898,1,4848,2
"0,3,8,1,6,9,12,5,10,13,4,7,0,3,8",92898,1,4848,2
"0,3,8,1,12,5,10,13,6,3,8,1,4,9,0",92898,1,4848,2
"0,3,8,1,12,5,10,13,6,3,8,1,4,11,0",92898,1,4848,2
"0,3,8,5,10,13,6,11,0,3,8,1,4,7,12",92898,1,4848,2
"0,3,8,5,10,13,6,11,0,3,8,1,4,9,12",92898,1,4848,2
"0,3,8,11,2,5,10,13,4,7,12,1,6,9,0",91327,0,14,14
"0,3,8,11,2,9,12,1,6,13,4,7,10,3,0",92898,1,4848,2
"0,3,8,11,2,9,12,1,6,13,4,7,10,3,8",92898,1,4848,2
"0,3,8,11,2,9,12,5,0,13,4,7,2,9,6",92898,1,4848,2
"0,3,8,11,4,7,12,1,6,13,2,5,10,3,8",92898,1,4848,2
"0,3,8,11,4,9,12,1,6,13,2,5,10,3,8",92898,1,4848,2
"0,3,8,11,4,9,12,1,6,13,2,7,4,9,0",92898,1,4848,2
"0,3,8,11,4,9,12,1,6,13,2,7,10,3,8",92898,1,4848,2
"0,3,8,11,4,9,12,5,0,13,2,7,10,3,6",92898,1,4848,2
"0,3,8,11,4,9,12,5,0,13,6,1,10,7,2",92898,1,4848,2
"0,3,8,11,4,13,10,1,6,9,2,7,4,13,0",92898,1,4848,2
"0,3,8,11,4,13,10,5,0,9,2,7,12,3,6",92898,1,4848,2
"0,3,8,13,4,9,6,11,0,7,12,1,4,9,2",92898,1,4848,2
"0,3,8,13,4,9,6,11,2,7,12,1,4,9,0",92898,1,4848,2
"0,3,8,13,4,9,12,1,6,11,2,7,4,9,0",92898,1,4848,2
"0,3,8,13,4,9,12,5,0,11,6,1,10,7,2",92898,1,4848,2
"0,3,8,13,4,9,12,5,2,11,6,1,10,7,0",90867,0,14,14
"0,3,8,13,4,11,6,1,10,7,2,9,12,5,0",92898,1,4848,2
"0,3,10,1,4,7,12,5,8,11,2,9,0,3,6",92898,1,4848,2
"0,3,10,1,4,7,12,5,8,13,2,9,0,3,6",92898,1,4848,2
"0,3,10,1,4,9,12,5,8,13,2,7,0,3,6",92898,1,4848,2
"0,3,10,5,2,9,6,13,0,11,4,1,8,3,6",92898,1,4848,2
"0,3,10,5,2,9,12,7,0,13,6,1,4,11,8",92898,1,4848,2
"0,3,10,5,2,11,6,13,0,9,4,1,8,3,6",92898,1,4848,2
"0,3,10,7,2,9,6,13,0,11,4,1,8,3,6",92898,1,4848,2
"0,3,10,7,2,9,12,5,0,11,4,7,2,9,6",92898,1,4848,2
"0,3,10,7,2,9,12,5,0,13,4,7,2,9,6",92898,1,4848,2
"0,3,10,7,2,9,12,5,0,13,4,7,2,11,8",92898,1,4848,2
"0,3,10,7,2,11,6,1,12,5,8,13,4,9,0",89128,0,14,14
"0,3,10,7,2,11,6,13,0,9,4,1,8,3,6",92898,1,4848,2
"0,3,10,7,2,11,8,5,0,9,4,13,2,11,6",92898,1,4848,2
"0,3,10,7,4,11,8,5,2,13,6,1,12,9,0",98497,0,14,14
"0,3,10,7,4,13,6,1,12,9,2,11,8,3,0",92898,1,4848,2
"0,3,10,7,4,13,6,1,12,9,2,11,8,5,0",92898,1,4848,2
"0,3,10,7,4,13,8,5,2,11,6,1,12,9,0",88957,0,14,14
"0,3,10,13,2,5,8,1,4,7,10,13,6,9,12",92898,1,4848,2
"0,3,10,13,2,9,12,5,0,11,4,7,2,9,6",92898,1,4848,2
"0,3,10,13,2,9,12,5,8,11,4,7,0,3,6",92898,1,4848,2
"0,3,10,13,4,7,12,5,8,11,2,9,0,3,6",92898,1,4848,2
"0,3,10,13,6,9,12,5,8,1,4,7,0,3,10",92898,1,4848,2
"0,3,12,5,2,11,6,9,0,13,8,1,4,11,6",92898,1,4848,2
"0,3,12,5,2,13,6,9,0,11,8,1,4,13,6",92898,1,4848,2
"0,3,12,5,2,13,10,7,0,11,6,1,4,13,8",92898,1,4848,2
"0,3,12,5,2,13,10,7,0,11,8,5,2,9,6",92898,1,4848,2
"0,3,12,5,2,13,10,7,0,11,8,5,2,13,6",92898,1,4848,2
"0,3,12,7,2,11,8,5,0,9,4,13,2,11,6",92898,1,4848,2
"0,3,12,7,2,13,8,5,0,11,6,1,10,13,8",92898,1,4848,2
"0,3,12,7,2,13,10,5,0,9,4,7,2,11,6",92898,1,4848,2
"0,3,12,7,2,13,10,5,0,9,4,7,2,13,6",92898,1,4848,2
"0,3,12,7,4,11,6,9,0,13,8,1,4,11,2",92898,1,4848,2
"0,3,12,7,4,11,6,9,0,13,8,1,4,11,6",92898,1,4848,2
"0,3,12,7,4,11,8,5,2,9,6,1,10,13,0",87834,0,14,14
"0,3,12,9,4,7,10,5,0,11,2,13,8,3,6",92898,1,4848,2
"0,3,12,9,4,11,8,5,0,7,2,13,10,3,12",92898,1,4848,2
"0,5,2,7,10,3,8,11,0,5,12,1,4,9,2",92898,1,4848,2
"0,5,2,7,10,3,8,11,0,5,12,1,6,9,2",92898,1,4848,2
"0,5,2,7,10,3,8,11,0,5,12,1,6,13,2",92898,1,4848,2
"0,5,2,7,12,3,8,11,0,5,10,1,6,3,8",92898,1,4848,2
"0,5,2,7,12,3,8,11,0,5,10,1,6,13,2",92898,1,4848,2
"0,5,2,11,6,3,12,7,0,13,8,1,4,9,2",92898,1,4848,2
"0,5,2,11,6,3,12,7,0,13,8,1,10,5,2",92898,1,4848,2
"0,5,2,11,6,3,12,7,0,13,10,1,4,9,2",92898,1,4848,2
"0,5,2,13,8,3,12,9,6,1,10,7,0,3,12",92898,1,4848,2
"0,5,8,1,4,9,12,3,10,13,2,7,0,5,8",92898,1,4848,2
"0,5,8,1,6,9,12,3,10,13,2,7,0,5,8",92898,1,4848,2
"0,5,8,1,6,9,12,3,10,13,4,7,0,5,8",92898,1,4848,2
"0,5,8,1,12,7,2,11,6,3,10,13,4,9,0",83352,0,14,14
"0,5,8,11,2,7,10,1,4,9,12,3,6,13,0",82832,0,14,14
"0,5,8,11,2,7,10,3,0,5,12,1,6,13,10",92898,1,4848,2
"0,5,8,11,2,7,12,1,4,13,10,3,6,9,0",82816,0,14,14
"0,5,8,11,2,7,12,3,0,5,10,1,6,9,12",92898,1,4848,2
"0,5,8,11,2,9,12,1,6,13,4,7,10,3,0",92898,1,4848,2
"0,5,8,11,2,9,12,1,6,13,4,7,10,3,8",92898,1,4848,2
"0,5,8,11,2,9,12,3,6,13,4,7,10,1,8",92898,1,4848,2
"0,5,8,11,4,9,12,1,6,13,2,7,4,9,0",92898,1,4848,2
"0,5,8,11,4,9,12,1,6,13,2,7,10,3,8",92898,1,4848,2
"0,5,8,11,4,9,12,3,0,13,6,1,10,7,2",92898,1,4848,2
"0,5,8,11,4,9,12,3,6,13,2,7,10,1,8",92898,1,4848,2
"0,5,8,13,2,7,10,1,4,9,12,3,6,11,0",82354,0,14,14
"0,5,8,13,2,7,12,3,0,5,10,1,6,9,12",92898,1,4848,2
"0,5,8,13,2,9,12,3,6,11,4,7,10,1,8",92898,1,4848,2
"0,5,8,13,6,9,12,3,10,1,4,7,0,5,8",92898,1,4848,2
"0,5,10,1,4,7,12,3,6,13,10,1,8,11,0",92898,1,4848,2
"0,5,10,1,4,7,12,3,8,13,10,1,6,11,0",92898,1,4848,2
"0,5,10,1,4,7,12,3,8,13,10,1,6,11,2",92898,1,4848,2
"0,5,10,1,4,11,8,3,12,7,2,13,6,9,0",87938,1,14,14
"0,5,10,1,6,3,8,13,4,9,12,1,6,11,0",92898,1,4848,2
"0,5,10,1,6,3,8,13,4,9,12,1,6,11,2",92898,1,4848,2
"0,5,10,1,6,9,2,13,8,3,12,7,4,11,0",81900,0,14,14
"0,5,10,1,6,9,12,3,8,13,4,1,6,11,0",92898,1,4848,2
"0,5,10,1,6,9,12,3,8,13,4,1,6,11,2",92898,1,4848,2
"0,5,10,1,6,11,2,7,12,3,8,13,0,5,10",92898,1,4848,2
"0,5,10,1,6,11,2,7,12,3,8,13,4,9,0",92898,1,4848,2
"0,5,10,1,6,11,2,7,12,9,4,13,0,5,2",92898,1,4848,2
"0,5,10,1,6,13,2,7,12,3,8,11,0,5,10",92898,1,4848,2
"0,5,10,1,8,11,2,7,12,3,6,13,0,5,10",81839,0,12,12
"0,5,10,1,8,13,2,7,12,3,6,9,0,5,10",92898,1,4848,2
"0,5,10,1,8,13,2,7,12,3,6,11,0,5,10",92898,1,4848,2
"0,5,10,1,12,3,8,13,4,7,10,1,6,11,0",92898,1,4848,2
"0,5,10,1,12,3,8,13,4,7,10,1,6,11,2",92898,1,4848,2
"0,5,10,3,6,11,2,7,12,1,8,13,0,5,10",81498,0,12,12
"0,5,10,3,6,13,2,7,12,1,8,11,0,5,10",81381,0,12,12
"0,5,10,3,8,11,2,7,12,1,6,13,0,5,10",81309,0,12,12
"0,5,10,3,8,13,2,7,12,1,4,9,0,5,10",92898,1,4848,2
"0,5,10,3,8,13,2,7,12,1,6,11,0,5,10",92898,1,4848,2
"0,5,10,7,4,9,12,3,0,13,6,1,8,5,2",92898,1,4848,2
"0,5,10,7,12,3,8,13,0,5,10,1,6,3,8",92898,1,4848,2
"0,5,10,7,12,3,8,13,0,5,10,1,6,11,2",92898,1,4848,2
"0,5,10,7,12,3,8,13,2,5,10,1,6,11,0",92898,1,4848,2
"0,5,10,7,12,3,8,13,2,5,10,1,6,11,8",92898,1,4848,2
"0,5,10,13,2,7,12,3,0,5,10,1,6,9,12",92898,1,4848,2
"0,5,10,13,2,7,12,3,8,5,10,1,6,11,0",92898,1,4848,2
"0,5,10,13,4,11,8,3,0,7,2,13,6,9,12",92898,1,4848,2
"0,5,10,13,6,3,12,7,2,11,8,1,4,9,0",97942,1,14,14
"0,5,10,13,6,11,2,7,0,3,8,13,4,9,12",92898,1,4848,2
"0,5,12,1,4,7,10,3,6,9,12,1,8,11,0",92898,1,4848,2
"0,5,12,1,4,7,10,3,6,9,12,1,8,13,0",92898,1,4848,2
"0,5,12,1,4,9,2,7,10,13,6,11,0,3,8",92898,1,4848,2
"0,5,12,1,4,9,2,7,10,13,6,11,0,5,8",92898,1,4848,2
"0,5,12,1,6,9,2,7,10,13,4,11,0,3,8",92898,1,4848,2
"0,5,12,1,6,9,2,7,10,13,4,11,0,5,8",92898,1,4848,2
"0,5,12,1,6,11,2,7,10,3,8,13,0,5,12",104470,1,12,12
"0,5,12,1,6,13,2,7,10,3,8,11,0,5,12",92898,1,4848,2
"0,5,12,1,6,13,10,3,8,11,2,7,0,13,4",92898,1,4848,2
"0,5,12,1,6,13,10,3,8,11,4,1,6,13,0",92898,1,4848,2
"0,5,12,1,6,13,10,3,8,11,4,7,0,13,2",92898,1,4848,2
"0,5,12,1,8,11,2,7,10,3,6,13,0,5,12",102268,1,12,12
"0,5,12,1,8,13,2,7,10,3,6,11,0,5,12",92898,1,4848,2
"0,5,12,1,8,13,2,9,6,3,10,7,4,11,0",79966,0,14,14
"0,5,12,1,8,13,10,3,6,11,2,7,0,13,4",92898,1,4848,2
"0,5,12,1,8,13,10,3,6,11,4,1,8,13,0",92898,1,4848,2
"0,5,12,1,8,13,10,3,6,11,4,1,8,13,2",92898,1,4848,2
"0,5,12,1,8,13,10,3,6,11,4,7,0,13,2",92898,1,4848,2
"0,5,12,3,6,9,2,7,10,1,4,11,0,5,8",92898,1,4848,2
"0,5,12,3,6,9,2,7,10,13,4,11,0,5,8",92898,1,4848,2
"0,5,12,3,6,11,2,7,10,1,8,13,0,5,12",92898,1,4848,2
"0,5,12,3,6,13,2,7,10,1,4,11,0,5,12",92898,1,4848,2
"0,5,12,3,6,13,2,7,10,1,8,11,0,5,12",92898,1,4848,2
"0,5,12,3,8,11,2,7,10,1,6,13,0,5,12",92898,1,4848,2
"0,5,12,3,8,13,2,7,10,1,4,11,0,5,12",92898,1,4848,2
"0,5,12,3,8,13,2,7,10,1,6,11,0,5,12",92898,1,4848,2
"0,5,12,9,2,7,10,1,6,11,4,13,8,3,0",92898,1,4848,2
"0,5,12,9,2,7,10,3,0,5,12,1,6,13,10",92898,1,4848,2
"0,5,12,9,2,7,10,3,0,5,12,1,8,13,10",92898,1,4848,2
"0,5,12,9,2,7,10,3,6,11,4,1,8,13,0",92898,1,4848,2
"0,5,12,9,2,7,10,3,6,13,4,1,8,11,0",92898,1,4848,2
"0,5,12,9,2,11,8,3,0,7,4,13,10,5,12",92898,1,4848,2
"0,5,12,9,2,13,8,1,4,7,10,3,6,11,0",92466,0,14,14
"0,5,12,9,2,13,10,3,0,7,4,1,8,5,12",92898,1,4848,2
"0,5,12,9,4,11,8,3,0,7,2,13,10,5,12",92898,1,4848,2
"0,5,12,9,4,13,8,3,0,7,2,11,6,13,10",92898,1,4848,2
"0,5,12,9,6,3,10,7,2,11,8,1,4,13,0",98275,0,14,14
"0,5,12,9,6,3,10,7,2,13,8,1,4,11,0",79228,0,14,14
"0,5,12,9,6,13,2,7,0,3,8,11,4,13,10",92898,1,4848,2
"0,7,2,11,6,3,10,13,8,1,12,5,0,3,10",92898,1,4848,2
"0,7,2,11,6,13,10,5,0,9,4,1,8,13,2",92898,1,4848,2
"0,7,2,11,6,13,10,5,0,9,4,1,12,7,2",92898,1,4848,2
"0,7,2,11,8,3,10,13,6,1,12,5,0,3,10",92898,1,4848,2
"0,7,2,13,6,9,12,5,0,11,4,1,10,7,2",92898,1,4848,2
"0,7,2,13,8,5,12,9,4,1,10,3,0,11,6",92898,1,4848,2
"0,7,2,13,10,3,12,9,4,1,8,5,0,11,6",92898,1,4848,2
"0,7,2,13,10,3,12,9,6,1,8,5,0,11,4",92898,1,4848,2
"0,7,2,13,10,5,12,9,4,1,8,3,0,11,6",92898,1,4848,2
"0,7,2,13,10,5,12,9,6,1,8,3,0,11,4",92898,1,4848,2
"0,7,4,1,8,5,12,9,6,13,10,3,0,11,4",92898,1,4848,2
"0,7,4,1,8,11,2,13,10,3,6,9,0,7,12",92898,1,4848,2
"0,7,4,1,8,13,2,9,12,3,6,11,0,5,10",92898,1,4848,2
"0,7,4,1,8,13,2,9,12,3,6,11,0,7,10",92898,1,4848,2
"0,7,4,1,10,3,12,9,6,13,8,5,0,11,4",92898,1,4848,2
"0,7,4,1,10,3,12,9,6,13,8,5,2,11,4",92898,1,4848,2
"0,7,4,1,10,5,2,11,8,3,12,9,6,13,0",84242,0,14,14
"0,7,4,1,12,9,2,13,10,7,4,11,0,5,2",92898,1,4848,2
"0,7,4,1,12,9,2,13,10,7,4,11,6,3,0",92898,1,4848,2
"0,7,4,1,12,9,2,13,10,7,4,11,8,5,2",92898,1,4848,2
"0,7,4,11,6,3,10,13,8,1,12,5,0,3,10",92898,1,4848,2
"0,7,4,11,6,9,2,13,8,1,4,11,0,3,10",92898,1,4848,2
"0,7,4,11,6,9,2,13,8,1,4,11,6,3,10",92898,1,4848,2
"0,7,4,11,8,3,10,13,6,1,12,5,0,3,10",92898,1,4848,2
"0,7,4,11,8,3,12,9,2,5,10,1,6,13,0",74951,0,14,14
"0,7,4,11,8,5,12,9,2,13,10,3,0,7,4",92898,1,4848,2
"0,7,4,13,2,5,12,9,0,7,10,3,6,11,4",92898,1,4848,2
"0,7,4,13,8,3,12,9,2,5,10,1,6,11,0",82929,0,14,14
"0,7,4,13,10,3,12,9,6,1,8,5,0,11,4",92898,1,4848,2
"0,7,4,13,10,3,12,9,6,1,8,5,2,11,4",92898,1,4848,2
"0,7,4,13,10,5,12,9,6,1,8,3,0,11,4",92898,1,4848,2
"0,7,10,1,4,9,2,5,8,13,6,11,0,3,10",92898,1,4848,2
"0,7,10,1,4,9,12,3,6,11,2,5,8,13,0",94783,1,14,14
"0,7,10,1,4,9,12,3,6,13,2,5,8,11,0",92898,1,4848,2
"0,7,10,1,4,11,2,5,8,13,6,9,0,3,10",92898,1,4848,2
"0,7,10,1,4,11,2,5,8,13,6,9,12,3,10",92898,1,4848,2
"0,7,10,1,6,9,12,3,8,13,2,5,0,11,4",92898,1,4848,2
"0,7,10,1,6,9,12,3,8,13,4,1,6,11,0",92898,1,4848,2
"0,7,10,1,6,9,12,3,8,13,4,1,6,11,2",92898,1,4848,2
"0,7,10,1,6,11,2,5,12,3,8,13,0,7,10",93214,1,12,12
"0,7,10,1,6,11,2,5,12,9,4,13,8,3,0",93360,1,14,14
"0,7,10,1,6,13,2,5,12,3,8,11,0,7,10",91046,1,12,12
"0,7,10,1,8,5,12,3,6,13,10,1,8,11,0",92898,1,4848,2
"0,7,10,1,8,5,12,3,6,13,10,1,8,11,2",92898,1,4848,2
"0,7,10,1,8,11,2,5,12,3,6,9,0,7,10",92898,1,4848,2
"0,7,10,1,8,11,2,5,12,3,6,13,0,7,10",92898,1,4848,2
"0,7,10,1,8,13,2,5,12,3,6,9,0,7,10",92898,1,4848,2
"0,7,10,1,8,13,2,5,12,3,6,11,0,7,10",92898,1,4848,2
"0,7,10,3,6,9,2,5,12,1,4,11,0,7,10",92898,1,4848,2
"0,7,10,3,6,11,2,5,12,1,8,13,0,7,10",92370,1,12,12
"0,7,10,3,6,11,4,1,8,13,2,9,6,11,4",92898,1,4848,2
"0,7,10,3,6,13,2,5,12,1,8,11,0,7,10",92898,1,4848,2
"0,7,10,3,8,11,2,5,12,1,6,9,0,7,10",92898,1,4848,2
"0,7,10,3,8,11,2,5,12,1,6,13,0,7,10",92898,1,4848,2
"0,7,10,3,8,13,2,5,12,1,6,11,0,7,10",93709,0,12,12
"0,7,10,5,12,9,2,13,0,7,4,11,6,3,10",92898,1,4848,2
"0,7,10,5,12,9,2,13,0,7,4,11,6,9,2",92898,1,4848,2
"0,7,10,5,12,9,2,13,0,7,4,11,8,3,10",92898,1,4848,2
"0,7,10,5,12,9,4,13,0,7,2,11,6,3,10",92898,1,4848,2
"0,7,10,5,12,9,4,13,0,7,2,11,8,3,10",92898,1,4848,2
"0,7,10,13,2,5,12,1,4,7,10,3,6,9,12",92898,1,4848,2
"0,7,10,13,2,5,12,3,0,7,10,1,6,9,12",92898,1,4848,2
"0,7,10,13,2,5,12,3,0,7,10,1,8,5,12",92898,1,4848,2
"0,7,10,13,4,11,2,5,8,1,6,9,0,3,10",92898,1,4848,2
"0,7,10,13,4,11,2,5,8,1,6,9,12,3,10",92898,1,4848,2
"0,7,10,13,4,11,2,5,8,1,6,13,0,3,12",92898,1,4848,2
"0,7,10,13,6,9,2,5,8,1,4,11,0,3,10",92898,1,4848,2
"0,7,12,1,4,9,2,5,8,13,6,11,0,3,10",92898,1,4848,2
"0,7,12,1,4,9,2,5,10,13,6,11,0,3,8",92898,1,4848,2
"0,7,12,1,4,11,2,5,8,13,6,9,0,3,10",92898,1,4848,2
"0,7,12,1,4,11,2,5,10,13,6,9,0,3,8",92898,1,4848,2
"0,7,12,1,4,13,10,3,6,9,2,5,8,11,0",94528,1,14,14
"0,7,12,1,6,9,2,5,10,13,4,11,0,3,8",92898,1,4848,2
"0,7,12,1,6,11,2,5,10,3,8,13,0,7,12",102581,1,12,12
"0,7,12,1,6,13,2,5,10,3,8,11,0,7,12",92898,1,4848,2
"0,7,12,1,6,13,10,3,8,11,4,1,6,13,0",92898,1,4848,2
"0,7,12,1,8,11,2,5,10,3,6,9,0,7,12",92898,1,4848,2
"0,7,12,1,8,11,2,5,10,3,6,13,0,7,12",92898,1,4848,2
"0,7,12,1,8,13,2,5,10,3,6,9,0,7,12",92898,1,4848,2
"0,7,12,1,8,13,2,5,10,3,6,11,0,7,12",92898,1,4848,2
"0,7,12,1,8,13,2,5,10,3,6,11,8,13,0",92898,1,4848,2
"0,7,12,1,8,13,10,3,6,11,2,5,8,13,4",92898,1,4848,2
"0,7,12,1,8,13,10,3,6,11,4,1,8,13,0",92898,1,4848,2
"0,7,12,1,8,13,10,3,6,11,4,1,8,13,2",92898,1,4848,2
"0,7,12,3,6,11,2,5,0,9,4,13,8,11,2",92898,1,4848,2
"0,7,12,3,6,11,2,5,10,1,8,13,0,7,12",92898,1,4848,2
"0,7,12,3,6,13,2,5,10,1,8,11,0,7,12",73677,0,12,12
"0,7,12,3,8,11,2,5,10,1,6,13,0,7,12",80357,0,12,12
"0,7,12,3,8,11,4,1,10,5,2,9,6,13,0",73628,0,14,14
"0,7,12,3,8,13,2,5,10,1,6,11,0,7,12",92898,1,4848,2
"0,7,12,3,8,13,2,5,10,1,6,11,8,13,4",92898,1,4848,2
"0,7,12,3,8,13,4,9,0,5,10,1,6,11,2",92898,1,4848,2
"0,7,12,3,8,13,4,9,0,5,10,1,6,13,2",92898,1,4848,2
"0,7,12,5,8,11,2,9,0,3,6,13,4,7,10",92898,1,4848,2
"0,7,12,5,8,11,2,9,0,3,6,13,4,7,12",92898,1,4848,2
"0,7,12,9,2,5,10,3,0,7,12,1,6,13,10",92898,1,4848,2
"0,7,12,9,2,5,10,3,0,7,12,1,8,13,10",92898,1,4848,2
"0,9,2,5,10,13,6,11,0,7,4,1,8,13,2",92898,1,4848,2
"0,9,2,7,12,3,6,11,4,1,8,13,0,9,6",92898,1,4848,2
"0,9,2,11,8,5,12,7,0,13,10,1,4,9,6",92898,1,4848,2
"0,9,2,11,8,5,12,7,4,1,10,3,0,9,6",92898,1,4848,2
"0,9,2,11,8,5,12,7,4,13,10,3,0,9,6",92898,1,4848,2
"0,9,2,13,8,5,12,7,4,1,10,3,0,9,6",92898,1,4848,2
"0,9,2,13,8,5,12,7,4,1,10,3,0,11,6",92898,1,4848,2
"0,9,2,13,10,5,12,7,4,1,8,3,0,9,6",92898,1,4848,2
"0,9,2,13,10,5,12,7,4,1,8,3,0,11,6",92898,1,4848,2
"0,9,4,1,6,11,2,7,12,3,8,13,0,5,10",92898,1,4848,2
"0,9,4,1,6,11,2,7,12,9,4,13,0,5,2",92898,1,4848,2
"0,9,4,1,8,3,6,13,10,5,12,1,8,3,0",92898,1,4848,2
"0,9,4,1,8,11,2,7,12,3,6,13,10,5,0",73650,1,14,14
"0,9,4,1,8,13,2,7,12,3,6,11,0,5,10",92898,1,4848,2
"0,9,4,1,12,7,2,11,6,9,4,13,8,3,0",92898,1,4848,2
"0,9,4,1,12,7,2,13,8,3,10,5,0,11,6",92898,1,4848,2
"0,9,4,7,2,11,6,1,12,9,4,13,8,3,0",92898,1,4848,2
"0,9,4,7,2,11,6,1,12,9,4,13,8,3,6",92898,1,4848,2
"0,9,4,7,2,13,6,1,12,9,4,11,8,3,0",92898,1,4848,2
"0,9,4,7,2,13,6,1,12,9,4,11,8,5,0",92898,1,4848,2
"0,9,4,13,2,11,6,1,10,7,4,13,8,3,12",92898,1,4848,2
"0,9,4,13,8,3,12,7,0,11,6,1,10,5,2",92898,1,4848,2
"0,9,4,13,8,3,12,7,2,11,6,1,10,5,0",92898,1,4848,2
"0,9,4,13,8,5,2,11,6,1,10,13,8,3,12",92898,1,4848,2
"0,9,4,13,8,5,2,11,6,3,10,13,8,1,12",92898,1,4848,2
"0,9,4,13,8,5,12,1,6,11,2,7,10,3,0",69780,0,14,14
"0,9,4,13,8,11,2,7,10,1,6,13,0,3,12",92898,1,4848,2
"0,9,4,13,8,11,2,7,10,1,6,13,0,5,12",92898,1,4848,2
"0,9,4,13,8,11,6,1,10,5,2,13,8,3,12",92898,1,4848,2
"0,9,4,13,10,3,6,11,2,7,12,1,8,5,0",69619,0,14,14
"0,9,4,13,10,7,2,11,6,1,4,13,8,3,12",92898,1,4848,2
"0,9,6,1,8,5,2,11,4,13,10,7,0,9,6",92898,1,4848,2
"0,9,6,1,12,5,2,11,8,3,10,7,0,13,6",92898,1,4848,2
"0,9,6,1,12,5,2,11,8,3,10,7,4,13,6",92898,1,4848,2
"0,9,6,1,12,7,4,13,10,5,2,11,8,3,0",80834,0,14,14
"0,9,6,3,10,5,2,11,8,1,12,7,0,13,6",92898,1,4848,2
"0,9,6,3,10,5,2,11,8,1,12,7,4,13,6",92898,1,4848,2
"0,9,6,3,10,5,2,13,8,1,12,7,0,11,6",92898,1,4848,2
"0,9,6,3,10,5,2,13,8,1,12,7,4,11,6",92898,1,4848,2
"0,9,6,3,10,13,2,11,8,1,4,7,0,13,6",92898,1,4848,2
"0,9,6,3,10,13,4,1,12,7,2,11,8,5,0",69258,0,14,14
"0,9,6,3,12,5,2,11,8,1,10,7,0,13,6",92898,1,4848,2
"0,9,6,3,12,5,2,11,8,1,10,7,4,13,6",92898,1,4848,2
"0,9,6,3,12,5,2,13,8,1,10,7,0,11,6",92898,1,4848,2
"0,9,6,3,12,5,2,13,8,1,10,7,4,11,6",92898,1,4848,2
"0,9,6,3,12,7,2,11,0,9,4,13,8,5,2",92898,1,4848,2
"0,9,6,3,12,7,2,13,8,1,10,5,0,11,6",92898,1,4848,2
"0,9,6,11,2,5,12,3,0,7,10,1,8,5,12",92898,1,4848,2
"0,9,6,11,4,7,12,3,0,9,2,5,10,13,6",92898,1,4848,2
"0,9,6,13,2,5,12,3,0,7,10,1,8,5,12",92898,1,4848,2
"0,9,6,13,2,7,12,3,8,11,4,1,10,5,0",69489,0,14,14
"0,9,6,13,8,5,2,11,4,1,10,7,0,9,6",92898,1,4848,2
"0,9,6,13,8,5,2,11,4,1,12,7,0,9,6",92898,1,4848,2
"0,9,6,13,10,5,2,11,4,1,8,13,0,9,6",92898,1,4848,2
"0,9,6,13,10,5,2,11,4,1,12,7,0,9,6",92898,1,4848,2
"0,9,12,1,6,11,2,5,8,13,4,7,10,3,0",82259,1,14,14
"0,9,12,1,6,13,2,5,8,11,4,7,10,3,0",82611,1,14,14
"0,9,12,5,2,11,6,3,10,7,4,1,8,13,0",84366,1,14,14
"0,9,12,5,2,13,4,7,0,11,8,1,10,13,6",92898,1,4848,2
"0,9,12,7,2,11,6,3,0,9,4,13,8,11,6",92898,1,4848,2
"0,9,12,7,2,13,6,3,0,11,8,1,10,13,6",92898,1,4848,2
"0,11,2,5,12,9,6,13,0,7,4,1,8,11,2",92898,1,4848,2
"0,11,2,7,12,3,6,9,0,5,10,1,12,3,8",92898,1,4848,2
"0,11,2,13,8,3,6,9,4,1,10,13,0,7,12",92898,1,4848,2
"0,11,4,1,8,3,6,13,10,5,12,1,8,3,0",92898,1,4848,2
"0,11,4,1,8,5,2,9,6,13,10,7,0,11,4",92898,1,4848,2
"0,11,4,1,8,13,2,7,10,3,6,9,12,5,0",74436,1,14,14
"0,11,4,1,8,13,2,9,6,11,4,7,0,13,2",92898,1,4848,2
"0,11,4,1,10,7,2,9,6,3,12,5,0,11,8",92898,1,4848,2
"0,11,4,1,10,7,2,9,6,3,12,5,0,13,8",92898,1,4848,2
"0,11,4,1,10,7,2,13,6,3,12,5,0,11,8",92898,1,4848,2
"0,11,4,1,10,7,2,13,8,3,12,5,0,11,6",92898,1,4848,2
"0,11,4,1,12,5,2,9,6,3,10,7,0,11,8",92898,1,4848,2
"0,11,4,1,12,9,6,13,10,7,4,1,8,3,0",92898,1,4848,2
"0,11,4,1,12,9,6,13,10,7,4,1,8,5,2",92898,1,4848,2
"0,11,4,7,2,9,6,13,0,11,4,1,8,3,6",92898,1,4848,2
"0,11,4,7,10,3,6,9,2,13,8,1,12,5,0",74444,1,14,14
"0,11,4,7,10,13,2,9,12,1,4,7,0,3,6",92898,1,4848,2
"0,11,4,7,12,3,8,13,2,9,6,1,10,5,0",73616,1,14,14
"0,11,4,13,10,5,2,9,6,1,12,7,0,11,8",92898,1,4848,2
"0,11,4,13,10,7,2,9,6,1,12,5,0,11,8",92898,1,4848,2
"0,11,4,13,10,7,2,9,6,3,12,5,0,11,8",92898,1,4848,2
"0,11,6,1,4,13,8,3,12,9,6,1,10,5,0",92898,1,4848,2
"0,11,6,1,4,13,8,3,12,9,6,1,10,7,0",92898,1,4848,2
"0,11,6,1,10,5,2,9,12,3,8,13,4,7,0",68285,1,14,14
"0,11,6,1,10,5,2,13,8,3,12,7,0,11,6",92898,1,4848,2
"0,11,6,1,10,5,2,13,8,3,12,7,10,5,0",92898,1,4848,2
"0,11,6,1,10,5,8,3,12,7,2,13,10,5,0",92898,1,4848,2
"0,11,6,1,10,7,2,13,8,3,12,5,0,11,6",92898,1,4848,2
"0,11,6,1,10,7,4,13,8,3,12,1,10,5,0",92898,1,4848,2
"0,11,6,1,10,13,8,3,12,7,4,1,10,5,0",92898,1,4848,2
"0,11,6,1,12,5,2,13,8,3,10,7,0,11,6",83663,1,12,12
"0,11,6,1,12,7,2,13,8,3,10,5,0,11,6",92898,1,4848,2
"0,11,6,1,12,9,4,13,8,3,6,1,10,5,0",92898,1,4848,2
"0,11,6,3,10,5,2,13,8,1,12,7,0,11,6",92898,1,4848,2
"0,11,6,3,10,5,2,13,8,1,12,7,4,11,6",92898,1,4848,2
"0,11,6,3,10,5,2,13,8,1,12,9,4,11,6",92898,1,4848,2
"0,11,6,3,10,7,2,13,0,5,12,9,4,11,8",92898,1,4848,2
"0,11,6,3,10,7,2,13,8,1,12,5,0,11,6",92898,1,4848,2
"0,11,6,3,10,7,2,13,8,1,12,9,4,11,6",92898,1,4848,2
"0,11,6,3,10,7,4,1,8,13,2,9,12,5,0",64448,0,14,14
"0,11,6,3,12,5,2,13,8,1,10,7,0,11,6",92898,1,4848,2
"0,11,6,3,12,5,2,13,8,1,10,7,4,11,6",92898,1,4848,2
"0,11,6,3,12,7,2,13,8,1,4,9,0,5,10",92898,1,4848,2
"0,11,6,3,12,7,2,13,8,1,10,5,0,11,6",92898,1,4848,2
"0,11,6,3,12,9,2,13,8,1,4,7,0,11,6",92898,1,4848,2
"0,11,6,3,12,9,4,1,10,7,2,13,8,5,0",64372,0,14,14
"0,11,6,9,4,13,8,3,0,11,6,1,10,5,8",92898,1,4848,2
"0,11,6,9,4,13,8,3,0,11,6,1,10,13,8",92898,1,4848,2
"0,11,6,13,8,5,2,9,4,1,10,7,0,11,6",92898,1,4848,2
"0,11,6,13,8,5,2,9,4,1,10,13,0,7,12",92898,1,4848,2
"0,11,6,13,8,5,2,9,4,1,12,7,0,11,6",92898,1,4848,2
"0,11,6,13,10,5,2,9,0,3,8,13,4,11,6",92898,1,4848,2
"0,11,6,13,10,5,2,9,0,3,12,7,4,11,6",92898,1,4848,2
"0,11,6,13,10,5,2,9,4,1,8,13,0,7,12",92898,1,4848,2
"0,11,6,13,10,5,2,9,4,1,8,13,0,11,6",92898,1,4848,2
"0,11,6,13,10,5,2,9,4,1,12,7,0,11,6",92898,1,4848,2
"0,11,6,13,10,5,2,9,4,1,12,7,0,11,8",92898,1,4848,2
"0,11,6,13,10,5,8,3,0,7,2,13,10,5,12",92898,1,4848,2
"0,11,6,13,10,7,2,9,4,1,12,5,0,11,6",92898,1,4848,2
"0,11,6,13,10,7,2,9,4,1,12,5,0,11,8",92898,1,4848,2
"0,11,8,1,4,13,6,3,10,7,2,9,12,5,0",92898,1,4848,2
"0,11,8,1,10,5,2,13,6,3,12,7,0,11,8",85015,0,12,12
"0,11,8,1,10,7,2,13,6,3,12,5,0,11,8",92898,1,4848,2
"0,11,8,1,10,7,2,13,6,3,12,9,4,11,8",92898,1,4848,2
"0,11,8,1,10,7,4,13,6,3,12,9,2,11,8",92898,1,4848,2
"0,11,8,1,10,13,6,3,12,5,8,1,10,7,0",92898,1,4848,2
"0,11,8,1,10,13,6,3,12,7,4,1,10,5,0",92898,1,4848,2
"0,11,8,1,12,5,2,13,6,3,10,7,0,11,8",92898,1,4848,2
"0,11,8,1,12,5,2,13,6,3,10,7,4,11,8",92898,1,4848,2
"0,11,8,1,12,7,2,13,6,3,10,5,0,11,8",101342,1,12,12
"0,11,8,1,12,9,6,3,10,7,4,1,12,5,0",92898,1,4848,2
"0,11,8,1,12,9,6,3,10,7,4,1,12,5,2",92898,1,4848,2
"0,11,8,3,10,5,2,13,6,1,12,7,0,11,8",92898,1,4848,2
"0,11,8,3,10,5,2,13,6,1,12,7,4,11,8",92898,1,4848,2
"0,11,8,3,10,5,2,13,6,1,12,9,4,11,8",92898,1,4848,2
"0,11,8,3,10,7,2,5,0,13,4,9,12,7,2",92898,1,4848,2
"0,11,8,3,10,7,2,13,6,1,12,5,0,11,8",92898,1,4848,2
"0,11,8,3,10,7,2,13,6,1,12,9,4,11,8",92898,1,4848,2
"0,11,8,3,10,7,4,13,6,1,12,9,2,11,8",92898,1,4848,2
"0,11,8,3,12,5,2,13,6,1,10,7,0,11,8",90777,0,12,12
"0,11,8,3,12,7,2,5,0,9,4,13,10,7,2",92898,1,4848,2
"0,11,8,3,12,7,2,13,6,1,10,5,0,9,4",92898,1,4848,2
"0,11,8,3,12,7,2,13,6,1,10,5,0,11,8",92898,1,4848,2
"0,11,8,5,2,9,6,3,0,11,4,1,12,9,6",92898,1,4848,2
"0,11,8,5,2,9,6,3,10,13,4,1,12,7,0",85064,1,14,14
"0,11,8,5,2,13,6,3,0,11,8,1,10,13,6",92898,1,4848,2
"0,11,8,5,2,13,6,3,0,11,8,1,12,9,6",92898,1,4848,2
"0,11,8,5,2,13,6,3,12,9,4,1,10,7,0",92898,1,4848,2
"0,11,8,5,12,9,6,3,0,7,4,1,12,9,2",92898,1,4848,2
"0,11,8,13,2,9,6,3,0,11,4,1,12,9,6",92898,1,4848,2
"0,13,2,7,10,3,6,11,0,13,8,1,4,9,2",92898,1,4848,2
"0,13,2,9,12,5,10,7,0,3,8,1,12,5,10",92898,1,4848,2
"0,13,4,1,8,11,2,7,10,3,6,9,12,5,0",74387,1,14,14
"0,13,4,7,2,9,6,1,10,13,4,11,8,3,0",92898,1,4848,2
"0,13,4,7,2,11,8,1,10,13,6,3,12,5,8",92898,1,4848,2
"0,13,4,9,12,5,10,7,0,3,8,1,12,5,10",92898,1,4848,2
"0,13,4,9,12,7,2,11,6,1,4,9,0,13,8",92898,1,4848,2
"0,13,4,9,12,7,2,11,6,1,10,5,0,13,8",92898,1,4848,2
"0,13,6,1,4,11,8,3,10,13,6,1,12,5,0",92898,1,4848,2
"0,13,6,1,4,11,8,3,10,13,6,1,12,7,0",92898,1,4848,2
"0,13,6,1,8,5,2,11,4,13,10,7,0,9,6",92898,1,4848,2
"0,13,6,1,10,5,2,9,12,3,8,11,4,7,0",68349,1,14,14
"0,13,6,1,10,5,2,11,8,3,12,7,0,13,6",84454,0,12,12
"0,13,6,1,10,7,2,11,8,3,12,5,0,13,6",92898,1,4848,2
"0,13,6,1,10,7,2,11,8,13,4,9,0,5,2",92898,1,4848,2
"0,13,6,1,12,5,2,11,8,3,10,7,0,13,6",92898,1,4848,2
"0,13,6,1,12,5,2,11,8,3,10,7,4,13,6",92898,1,4848,2
"0,13,6,1,12,7,2,11,8,3,10,5,0,13,6",101385,1,12,12
"0,13,6,3,10,5,2,11,8,1,12,7,0,13,6",92898,1,4848,2
"0,13,6,3,10,5,2,11,8,1,12,7,4,13,6",92898,1,4848,2
"0,13,6,3,10,7,2,11,8,1,12,5,0,13,6",76343,0,12,12
"0,13,6,3,12,5,2,11,8,1,10,7,0,13,6",92898,1,4848,2
"0,13,6,3,12,5,2,11,8,1,10,7,4,13,6",92898,1,4848,2
"0,13,6,3,12,7,2,11,8,1,10,5,0,13,6",97899,0,12,12
"0,13,6,3,12,9,4,1,10,7,2,11,8,5,0",98837,0,14,14
"0,13,6,9,2,5,10,1,4,11,8,3,12,7,0",60140,0,14,14
"0,13,6,9,2,5,10,3,0,7,12,1,8,13,10",92898,1,4848,2
"0,13,6,9,2,7,4,11,0,5,12,9,2,7,10",92898,1,4848,2
"0,13,6,9,2,7,4,11,0,5,12,9,2,13,10",92898,1,4848,2
"0,13,6,9,2,7,10,3,0,5,12,1,8,13,10",92898,1,4848,2
"0,13,6,9,12,3,8,11,2,5,10,1,4,7,0",80415,1,14,14
"0,13,6,9,12,5,2,11,0,3,10,7,4,13,6",92898,1,4848,2
"0,13,6,11,2,5,10,3,0,7,12,1,8,13,10",92898,1,4848,2
"0,13,6,11,2,7,10,3,0,5,12,1,8,13,10",92898,1,4848,2
"0,13,8,1,4,7,10,3,6,11,2,5,12,9,0",97572,1,14,14
"0,13,8,1,4,9,2,5,10,13,6,11,0,3,8",92898,1,4848,2
"0,13,8,1,4,11,2,5,10,13,6,9,0,3,8",92898,1,4848,2
"0,13,8,1,4,11,6,3,10,7,2,9,12,5,0",92898,1,4848,2
"0,13,8,1,4,11,6,3,10,13,8,1,12,5,0",92898,1,4848,2
"0,13,8,1,4,11,6,3,10,13,8,1,12,7,0",92898,1,4848,2
"0,13,8,1,4,11,6,3,12,7,2,9,0,5,10",92898,1,4848,2
"0,13,8,1,10,5,2,11,6,3,12,7,0,13,8",92898,1,4848,2
"0,13,8,1,10,7,2,11,6,3,12,5,0,13,8",92898,1,4848,2
"0,13,8,1,10,7,4,11,6,3,12,9,2,13,8",92898,1,4848,2
"0,13,8,1,12,5,2,11,6,3,10,7,0,13,8",103193,1,12,12
"0,13,8,1,12,7,2,11,6,3,10,5,0,13,8",101516,1,12,12
"0,13,8,1,12,9,6,3,10,7,4,1,12,5,0",92898,1,4848,2
"0,13,8,1,12,9,6,3,10,7,4,1,12,5,2",92898,1,4848,2
"0,13,8,3,10,5,2,11,6,1,12,7,0,13,8",59624,0,12,12
"0,13,8,3,10,7,2,11,6,1,12,5,0,13,8",59549,0,12,12
"0,13,8,3,12,5,2,11,6,1,10,7,0,13,8",90874,0,12,12
"0,13,8,3,12,7,2,11,6,1,4,9,0,13,8",92898,1,4848,2
"0,13,8,3,12,7,2,11,6,1,10,5,0,9,4",92898,1,4848,2
"0,13,8,3,12,7,2,11,6,1,10,5,0,13,8",92898,1,4848,2
"0,13,8,3,12,7,10,5,0,9,4,1,12,7,2",92898,1,4848,2
"0,13,8,5,2,11,6,3,12,9,4,1,10,7,0",84311,1,14,14
"0,13,8,11,6,3,10,5,2,13,8,1,12,7,0",92898,1,4848,2
"0,13,8,11,6,3,10,5,2,13,8,1,12,7,4",92898,1,4848,2
"0,13,8,11,6,3,10,5,2,13,8,1,12,9,4",92898,1,4848,2
"0,13,10,1,4,9,2,5,8,13,6,11,0,3,10",92898,1,4848,2
"0,13,10,1,4,9,6,3,8,13,2,11,0,5,10",92898,1,4848,2
"0,13,10,1,6,9,2,5,8,11,4,7,12,3,0",83456,1,14,14
"0,13,10,5,12,9,6,3,0,7,4,1,12,9,2",92898,1,4848,2
"0,13,10,7,2,9,6,3,0,11,4,1,12,9,6",92898,1,4848,2
"0,13,10,7,2,11,6,3,0,13,8,1,12,9,6",92898,1,4848,2
"1,4,7,0,3,6,9,12,5,8,11,0,3,10,13",92898,0,4848,2
"1,4,7,0,3,6,9,12,5,10,13,0,3,8,1",92898,0,4848,2
"1,4,7,0,3,10,13,2,9,12,5,0,11,4,7",92898,0,4848,2
"1,4,7,0,3,10,13,2,9,12,5,8,11,4,7",92898,0,4848,2
"1,4,7,0,5,8,11,2,9,12,3,6,13,4,7",92898,0,4848,2
"1,4,7,0,5,8,13,2,9,12,3,6,11,4,7",92898,0,4848,2
"1,4,7,0,11,6,13,10,5,2,9,0,3,8,13",92898,0,4848,2
"1,4,7,0,11,6,13,10,5,2,9,0,3,12,7",92898,0,4848,2
"1,4,7,0,13,6,9,12,3,8,11,2,5,10,1",80415,0,14,14
"1,4,7,0,13,6,9,12,5,2,11,0,3,10,7",92898,0,4848,2
"1,4,7,10,3,6,9,12,1,8,11,0,3,6,13",92898,0,4848,2
"1,4,7,10,3,6,9,12,1,8,13,0,3,6,11",92898,0,4848,2
"1,4,7,10,3,6,11,0,5,12,9,2,13,8,1",92466,1,14,14
"1,4,7,10,3,6,11,2,5,12,9,0,13,8,1",97572,0,14,14
"1,4,7,10,13,6,9,12,1,4,11,0,3,6,9",92898,0,4848,2
"1,4,7,12,3,6,13,10,1,8,11,0,3,6,13",92898,0,4848,2
"1,4,7,12,3,8,13,10,1,6,11,0,3,8,13",92898,0,4848,2
"1,4,7,12,3,8,13,10,1,6,11,0,5,8,13",92898,0,4848,2
"1,4,7,12,3,8,13,10,1,6,11,2,5,8,13",92898,0,4848,2
"1,4,7,12,5,8,11,2,9,0,3,6,13,4,7",92898,0,4848,2
"1,4,7,12,5,8,13,2,9,0,3,6,11,4,7",92898,0,4848,2
"1,4,7,12,5,10,13,2,9,0,3,6,11,4,7",92898,0,4848,2
"1,4,7,12,5,10,13,2,9,0,3,8,11,4,7",92898,0,4848,2
"1,4,9,0,5,10,7,12,3,8,13,0,5,10,1",92898,0,4848,2
"1,4,9,0,5,10,7,12,3,8,13,2,5,10,1",92898,0,4848,2
"1,4,9,0,5,10,13,6,3,12,7,2,11,8,1",97942,0,14,14
"1,4,9,0,5,10,13,6,11,2,7,0,3,8,13",92898,0,4848,2
"1,4,9,0,13,6,11,2,5,10,3,0,7,12,1",92898,0,4848,2
"1,4,9,0,13,6,11,2,7,10,3,0,5,12,1",92898,0,4848,2
"1,4,9,0,13,8,11,6,3,10,5,2,13,8,1",92898,0,4848,2
"1,4,9,2,5,8,13,6,11,0,3,10,1,4,7",92898,0,4848,2
"1,4,9,2,5,8,13,6,11,0,3,10,1,4,9",92898,0,4848,2
"1,4,9,2,5,10,13,6,11,0,3,8,1,4,7",92898,0,4848,2
"1,4,9,2,5,10,13,6,11,0,3,8,1,4,9",92898,0,4848,2
"1,4,9,2,7,10,13,6,11,0,3,8,1,4,9",92898,0,4848,2
"1,4,9,2,7,10,13,6,11,0,5,8,1,4,9",92898,0,4848,2
"1,4,9,6,3,8,13,2,11,0,5,10,7,4,9",92898,0,4848,2
"1,4,9,12,3,6,11,0,5,8,13,2,7,10,1",82354,1,14,14
"1,4,9,12,3,6,11,2,5,8,13,0,7,10,1",94783,0,14,14
"1,4,9,12,3,6,13,0,5,8,11,2,7,10,1",82832,1,14,14
"1,4,9,12,3,6,13,2,5,8,11,0,7,10,1",92898,0,4848,2
"1,4,9,12,3,6,13,2,5,8,11,0,7,10,13",92898,0,4848,2
"1,4,9,12,3,10,13,2,7,0,5,8,11,4,9",92898,0,4848,2
"1,4,9,12,5,8,13,2,7,0,3,6,11,4,9",92898,0,4848,2
"1,4,9,12,5,10,13,2,7,0,3,6,11,4,9",92898,0,4848,2
"1,4,9,12,5,10,13,2,7,0,3,8,5,10,13",92898,0,4848,2
"1,4,9,12,5,10,13,2,7,0,3,8,11,4,9",92898,0,4848,2
"1,4,11,0,3,6,9,2,5,8,11,0,7,10,13",92898,0,4848,2
"1,4,11,0,3,6,9,2,7,10,13,0,5,12,1",92898,0,4848,2
"1,4,11,0,3,6,9,2,13,8,11,0,5,10,1",92898,0,4848,2
"1,4,11,0,3,10,13,6,9,12,5,8,1,4,7",92898,0,4848,2
"1,4,11,0,5,8,13,6,9,12,3,10,1,4,7",92898,0,4848,2
"1,4,11,0,5,12,9,6,3,10,7,2,13,8,1",79228,1,14,14
"1,4,11,0,5,12,9,6,13,2,7,0,3,8,11",92898,0,4848,2
"1,4,11,0,7,10,13,6,9,2,5,8,1,4,11",92898,0,4848,2
"1,4,11,0,13,6,9,2,5,10,3,0,7,12,1",92898,0,4848,2
"1,4,11,0,13,6,9,2,7,4,11,0,5,12,9",92898,0,4848,2
"1,4,11,0,13,6,9,2,7,10,3,0,5,12,1",92898,0,4848,2
"1,4,11,2,5,8,13,6,9,0,3,10,1,4,7",92898,0,4848,2
"1,4,11,2,5,8,13,6,9,12,3,10,1,4,7",92898,0,4848,2
"1,4,11,2,5,10,13,6,9,0,3,8,1,4,7",92898,0,4848,2
"1,4,11,6,3,10,7,0,9,12,5,2,13,4,7",92898,0,4848,2
"1,4,11,6,3,10,7,2,9,12,5,0,13,4,7",92898,0,4848,2
"1,4,11,6,3,10,13,8,1,12,5,0,3,10,7",92898,0,4848,2
"1,4,11,6,3,10,13,8,1,12,7,0,3,10,5",92898,0,4848,2
"1,4,11,6,3,12,7,2,9,0,5,10,13,4,11",92898,0,4848,2
"1,4,11,8,3,10,13,6,1,12,5,0,3,10,7",92898,0,4848,2
"1,4,11,8,3,10,13,6,1,12,7,0,3,10,5",92898,0,4848,2
"1,4,11,8,3,12,7,0,13,6,9,2,5,10,1",60140,1,14,14
"1,4,11,8,3,12,7,2,13,6,9,0,5,10,1",87938,0,14,14
"1,4,13,0,5,12,9,6,3,10,7,2,11,8,1",98275,1,14,14
"1,4,13,6,3,10,7,2,9,12,5,0,11,4,7",92898,0,4848,2
"1,4,13,8,3,12,9,6,1,10,5,0,3,12,7",92898,0,4848,2
"1,4,13,8,3,12,9,6,1,10,7,0,3,12,5",92898,0,4848,2
"1,4,13,10,3,6,9,0,5,8,11,2,7,12,1",82816,1,14,14
"1,4,13,10,3,6,9,2,5,8,11,0,7,12,1",94528,0,14,14
"1,6,3,8,13,4,9,12,1,6,11,0,5,10,3",92898,0,4848,2
"1,6,3,8,13,4,9,12,1,6,11,2,7,4,9",92898,0,4848,2
"1,6,9,0,3,8,11,2,5,10,13,4,7,12,1",91327,1,14,14
"1,6,9,0,3,10,13,4,7,12,5,8,11,2,9",92898,0,4848,2
"1,6,9,0,7,10,13,4,11,2,5,8,1,6,9",92898,0,4848,2
"1,6,9,0,7,10,13,4,11,2,5,8,1,6,13",92898,0,4848,2
"1,6,9,2,5,8,11,4,7,12,3,0,13,10,1",83456,0,14,14
"1,6,9,2,5,10,13,4,11,0,3,8,1,6,9",92898,0,4848,2
"1,6,9,2,7,4,13,0,5,12,9,2,7,10,1",92898,0,4848,2
"1,6,9,2,7,4,13,0,5,12,9,2,7,10,3",92898,0,4848,2
"1,6,9,2,7,4,13,0,5,12,9,2,11,8,3",92898,0,4848,2
"1,6,9,2,7,10,13,4,11,0,3,8,1,6,9",92898,0,4848,2
"1,6,9,2,7,10,13,4,11,0,5,8,1,6,9",92898,0,4848,2
"1,6,9,2,13,8,3,12,7,4,11,0,5,10,1",81900,1,14,14
"1,6,9,12,3,8,13,2,5,0,11,4,7,10,13",92898,0,4848,2
"1,6,9,12,3,8,13,4,1,6,11,0,7,10,13",92898,0,4848,2
"1,6,9,12,3,8,13,4,1,6,11,2,7,10,13",92898,0,4848,2
"1,6,9,12,3,10,13,2,7,0,5,8,11,4,9",92898,0,4848,2
"1,6,9,12,3,10,13,4,7,0,5,8,11,2,9",92898,0,4848,2
"1,6,9,12,5,10,13,2,7,0,3,8,5,10,13",92898,0,4848,2
"1,6,9,12,5,10,13,2,7,0,3,8,11,4,9",92898,0,4848,2
"1,6,9,12,5,10,13,4,7,0,3,8,11,2,9",92898,0,4848,2
"1,6,11,0,3,8,13,4,9,6,11,0,7,12,1",92898,0,4848,2
"1,6,11,0,3,8,13,4,9,6,11,2,7,12,1",92898,0,4848,2
"1,6,11,0,5,8,13,2,7,12,3,0,5,10,1",92898,0,4848,2
"1,6,11,0,5,10,3,8,13,2,7,12,1,4,9",92898,0,4848,2
"1,6,11,0,5,10,3,8,13,2,7,12,1,6,11",92898,0,4848,2
"1,6,11,0,5,12,3,8,13,2,7,10,1,4,11",92898,0,4848,2
"1,6,11,0,5,12,3,8,13,2,7,10,1,6,11",92898,0,4848,2
"1,6,11,0,5,12,9,4,13,8,3,0,7,2,11",92898,0,4848,2
"1,6,11,0,7,4,13,8,3,12,9,2,5,10,1",82929,1,14,14
"1,6,11,0,7,10,3,8,13,2,5,12,1,6,11",93709,1,12,12
"1,6,11,0,7,10,13,2,5,12,3,0,7,10,1",92898,0,4848,2
"1,6,11,0,7,12,3,8,13,2,5,10,1,6,11",92898,0,4848,2
"1,6,11,0,7,12,3,8,13,4,9,0,5,10,1",92898,0,4848,2
"1,6,11,2,5,8,13,4,7,10,3,0,9,12,1",82259,0,14,14
"1,6,11,2,5,8,13,4,9,0,11,2,7,12,3",92898,0,4848,2
"1,6,11,2,5,10,3,8,13,0,7,12,1,6,11",102581,0,12,12
"1,6,11,2,5,12,3,8,13,0,7,10,1,6,11",93214,0,12,12
"1,6,11,2,5,12,9,4,13,8,3,0,7,10,1",93360,0,14,14
"1,6,11,2,7,4,9,0,5,10,13,2,7,12,3",92898,0,4848,2
"1,6,11,2,7,10,3,0,9,4,13,8,5,12,1",69780,1,14,14
"1,6,11,2,7,10,3,8,13,0,5,12,1,6,11",104470,0,12,12
"1,6,11,2,7,10,13,4,9,0,5,2,7,12,3",92898,0,4848,2
"1,6,11,2,7,12,3,8,13,0,5,10,1,6,3",92898,0,4848,2
"1,6,11,2,7,12,3,8,13,0,5,10,1,6,11",92898,0,4848,2
"1,6,11,2,7,12,3,8,13,4,9,0,5,10,1",92898,0,4848,2
"1,6,11,2,7,12,9,4,13,0,5,2,7,10,3",92898,0,4848,2
"1,6,11,2,13,4,9,0,5,8,11,2,7,10,3",92898,0,4848,2
"1,6,11,2,13,4,9,0,5,8,11,2,7,12,3",92898,0,4848,2
"1,6,11,4,13,8,3,0,9,2,5,10,13,6,11",92898,0,4848,2
"1,6,11,8,13,4,9,0,3,6,11,2,7,12,9",92898,0,4848,2
"1,6,13,0,3,12,9,4,7,10,5,0,11,2,13",92898,0,4848,2
"1,6,13,0,3,12,9,4,11,8,5,0,7,2,13",92898,0,4848,2
"1,6,13,0,5,10,3,8,11,2,7,12,1,6,13",81309,1,12,12
"1,6,13,0,5,12,3,8,11,2,7,10,1,6,13",92898,0,4848,2
"1,6,13,0,5,12,9,4,11,8,3,0,7,2,13",92898,0,4848,2
"1,6,13,0,7,4,11,8,3,12,9,2,5,10,1",74951,1,14,14
"1,6,13,0,7,10,3,8,11,2,5,12,1,6,9",92898,0,4848,2
"1,6,13,0,7,10,3,8,11,2,5,12,1,6,13",92898,0,4848,2
"1,6,13,0,7,12,3,8,11,2,5,10,1,6,13",80357,1,12,12
"1,6,13,0,7,12,9,2,5,10,3,0,7,12,1",92898,0,4848,2
"1,6,13,2,5,8,11,4,7,10,3,0,9,12,1",82611,0,14,14
"1,6,13,2,5,10,3,8,11,0,7,12,1,4,9",92898,0,4848,2
"1,6,13,2,5,10,3,8,11,0,7,12,1,6,9",92898,0,4848,2
"1,6,13,2,5,10,3,8,11,0,7,12,1,6,13",92898,0,4848,2
"1,6,13,2,5,12,3,8,11,0,7,10,1,6,13",91046,0,12,12
"1,6,13,2,7,4,9,0,5,10,13,2,7,12,3",92898,0,4848,2
"1,6,13,2,7,10,3,8,11,0,5,12,1,4,9",92898,0,4848,2
"1,6,13,2,7,10,3,8,11,0,5,12,1,6,9",92898,0,4848,2
"1,6,13,2,7,10,3,8,11,0,5,12,1,6,13",92898,0,4848,2
"1,6,13,2,7,12,3,8,11,0,5,10,1,6,3",92898,0,4848,2
"1,6,13,2,7,12,3,8,11,0,5,10,1,6,13",92898,0,4848,2
"1,6,13,4,7,10,3,0,11,2,5,12,9,6,13",92898,0,4848,2
"1,6,13,4,7,10,3,8,11,0,5,12,1,6,9",92898,0,4848,2
"1,6,13,4,7,10,3,8,11,0,5,12,1,6,13",92898,0,4848,2
"1,6,13,4,7,10,3,8,11,2,5,12,1,6,9",92898,0,4848,2
"1,6,13,4,7,10,3,8,11,2,5,12,1,6,13",92898,0,4848,2
"1,6,13,10,3,8,11,2,7,0,13,4,9,12,5",92898,0,4848,2
"1,6,13,10,3,8,11,4,1,6,13,0,7,12,9",92898,0,4848,2
"1,6,13,10,3,8,11,4,7,0,13,2,9,12,5",92898,0,4848,2
"1,8,3,0,7,10,5,12,9,2,13,0,7,4,11",92898,0,4848,2
"1,8,3,0,7,10,5,12,9,4,13,0,7,2,11",92898,0,4848,2
"1,8,3,0,9,6,13,10,5,2,11,4,1,8,13",92898,0,4848,2
"1,8,3,0,9,6,13,10,5,2,11,4,1,12,7",92898,0,4848,2
"1,8,3,0,11,4,13,10,5,2,9,6,1,12,7",92898,0,4848,2
"1,8,3,0,11,4,13,10,7,2,9,6,1,12,5",92898,0,4848,2
"1,8,3,0,11,6,13,10,5,2,9,4,1,8,13",92898,0,4848,2
"1,8,3,0,11,6,13,10,5,2,9,4,1,12,7",92898,0,4848,2
"1,8,3,0,11,6,13,10,5,8,3,0,7,2,13",92898,0,4848,2
"1,8,3,0,11,6,13,10,7,2,9,4,1,12,5",92898,0,4848,2
"1,8,3,0,13,10,5,12,9,6,3,0,7,4,1",92898,0,4848,2
"1,8,3,6,13,10,5,12,1,8,3,0,7,10,5",92898,0,4848,2
"1,8,5,0,9,4,13,10,3,6,11,2,7,12,1",69619,1,14,14
"1,8,5,0,11,4,13,10,7,2,9,6,1,12,5",92898,0,4848,2
"1,8,5,0,11,4,13,10,7,2,9,6,3,12,5",92898,0,4848,2
"1,8,5,0,11,6,13,10,7,2,9,4,1,12,5",92898,0,4848,2
"1,8,5,2,9,6,13,10,7,0,11,4,1,12,5",92898,0,4848,2
"1,8,5,2,11,4,13,10,7,0,9,6,1,12,5",92898,0,4848,2
"1,8,5,2,11,4,13,10,7,0,9,6,3,12,5",92898,0,4848,2
"1,8,5,2,13,10,3,0,11,8,5,12,9,6,3",92898,0,4848,2
"1,8,5,12,3,6,13,10,1,8,11,0,3,6,13",92898,0,4848,2
"1,8,5,12,3,6,13,10,1,8,11,0,7,4,13",92898,0,4848,2
"1,8,5,12,3,6,13,10,1,8,11,2,7,4,13",92898,0,4848,2
"1,8,5,12,9,6,13,10,3,0,11,4,1,8,5",92898,0,4848,2
"1,8,5,12,9,6,13,10,3,0,11,4,1,8,13",92898,0,4848,2
"1,8,11,0,3,6,13,2,5,8,11,0,7,10,1",92898,0,4848,2
"1,8,11,0,3,6,13,2,5,8,11,0,7,10,13",92898,0,4848,2
"1,8,11,0,3,6,13,2,5,8,11,4,7,10,13",92898,0,4848,2
"1,8,11,0,3,6,13,2,7,12,9,0,5,10,1",92898,0,4848,2
"1,8,11,0,5,10,3,6,13,2,7,12,1,8,11",81381,1,12,12
"1,8,11,0,5,12,3,6,9,2,7,10,1,4,11",92898,0,4848,2
"1,8,11,0,5,12,3,6,9,2,7,10,13,4,11",92898,0,4848,2
"1,8,11,0,5,12,3,6,13,2,7,10,1,4,11",92898,0,4848,2
"1,8,11,0,5,12,3,6,13,2,7,10,1,8,11",92898,0,4848,2
"1,8,11,0,7,4,13,2,5,12,9,0,7,10,3",92898,0,4848,2
"1,8,11,0,7,10,3,6,9,2,5,12,1,4,11",92898,0,4848,2
"1,8,11,0,7,10,3,6,13,2,5,12,1,8,11",92898,0,4848,2
"1,8,11,0,7,12,3,6,13,2,5,10,1,8,11",73677,1,12,12
"1,8,11,0,9,6,13,2,5,12,3,0,7,10,1",92898,0,4848,2
"1,8,11,2,5,10,3,6,9,0,7,12,1,4,11",92898,0,4848,2
"1,8,11,2,5,10,3,6,13,0,7,12,1,8,11",92898,0,4848,2
"1,8,11,2,5,12,3,6,9,0,7,10,1,4,11",92898,0,4848,2
"1,8,11,2,5,12,3,6,9,0,7,10,13,4,11",92898,0,4848,2
"1,8,11,2,5,12,3,6,13,0,7,10,1,8,11",92898,0,4848,2
"1,8,11,2,7,4,13,0,5,12,9,2,7,10,1",92898,0,4848,2
"1,8,11,2,7,4,13,0,5,12,9,2,7,10,3",92898,0,4848,2
"1,8,11,2,7,10,3,6,9,12,5,0,13,4,1",74387,0,14,14
"1,8,11,2,7,10,3,6,13,0,5,12,1,8,11",102268,0,12,12
"1,8,11,2,7,12,3,6,13,0,5,10,1,8,11",81839,1,12,12
"1,8,11,2,7,12,3,6,13,10,5,0,9,4,1",73650,0,14,14
"1,8,11,2,13,10,3,6,9,0,7,12,1,4,11",92898,0,4848,2
"1,8,11,4,7,10,3,6,13,2,5,12,1,8,11",92898,0,4848,2
"1,8,13,0,3,6,11,2,7,10,13,0,5,12,1",92898,0,4848,2
"1,8,13,0,3,6,11,4,7,10,13,2,9,12,1",92898,0,4848,2
"1,8,13,0,5,10,3,6,11,2,7,12,1,8,13",81498,1,12,12
"1,8,13,0,5,12,3,6,9,2,7,10,1,4,11",92898,0,4848,2
"1,8,13,0,5,12,3,6,11,2,7,10,1,8,13",92898,0,4848,2
"1,8,13,0,7,10,3,6,11,2,5,12,1,8,13",92370,0,12,12
"1,8,13,0,7,12,3,6,11,2,5,0,9,4,13",92898,0,4848,2
"1,8,13,0,7,12,3,6,11,2,5,10,1,8,13",92898,0,4848,2
"1,8,13,0,9,6,11,2,5,12,3,0,7,10,1",92898,0,4848,2
"1,8,13,0,9,6,11,4,7,12,3,0,9,2,5",92898,0,4848,2
"1,8,13,0,9,12,5,2,11,6,3,10,7,4,1",84366,0,14,14
"1,8,13,0,11,6,3,10,7,2,13,0,5,12,9",92898,0,4848,2
"1,8,13,2,5,10,3,6,9,0,7,12,1,4,11",92898,0,4848,2
"1,8,13,2,5,10,3,6,11,0,7,12,1,4,9",92898,0,4848,2
"1,8,13,2,5,10,3,6,11,0,7,12,1,8,13",92898,0,4848,2
"1,8,13,2,5,10,3,6,11,8,13,0,9,4,1",92898,0,4848,2
"1,8,13,2,5,12,3,6,9,0,7,10,1,4,11",92898,0,4848,2
"1,8,13,2,5,12,3,6,11,0,7,10,1,4,9",92898,0,4848,2
"1,8,13,2,5,12,3,6,11,0,7,10,1,8,13",92898,0,4848,2
"1,8,13,2,7,10,3,6,9,12,5,0,11,4,1",74436,0,14,14
"1,8,13,2,7,10,3,6,11,0,5,12,1,4,9",92898,0,4848,2
"1,8,13,2,7,10,3,6,11,0,5,12,1,8,13",92898,0,4848,2
"1,8,13,2,7,12,3,6,9,0,5,10,1,12,3",92898,0,4848,2
"1,8,13,2,7,12,3,6,11,0,5,10,1,8,13",92898,0,4848,2
"1,8,13,2,9,6,3,10,7,4,11,0,5,12,1",79966,1,14,14
"1,8,13,2,9,6,11,4,7,0,13,2,9,12,5",92898,0,4848,2
"1,8,13,2,9,12,3,6,11,0,5,10,1,8,13",92898,0,4848,2
"1,8,13,2,9,12,3,6,11,0,7,10,1,8,13",92898,0,4848,2
"1,8,13,2,9,12,5,0,11,6,3,10,7,4,1",64448,1,14,14
"1,8,13,10,3,6,11,2,5,8,13,4,9,0,11",92898,0,4848,2
"1,8,13,10,3,6,11,2,7,0,13,4,9,12,5",92898,0,4848,2
"1,8,13,10,3,6,11,4,1,8,13,0,9,6,11",92898,0,4848,2
"1,8,13,10,3,6,11,4,1,8,13,2,9,6,11",92898,0,4848,2
"1,8,13,10,3,6,11,4,7,0,13,2,9,12,5",92898,0,4848,2
"1,10,3,0,9,6,13,8,5,2,11,4,1,10,7",92898,0,4848,2
"1,10,3,0,9,6,13,8,5,2,11,4,1,12,7",92898,0,4848,2
"1,10,3,0,11,6,13,8,5,2,9,4,1,10,7",92898,0,4848,2
"1,10,3,0,11,6,13,8,5,2,9,4,1,10,13",92898,0,4848,2
"1,10,3,0,11,6,13,8,5,2,9,4,1,12,7",92898,0,4848,2
"1,10,3,12,9,6,13,8,5,0,11,4,1,10,7",92898,0,4848,2
"1,10,3,12,9,6,13,8,5,2,11,4,1,10,7",92898,0,4848,2
"1,10,5,0,3,12,7,2,11,8,5,0,9,4,13",92898,0,4848,2
"1,10,5,0,3,12,7,2,13,8,5,0,11,6,1",92898,0,4848,2
"1,10,5,0,3,12,7,2,13,10,5,0,9,4,7",92898,0,4848,2
"1,10,5,0,9,4,13,8,3,12,7,0,11,6,1",92898,0,4848,2
"1,10,5,0,9,4,13,8,3,12,7,2,11,6,1",92898,0,4848,2
"1,10,5,0,9,6,3,12,7,2,11,0,9,4,13",92898,0,4848,2
"1,10,5,0,9,6,3,12,7,2,13,8,1,10,5",92898,0,4848,2
"1,10,5,0,9,6,13,2,7,12,3,8,11,4,1",69489,1,14,14
"1,10,5,0,9,12,7,2,11,6,3,0,9,4,13",92898,0,4848,2
"1,10,5,0,9,12,7,2,13,6,3,0,11,8,1",92898,0,4848,2
"1,10,5,0,11,4,7,12,3,8,13,2,9,6,1",73616,0,14,14
"1,10,5,0,11,6,3,12,7,2,13,8,1,4,9",92898,0,4848,2
"1,10,5,0,11,6,3,12,7,2,13,8,1,10,5",92898,0,4848,2
"1,10,5,0,11,6,3,12,9,2,13,8,1,4,7",92898,0,4848,2
"1,10,5,0,11,8,3,12,7,2,5,0,9,4,13",92898,0,4848,2
"1,10,5,0,11,8,3,12,7,2,13,6,1,10,5",92898,0,4848,2
"1,10,5,0,11,8,13,2,9,6,3,0,11,4,1",92898,0,4848,2
"1,10,5,0,13,6,3,12,7,2,11,8,1,10,5",97899,1,12,12
"1,10,5,0,13,8,3,12,7,2,11,6,1,4,9",92898,0,4848,2
"1,10,5,0,13,8,3,12,7,2,11,6,1,10,5",92898,0,4848,2
"1,10,5,0,13,8,3,12,7,10,5,0,9,4,1",92898,0,4848,2
"1,10,5,2,9,6,13,0,7,12,3,8,11,4,1",73628,1,14,14
"1,10,5,2,9,12,3,8,11,4,7,0,13,6,1",68349,0,14,14
"1,10,5,2,9,12,3,8,13,4,7,0,11,6,1",68285,0,14,14
"1,10,5,2,11,6,3,12,7,0,13,8,1,4,9",92898,0,4848,2
"1,10,5,2,11,6,3,12,7,0,13,8,1,10,5",92898,0,4848,2
"1,10,5,2,11,8,3,12,7,0,13,6,1,10,5",84454,1,12,12
"1,10,5,2,11,8,3,12,9,6,13,0,7,4,1",84242,1,14,14
"1,10,5,2,13,6,3,12,7,0,11,8,1,10,5",85015,1,12,12
"1,10,5,2,13,8,3,12,7,0,11,6,1,10,5",92898,0,4848,2
"1,10,5,2,13,8,3,12,7,10,5,0,9,4,1",92898,0,4848,2
"1,10,5,8,3,12,7,2,13,10,5,0,9,4,7",92898,0,4848,2
"1,10,7,0,3,8,13,4,9,12,5,2,11,6,1",90867,1,14,14
"1,10,7,0,3,12,5,2,11,6,9,0,13,8,1",92898,0,4848,2
"1,10,7,0,3,12,5,2,13,6,9,0,11,8,1",92898,0,4848,2
"1,10,7,0,3,12,5,2,13,10,7,0,11,6,1",92898,0,4848,2
"1,10,7,0,3,12,5,2,13,10,7,0,11,8,5",92898,0,4848,2
"1,10,7,0,9,6,3,12,5,2,11,8,1,10,7",92898,0,4848,2
"1,10,7,0,9,6,3,12,5,2,13,8,1,10,7",92898,0,4848,2
"1,10,7,0,11,6,3,12,5,2,13,8,1,10,7",92898,0,4848,2
"1,10,7,0,11,6,3,12,9,2,13,8,1,4,7",92898,0,4848,2
"1,10,7,0,11,8,3,12,5,2,13,6,1,10,7",90777,1,12,12
"1,10,7,0,11,8,5,2,13,6,3,0,11,8,1",92898,0,4848,2
"1,10,7,0,11,8,5,2,13,6,3,12,9,4,1",92898,0,4848,2
"1,10,7,0,13,6,3,12,5,2,11,8,1,10,7",92898,0,4848,2
"1,10,7,0,13,8,3,12,5,2,11,6,1,10,7",90874,1,12,12
"1,10,7,0,13,8,5,2,11,6,3,12,9,4,1",84311,0,14,14
"1,10,7,2,9,6,3,12,5,0,11,8,1,10,7",92898,0,4848,2
"1,10,7,2,9,6,3,12,5,0,13,8,1,10,7",92898,0,4848,2
"1,10,7,2,9,12,5,0,13,4,7,2,9,6,1",92898,0,4848,2
"1,10,7,2,9,12,5,0,13,4,7,2,11,8,1",92898,0,4848,2
"1,10,7,2,11,6,3,12,5,0,13,8,1,10,7",92898,0,4848,2
"1,10,7,2,11,8,3,12,5,0,13,6,1,10,7",92898,0,4848,2
"1,10,7,2,11,8,5,0,13,6,3,12,9,4,1",98837,1,14,14
"1,10,7,2,11,8,13,4,9,0,5,2,11,6,3",92898,0,4848,2
"1,10,7,2,13,6,3,12,5,0,11,8,1,10,7",92898,0,4848,2
"1,10,7,2,13,6,3,12,9,4,11,8,5,0,7",92898,0,4848,2
"1,10,7,2,13,8,3,12,5,0,11,6,1,10,7",92898,0,4848,2
"1,10,7,2,13,8,5,0,11,6,3,12,9,4,1",64372,1,14,14
"1,10,7,4,11,6,3,0,9,2,13,8,5,12,7",92898,0,4848,2
"1,10,7,4,11,6,3,12,9,2,13,8,5,0,7",92898,0,4848,2
"1,10,7,4,13,6,3,0,9,2,11,8,5,12,7",92898,0,4848,2
"1,10,7,4,13,6,3,12,9,2,11,8,5,0,7",92898,0,4848,2
"1,10,7,4,13,8,3,12,1,10,5,0,9,6,3",92898,0,4848,2
"1,10,13,0,3,12,7,4,11,8,5,2,9,6,1",87834,1,14,14
"1,10,13,0,7,12,3,6,11,2,5,0,9,4,13",92898,0,4848,2
"1,10,13,0,7,12,5,8,11,2,9,0,3,6,13",92898,0,4848,2
"1,10,13,4,11,8,3,0,7,2,13,6,9,12,5",92898,0,4848,2
"1,10,13,6,3,12,5,8,1,10,7,0,3,12,5",92898,0,4848,2
"1,10,13,6,3,12,7,4,1,10,5,0,9,12,7",92898,0,4848,2
"1,10,13,6,3,12,7,4,1,10,5,0,11,8,13",92898,0,4848,2
"1,10,13,8,3,12,7,4,1,10,5,0,9,12,7",92898,0,4848,2
"1,12,3,8,13,4,7,10,1,6,11,0,5,12,3",92898,0,4848,2
"1,12,3,8,13,4,7,10,1,6,11,2,13,4,9",92898,0,4848,2
"1,12,5,0,3,10,7,2,9,6,13,0,11,4,1",92898,0,4848,2
"1,12,5,0,3,10,7,2,9,12,5,0,11,4,7",92898,0,4848,2
"1,12,5,0,3,10,7,2,9,12,5,0,13,4,7",92898,0,4848,2
"1,12,5,0,3,10,7,2,11,6,13,0,9,4,1",92898,0,4848,2
"1,12,5,0,3,10,7,2,11,8,5,0,9,4,13",92898,0,4848,2
"1,12,5,0,11,4,7,10,3,6,9,2,13,8,1",74444,0,14,14
"1,12,5,0,11,6,3,10,7,2,13,8,1,12,5",92898,0,4848,2
"1,12,5,0,11,6,3,10,7,2,13,8,1,12,9",92898,0,4848,2
"1,12,5,0,11,8,3,10,7,2,5,0,13,4,9",92898,0,4848,2
"1,12,5,0,11,8,3,10,7,2,13,6,1,12,5",92898,0,4848,2
"1,12,5,0,11,8,3,10,7,2,13,6,1,12,9",92898,0,4848,2
"1,12,5,0,11,8,3,10,7,4,13,6,1,12,9",92898,0,4848,2
"1,12,5,0,13,6,3,10,7,2,11,8,1,12,5",76343,1,12,12
"1,12,5,0,13,8,3,10,7,2,11,6,1,12,5",59549,1,12,12
"1,12,5,0,13,10,7,2,9,6,3,0,11,4,1",92898,0,4848,2
"1,12,5,0,13,10,7,2,11,6,3,0,13,8,1",92898,0,4848,2
"1,12,5,2,9,6,3,10,7,0,11,8,1,12,5",92898,0,4848,2
"1,12,5,2,11,6,3,10,7,0,13,8,1,12,5",103193,0,12,12
"1,12,5,2,11,8,3,10,7,0,13,6,1,12,5",92898,0,4848,2
"1,12,5,2,11,8,3,10,7,4,13,6,1,12,9",92898,0,4848,2
"1,12,5,2,13,6,3,10,7,0,11,8,1,12,5",92898,0,4848,2
"1,12,5,2,13,6,3,10,7,4,11,8,1,12,9",92898,0,4848,2
"1,12,5,2,13,8,3,10,7,0,11,6,1,12,5",83663,0,12,12
"1,12,5,2,13,10,7,0,11,8,5,2,9,6,3",92898,0,4848,2
"1,12,5,2,13,10,7,0,11,8,5,2,13,6,3",92898,0,4848,2
"1,12,5,8,13,4,9,0,3,10,7,2,11,6,1",89128,1,14,14
"1,12,5,10,13,6,3,8,1,4,9,0,13,6,11",92898,0,4848,2
"1,12,5,10,13,6,3,8,1,4,11,0,13,6,9",92898,0,4848,2
"1,12,7,0,3,10,5,2,9,6,13,0,11,4,1",92898,0,4848,2
"1,12,7,0,3,10,5,2,9,12,7,0,13,6,1",92898,0,4848,2
"1,12,7,0,3,10,5,2,11,6,13,0,9,4,1",92898,0,4848,2
"1,12,7,0,9,6,3,10,5,2,11,8,1,12,7",92898,0,4848,2
"1,12,7,0,9,6,3,10,5,2,13,8,1,12,7",92898,0,4848,2
"1,12,7,0,9,6,3,10,13,2,11,8,1,4,7",92898,0,4848,2
"1,12,7,0,11,6,3,10,5,2,13,8,1,12,7",92898,0,4848,2
"1,12,7,0,11,6,3,10,5,2,13,8,1,12,9",92898,0,4848,2
"1,12,7,0,11,6,9,4,13,8,3,0,11,6,1",92898,0,4848,2
"1,12,7,0,11,8,3,10,5,2,13,6,1,12,7",92898,0,4848,2
"1,12,7,0,11,8,3,10,5,2,13,6,1,12,9",92898,0,4848,2
"1,12,7,0,11,8,5,2,9,6,3,10,13,4,1",85064,0,14,14
"1,12,7,0,13,6,3,10,5,2,11,8,1,12,7",92898,0,4848,2
"1,12,7,0,13,8,3,10,5,2,11,6,1,12,7",59624,1,12,12
"1,12,7,2,11,6,3,10,5,0,13,8,1,12,7",101516,0,12,12
"1,12,7,2,11,6,3,10,13,4,9,0,5,8,1",83352,1,14,14
"1,12,7,2,11,6,9,4,13,8,3,0,11,6,1",92898,0,4848,2
"1,12,7,2,11,8,3,10,5,0,13,6,1,12,7",101385,0,12,12
"1,12,7,2,11,8,5,0,9,6,3,10,13,4,1",69258,1,14,14
"1,12,7,2,13,6,3,10,5,0,11,8,1,12,7",101342,0,12,12
"1,12,7,2,13,8,3,10,5,0,11,6,1,12,7",92898,0,4848,2
"1,12,7,2,13,8,3,10,5,0,11,6,1,12,9",92898,0,4848,2
"1,12,7,4,11,6,3,0,9,2,13,8,5,12,7",92898,0,4848,2
"1,12,7,4,11,6,3,0,9,2,13,10,5,12,7",92898,0,4848,2
"1,12,7,4,11,8,3,0,9,2,13,10,5,12,7",92898,0,4848,2
"1,12,7,4,13,6,3,0,9,2,11,8,5,12,7",92898,0,4848,2
"1,12,7,4,13,10,5,2,11,8,3,0,9,6,1",80834,1,14,14
"1,12,9,0,3,10,7,4,11,8,5,2,13,6,1",98497,1,14,14
"1,12,9,0,3,10,7,4,13,8,5,2,11,6,1",88957,1,14,14
"1,12,9,2,11,8,3,0,7,4,13,10,5,12,9",92898,0,4848,2
"1,12,9,2,11,8,5,0,7,4,13,10,3,12,9",92898,0,4848,2
"1,12,9,2,13,6,3,0,7,4,11,8,5,12,9",92898,0,4848,2
"1,12,9,2,13,10,7,4,11,0,5,2,13,8,3",92898,0,4848,2
"1,12,9,2,13,10,7,4,11,6,3,0,13,8,1",92898,0,4848,2
"1,12,9,2,13,10,7,4,11,8,5,2,13,6,3",92898,0,4848,2
"1,12,9,4,11,6,3,0,7,2,13,8,5,12,9",92898,0,4848,2
"1,12,9,4,11,6,3,0,7,2,13,10,5,12,9",92898,0,4848,2
"1,12,9,4,11,8,3,0,7,2,13,10,5,12,9",92898,0,4848,2
"1,12,9,4,11,8,5,0,7,2,13,10,3,12,9",92898,0,4848,2
"1,12,9,4,13,8,3,0,7,2,11,6,13,10,5",92898,0,4848,2
"1,12,9,4,13,8,3,6,1,10,5,0,11,8,3",92898,0,4848,2
"1,12,9,4,13,8,3,6,1,10,5,0,13,8,3",92898,0,4848,2
"1,12,9,6,3,10,7,4,1,12,5,0,13,10,7",92898,0,4848,2
"1,12,9,6,3,10,7,4,1,12,5,2,13,10,7",92898,0,4848,2
"1,12,9,6,13,10,7,4,1,8,3,0,13,10,5",92898,0,4848,2
"1,12,9,6,13,10,7,4,1,8,5,2,13,10,3",92898,0,4848,2
"2,5,0,9,4,13,8,11,2,7,10,1,6,13,0",92898,1,4848,2
"2,5,0,9,4,13,10,7,2,11,6,1,4,13,8",92898,1,4848,2
"2,5,0,11,4,7,10,13,2,9,12,1,4,7,0",92898,1,4848,2
"2,5,0,13,4,9,12,7,2,11,6,1,4,9,0",92898,1,4848,2
"2,5,0,13,4,9,12,7,2,11,6,1,10,5,0",92898,1,4848,2
"2,5,8,1,4,7,10,13,6,9,12,1,4,11,0",92898,1,4848,2
"2,5,8,1,4,11,0,3,10,13,6,9,12,5,8",92898,1,4848,2
"2,5,8,1,6,9,0,3,10,13,4,7,12,5,8",92898,1,4848,2
"2,5,8,1,6,9,12,3,10,13,4,7,0,5,8",92898,1,4848,2
"2,5,8,1,6,13,0,3,12,9,4,7,10,5,0",92898,1,4848,2
"2,5,8,11,0,7,10,1,4,9,12,3,6,13,2",92898,1,4848,2
"2,5,8,11,0,7,10,13,2,5,12,1,4,7,10",92898,1,4848,2
"2,5,8,11,0,7,10,13,2,5,12,3,0,7,10",92898,1,4848,2
"2,5,8,11,0,7,12,1,4,13,10,3,6,9,2",94528,1,14,14
"2,5,8,11,4,7,10,3,0,9,12,1,6,13,2",82611,1,14,14
"2,5,8,11,4,7,10,13,2,9,12,1,4,7,0",92898,1,4848,2
"2,5,8,11,4,7,12,3,0,13,10,1,6,9,2",83456,1,14,14
"2,5,8,13,0,7,10,1,4,9,12,3,6,11,2",94783,1,14,14
"2,5,8,13,4,7,10,3,0,9,12,1,6,11,2",82259,1,14,14
"2,5,8,13,4,9,0,11,2,7,12,3,6,9,0",92898,1,4848,2
"2,5,8,13,6,9,0,3,10,1,4,7,12,5,8",92898,1,4848,2
"2,5,8,13,6,9,12,3,10,1,4,7,0,5,8",92898,1,4848,2
"2,5,8,13,6,11,0,3,10,1,4,7,12,5,8",92898,1,4848,2
"2,5,8,13,6,11,0,3,10,1,4,9,12,5,8",92898,1,4848,2
"2,5,10,1,4,7,0,13,6,9,12,3,8,11,2",80415,1,14,14
"2,5,10,1,4,11,8,3,12,7,0,13,6,9,2",60140,0,14,14
"2,5,10,1,6,11,0,7,4,13,8,3,12,9,2",82929,0,14,14
"2,5,10,1,6,11,0,7,12,3,8,13,2,5,10",92898,1,4848,2
"2,5,10,1,6,11,0,7,12,3,8,13,4,9,0",92898,1,4848,2
"2,5,10,1,6,11,8,13,4,9,0,3,6,11,2",92898,1,4848,2
"2,5,10,1,6,13,0,7,4,11,8,3,12,9,2",74951,0,14,14
"2,5,10,1,6,13,0,7,12,3,8,11,2,5,10",80357,0,12,12
"2,5,10,1,8,11,0,7,12,3,6,13,2,5,10",73677,0,12,12
"2,5,10,1,8,13,0,7,12,3,6,11,2,5,0",92898,1,4848,2
"2,5,10,1,8,13,0,7,12,3,6,11,2,5,10",92898,1,4848,2
"2,5,10,3,0,7,12,1,6,13,10,3,8,11,4",92898,1,4848,2
"2,5,10,3,0,7,12,1,8,13,10,3,6,11,2",92898,1,4848,2
"2,5,10,3,0,7,12,1,8,13,10,3,6,11,4",92898,1,4848,2
"2,5,10,3,6,9,0,7,12,1,4,11,2,5,8",92898,1,4848,2
"2,5,10,3,6,9,0,7,12,1,4,11,2,5,10",92898,1,4848,2
"2,5,10,3,6,11,0,7,12,1,4,9,2,5,8",92898,1,4848,2
"2,5,10,3,6,11,0,7,12,1,4,9,2,5,10",92898,1,4848,2
"2,5,10,3,6,11,0,7,12,1,8,13,2,5,10",92898,1,4848,2
"2,5,10,3,6,11,8,13,0,9,4,1,6,11,2",92898,1,4848,2
"2,5,10,3,6,13,0,7,12,1,8,11,2,5,10",92898,1,4848,2
"2,5,10,3,8,11,0,7,12,1,4,9,2,5,10",92898,1,4848,2
"2,5,10,3,8,11,0,7,12,1,6,9,2,5,10",92898,1,4848,2
"2,5,10,3,8,11,0,7,12,1,6,13,2,5,10",92898,1,4848,2
"2,5,10,3,8,13,0,7,12,1,6,11,2,5,10",102581,1,12,12
"2,5,10,13,4,7,12,1,6,9,0,3,8,11,2",91327,0,14,14
"2,5,10,13,4,11,0,3,8,1,6,9,12,5,10",92898,1,4848,2
"2,5,10,13,6,9,0,3,8,1,4,7,12,5,10",92898,1,4848,2
"2,5,10,13,6,11,0,3,8,1,4,7,12,5,10",92898,1,4848,2
"2,5,10,13,6,11,0,3,8,1,4,9,12,5,10",92898,1,4848,2
"2,5,10,13,6,11,0,7,4,1,8,13,2,9,12",92898,1,4848,2
"2,5,12,1,4,7,10,3,6,9,12,1,8,11,0",92898,1,4848,2
"2,5,12,1,4,7,10,3,6,9,12,1,8,13,0",92898,1,4848,2
"2,5,12,1,4,11,0,7,10,13,6,9,2,5,8",92898,1,4848,2
"2,5,12,1,6,9,0,7,10,13,4,11,2,5,8",92898,1,4848,2
"2,5,12,1,6,11,0,7,10,3,8,13,2,5,12",93709,0,12,12
"2,5,12,1,6,13,0,7,10,3,8,11,2,5,12",92898,1,4848,2
"2,5,12,1,8,11,0,7,10,3,6,9,2,5,12",92898,1,4848,2
"2,5,12,1,8,11,0,7,10,3,6,13,2,5,12",92898,1,4848,2
"2,5,12,1,8,13,0,7,10,3,6,11,2,5,12",92370,1,12,12
"2,5,12,3,0,7,10,1,6,9,12,3,8,13,2",92898,1,4848,2
"2,5,12,3,0,7,10,1,6,9,12,3,8,13,4",92898,1,4848,2
"2,5,12,3,0,7,10,1,8,5,12,3,6,13,10",92898,1,4848,2
"2,5,12,3,6,9,0,7,10,1,4,11,2,5,8",92898,1,4848,2
"2,5,12,3,6,9,0,7,10,13,4,11,2,5,8",92898,1,4848,2
"2,5,12,3,6,11,0,7,10,1,4,9,2,5,8",92898,1,4848,2
"2,5,12,3,6,11,0,7,10,1,8,13,2,5,12",92898,1,4848,2
"2,5,12,3,6,13,0,7,10,1,8,11,2,5,12",92898,1,4848,2
"2,5,12,3,8,11,0,7,10,1,6,13,2,5,12",91046,1,12,12
"2,5,12,3,8,13,0,7,10,1,6,11,2,5,12",93214,1,12,12
"2,5,12,9,0,7,10,3,6,11,4,1,8,13,2",92898,1,4848,2
"2,5,12,9,0,13,8,1,4,7,10,3,6,11,2",97572,1,14,14
"2,5,12,9,4,13,8,3,0,7,10,1,6,11,2",93360,1,14,14
"2,5,12,9,6,13,0,7,4,1,8,11,2,13,10",92898,1,4848,2
"2,7,0,3,6,11,4,9,12,1,8,13,2,5,10",92898,1,4848,2
"2,7,0,3,6,11,4,9,12,1,8,13,2,7,10",92898,1,4848,2
"2,7,0,3,8,5,10,13,6,11,0,3,8,1,4",92898,1,4848,2
"2,7,0,3,8,11,4,9,12,1,6,13,2,5,10",92898,1,4848,2
"2,7,0,3,8,11,4,9,12,1,6,13,2,7,4",92898,1,4848,2
"2,7,0,3,8,11,4,9,12,1,6,13,2,7,10",92898,1,4848,2
"2,7,0,3,8,11,4,9,12,5,0,13,2,7,10",92898,1,4848,2
"2,7,0,3,8,11,4,9,12,5,0,13,6,1,10",92898,1,4848,2
"2,7,0,3,8,11,4,13,10,1,6,9,2,7,4",92898,1,4848,2
"2,7,0,3,8,11,4,13,10,5,0,9,2,7,12",92898,1,4848,2
"2,7,0,3,8,13,4,9,12,1,6,11,2,7,4",92898,1,4848,2
"2,7,0,3,8,13,4,9,12,5,0,11,6,1,10",92898,1,4848,2
"2,7,0,5,8,11,4,9,12,1,6,13,2,7,4",92898,1,4848,2
"2,7,0,5,8,11,4,9,12,1,6,13,2,7,10",92898,1,4848,2
"2,7,0,5,8,11,4,9,12,3,0,13,6,1,10",92898,1,4848,2
"2,7,0,5,8,11,4,9,12,3,6,13,2,7,10",92898,1,4848,2
"2,7,0,13,4,9,12,5,10,7,0,3,8,1,12",92898,1,4848,2
"2,7,4,9,0,5,10,13,2,7,12,3,0,5,10",92898,1,4848,2
"2,7,4,9,0,5,10,13,2,7,12,3,8,5,10",92898,1,4848,2
"2,7,4,11,0,5,12,9,2,7,10,3,0,5,12",92898,1,4848,2
"2,7,4,11,0,5,12,9,2,7,10,3,6,13,4",92898,1,4848,2
"2,7,4,11,0,5,12,9,2,13,10,3,0,7,4",92898,1,4848,2
"2,7,4,13,0,5,12,9,2,7,10,1,6,11,4",92898,1,4848,2
"2,7,4,13,0,5,12,9,2,7,10,3,0,5,12",92898,1,4848,2
"2,7,4,13,0,5,12,9,2,7,10,3,6,11,4",92898,1,4848,2
"2,7,4,13,0,5,12,9,2,11,8,3,0,7,4",92898,1,4848,2
"2,7,10,1,4,9,12,3,6,11,0,5,8,13,2",82354,0,14,14
"2,7,10,1,4,9,12,3,6,13,0,5,8,11,2",82832,0,14,14
"2,7,10,1,4,11,0,5,8,13,6,9,12,3,10",92898,1,4848,2
"2,7,10,1,4,11,0,5,12,9,6,13,2,7,0",92898,1,4848,2
"2,7,10,1,6,11,0,5,12,3,8,13,2,7,10",92898,1,4848,2
"2,7,10,1,6,11,0,5,12,9,4,13,8,3,0",92898,1,4848,2
"2,7,10,1,6,11,4,13,8,3,0,9,2,5,10",92898,1,4848,2
"2,7,10,1,6,13,0,3,12,9,4,11,8,5,0",92898,1,4848,2
"2,7,10,1,6,13,0,5,12,3,8,11,2,7,10",92898,1,4848,2
"2,7,10,1,6,13,0,5,12,9,4,11,8,3,0",92898,1,4848,2
"2,7,10,1,8,11,0,5,12,3,6,9,2,7,10",92898,1,4848,2
"2,7,10,1,8,11,0,5,12,3,6,13,2,7,10",92898,1,4848,2
"2,7,10,1,8,13,0,5,12,3,6,9,2,7,10",92898,1,4848,2
"2,7,10,1,8,13,0,5,12,3,6,11,2,7,10",92898,1,4848,2
"2,7,10,3,0,5,12,1,6,13,10,3,8,11,2",92898,1,4848,2
"2,7,10,3,0,5,12,1,6,13,10,3,8,11,4",92898,1,4848,2
"2,7,10,3,0,5,12,1,8,13,10,3,6,11,2",92898,1,4848,2
"2,7,10,3,0,5,12,1,8,13,10,3,6,11,4",92898,1,4848,2
"2,7,10,3,0,9,4,13,8,5,12,1,6,11,2",69780,0,14,14
"2,7,10,3,6,9,12,5,0,11,4,1,8,13,2",74436,1,14,14
"2,7,10,3,6,9,12,5,0,13,4,1,8,11,2",74387,1,14,14
"2,7,10,3,6,11,0,5,12,1,4,9,2,7,10",92898,1,4848,2
"2,7,10,3,6,11,0,5,12,1,8,13,2,7,10",92898,1,4848,2
"2,7,10,3,6,11,0,13,8,1,4,9,2,5,10",92898,1,4848,2
"2,7,10,3,6,11,4,1,8,13,0,9,6,11,2",92898,1,4848,2
"2,7,10,3,6,11,4,1,8,13,0,9,6,11,4",92898,1,4848,2
"2,7,10,3,6,13,0,5,12,1,8,11,2,7,10",102268,1,12,12
"2,7,10,3,6,13,4,1,8,11,0,9,6,13,2",92898,1,4848,2
"2,7,10,3,8,11,0,5,12,1,4,9,2,7,10",92898,1,4848,2
"2,7,10,3,8,11,0,5,12,1,6,9,2,7,10",92898,1,4848,2
"2,7,10,3,8,11,0,5,12,1,6,13,2,7,10",92898,1,4848,2
"2,7,10,3,8,13,0,5,12,1,6,11,2,7,10",104470,1,12,12
"2,7,10,13,0,5,12,1,4,7,10,3,6,9,12",92898,1,4848,2
"2,7,10,13,4,9,0,5,2,7,12,3,8,11,0",92898,1,4848,2
"2,7,10,13,4,11,0,3,8,1,6,9,12,5,10",92898,1,4848,2
"2,7,10,13,4,11,0,5,8,1,6,9,12,3,10",92898,1,4848,2
"2,7,10,13,6,11,0,3,8,1,4,9,12,5,10",92898,1,4848,2
"2,7,10,13,6,11,0,5,8,1,4,9,12,3,10",92898,1,4848,2
"2,7,12,1,4,9,0,5,10,7,12,3,8,13,0",92898,1,4848,2
"2,7,12,1,4,9,0,5,10,7,12,3,8,13,2",92898,1,4848,2
"2,7,12,1,4,9,0,5,10,13,6,11,2,7,0",92898,1,4848,2
"2,7,12,1,4,13,10,3,6,9,0,5,8,11,2",82816,0,14,14
"2,7,12,1,6,11,0,5,10,3,8,13,2,7,12",92898,1,4848,2
"2,7,12,1,6,13,0,5,10,3,8,11,2,7,12",81309,0,12,12
"2,7,12,1,8,5,0,9,4,13,10,3,6,11,2",69619,0,14,14
"2,7,12,1,8,11,0,5,10,3,6,13,2,7,12",81381,0,12,12
"2,7,12,1,8,13,0,5,10,3,6,11,2,7,12",81498,0,12,12
"2,7,12,3,0,5,10,1,6,9,12,3,8,13,4",92898,1,4848,2
"2,7,12,3,6,9,0,5,10,1,12,3,8,13,4",92898,1,4848,2
"2,7,12,3,6,11,0,5,10,1,8,13,2,7,12",92898,1,4848,2
"2,7,12,3,6,11,4,1,8,13,0,9,6,11,2",92898,1,4848,2
"2,7,12,3,6,11,4,1,8,13,0,9,6,11,4",92898,1,4848,2
"2,7,12,3,6,13,0,5,10,1,8,11,2,7,12",81839,0,12,12
"2,7,12,3,6,13,10,5,0,9,4,1,8,11,2",73650,1,14,14
"2,7,12,3,8,5,10,1,6,11,0,3,8,13,4",92898,1,4848,2
"2,7,12,3,8,11,0,5,10,1,6,3,8,13,4",92898,1,4848,2
"2,7,12,3,8,11,0,5,10,1,6,13,2,7,12",92898,1,4848,2
"2,7,12,3,8,11,4,1,10,5,0,9,6,13,2",69489,0,14,14
"2,7,12,3,8,13,0,5,10,1,6,3,8,13,4",92898,1,4848,2
"2,7,12,3,8,13,0,5,10,1,6,11,2,7,12",92898,1,4848,2
"2,7,12,3,8,13,4,9,0,5,10,1,6,11,2",92898,1,4848,2
"2,7,12,3,8,13,4,9,0,5,10,1,6,13,2",92898,1,4848,2
"2,7,12,9,0,5,10,1,4,7,12,3,6,13,10",92898,1,4848,2
"2,7,12,9,0,5,10,1,4,7,12,3,8,13,10",92898,1,4848,2
"2,7,12,9,4,13,0,5,2,7,10,3,8,11,0",92898,1,4848,2
"2,9,0,3,6,11,4,7,10,1,8,13,2,5,12",92898,1,4848,2
"2,9,0,3,6,11,4,7,12,1,8,13,2,5,10",92898,1,4848,2
"2,9,0,3,6,13,4,7,10,1,8,11,2,5,12",92898,1,4848,2
"2,9,0,3,6,13,4,7,12,1,8,11,2,5,10",92898,1,4848,2
"2,9,0,3,8,11,4,7,12,1,6,13,2,5,10",92898,1,4848,2
"2,9,0,3,8,13,4,11,6,1,10,7,2,9,12",92898,1,4848,2
"2,9,0,3,12,7,4,11,6,9,0,13,8,1,4",92898,1,4848,2
"2,9,0,5,10,13,4,11,8,3,0,7,2,13,6",92898,1,4848,2
"2,9,4,1,8,13,0,7,12,3,6,11,2,5,0",92898,1,4848,2
"2,9,4,1,8,13,0,7,12,3,6,11,2,5,10",92898,1,4848,2
"2,9,4,1,8,13,0,11,6,3,10,7,2,13,0",92898,1,4848,2
"2,9,4,1,10,7,0,11,6,3,12,5,2,13,8",92898,1,4848,2
"2,9,4,1,10,13,0,7,12,3,6,11,2,5,0",92898,1,4848,2
"2,9,4,1,12,5,0,11,6,3,10,7,2,13,8",92898,1,4848,2
"2,9,4,1,12,5,0,11,8,3,10,7,2,5,0",92898,1,4848,2
"2,9,4,1,12,5,0,11,8,3,10,7,2,13,6",92898,1,4848,2
"2,9,4,1,12,7,0,11,6,3,10,5,2,13,8",92898,1,4848,2
"2,9,4,1,12,7,0,11,6,9,4,13,8,3,0",92898,1,4848,2
"2,9,4,1,12,7,0,11,8,3,10,5,2,13,6",92898,1,4848,2
"2,9,6,1,10,5,0,11,4,7,12,3,8,13,2",73616,1,14,14
"2,9,6,1,10,13,0,3,12,7,4,11,8,5,2",87834,0,14,14
"2,9,6,1,10,13,4,11,8,3,0,7,2,13,6",92898,1,4848,2
"2,9,6,1,12,5,0,11,8,3,10,7,2,5,0",92898,1,4848,2
"2,9,6,1,12,5,0,11,8,3,10,7,2,13,6",92898,1,4848,2
"2,9,6,1,12,5,0,11,8,3,10,7,4,13,6",92898,1,4848,2
"2,9,6,1,12,7,0,11,8,3,10,5,2,13,6",92898,1,4848,2
"2,9,6,3,0,11,4,1,12,9,6,13,10,7,4",92898,1,4848,2
"2,9,6,3,10,7,0,11,8,1,12,5,2,13,6",92898,1,4848,2
"2,9,6,3,10,7,4,11,0,5,12,1,8,13,2",79966,0,14,14
"2,9,6,3,10,13,4,1,12,7,0,11,8,5,2",85064,1,14,14
"2,9,6,3,12,5,0,11,8,1,10,7,2,13,6",92898,1,4848,2
"2,9,6,3,12,5,0,11,8,1,10,7,4,13,6",92898,1,4848,2
"2,9,6,3,12,5,0,13,8,1,10,7,2,11,6",92898,1,4848,2
"2,9,6,3,12,5,0,13,8,1,10,7,4,11,6",92898,1,4848,2
"2,9,6,11,4,7,0,13,2,9,12,5,10,7,0",92898,1,4848,2
"2,9,6,13,0,7,12,3,8,11,4,1,10,5,2",73628,0,14,14
"2,9,6,13,0,11,4,1,8,3,6,13,10,5,12",92898,1,4848,2
"2,9,6,13,10,7,0,11,4,1,12,5,2,9,6",92898,1,4848,2
"2,9,12,1,4,7,0,3,6,9,12,5,8,11,0",92898,1,4848,2
"2,9,12,1,4,7,0,3,6,9,12,5,10,13,0",92898,1,4848,2
"2,9,12,1,6,13,4,7,10,3,0,11,2,5,12",92898,1,4848,2
"2,9,12,1,6,13,4,7,10,3,8,11,0,5,12",92898,1,4848,2
"2,9,12,1,6,13,4,7,10,3,8,11,2,5,12",92898,1,4848,2
"2,9,12,1,8,11,4,7,10,3,6,13,2,5,12",92898,1,4848,2
"2,9,12,3,6,11,0,5,10,1,8,13,2,7,12",92898,1,4848,2
"2,9,12,3,6,11,0,7,10,1,8,13,2,5,12",92898,1,4848,2
"2,9,12,3,6,11,4,7,10,1,8,13,0,5,12",92898,1,4848,2
"2,9,12,3,6,11,4,7,10,1,8,13,2,5,12",92898,1,4848,2
"2,9,12,3,6,13,4,7,10,1,8,11,0,5,12",92898,1,4848,2
"2,9,12,3,6,13,4,7,10,1,8,11,2,5,12",92898,1,4848,2
"2,9,12,3,8,11,4,7,0,13,6,1,10,5,2",68349,1,14,14
"2,9,12,3,8,13,4,7,0,11,6,1,10,5,2",68285,1,14,14
"2,9,12,5,0,11,4,7,2,9,6,13,0,11,4",92898,1,4848,2
"2,9,12,5,0,11,6,3,10,7,4,1,8,13,2",64448,0,14,14
"2,9,12,5,0,13,4,7,2,9,6,1,10,13,4",92898,1,4848,2
"2,9,12,5,0,13,4,7,2,11,8,1,10,13,6",92898,1,4848,2
"2,9,12,5,8,11,4,7,0,3,6,13,2,9,12",92898,1,4848,2
"2,9,12,5,10,7,0,3,8,1,12,5,10,13,6",92898,1,4848,2
"2,9,12,7,0,13,6,1,4,11,8,3,10,13,6",92898,1,4848,2
"2,11,0,3,10,7,4,13,6,1,12,9,2,11,8",92898,1,4848,2
"2,11,0,5,10,7,4,9,12,3,0,13,6,1,8",92898,1,4848,2
"2,11,0,9,4,13,8,5,2,11,6,1,10,13,8",92898,1,4848,2
"2,11,0,9,4,13,8,5,2,11,6,3,10,13,8",92898,1,4848,2
"2,11,4,1,8,13,0,9,6,11,4,7,12,3,0",92898,1,4848,2
"2,11,4,1,10,7,0,9,6,3,12,5,2,11,8",92898,1,4848,2
"2,11,4,1,10,7,0,9,6,3,12,5,2,13,8",92898,1,4848,2
"2,11,4,1,12,7,0,9,6,3,10,5,2,11,8",92898,1,4848,2
"2,11,4,1,12,7,0,9,6,3,10,5,2,13,8",92898,1,4848,2
"2,11,4,1,12,7,0,9,6,3,10,13,2,11,8",92898,1,4848,2
"2,11,4,13,10,7,0,9,6,1,12,5,2,11,8",92898,1,4848,2
"2,11,4,13,10,7,0,9,6,3,12,5,2,11,8",92898,1,4848,2
"2,11,6,1,4,9,0,13,8,11,6,3,10,5,2",92898,1,4848,2
"2,11,6,1,4,13,8,3,12,9,6,1,10,5,0",92898,1,4848,2
"2,11,6,1,4,13,8,3,12,9,6,1,10,7,0",92898,1,4848,2
"2,11,6,1,10,5,0,9,4,13,8,3,12,7,0",92898,1,4848,2
"2,11,6,1,10,5,0,9,4,13,8,3,12,7,2",92898,1,4848,2
"2,11,6,1,10,5,0,13,8,3,12,7,2,11,6",92898,1,4848,2
"2,11,6,1,10,5,0,13,8,3,12,7,10,5,0",92898,1,4848,2
"2,11,6,1,10,7,0,3,8,13,4,9,12,5,2",90867,0,14,14
"2,11,6,1,10,7,0,13,8,3,12,5,2,11,6",90874,0,12,12
"2,11,6,1,10,7,4,13,8,3,12,1,10,5,0",92898,1,4848,2
"2,11,6,1,10,13,8,3,12,7,4,1,10,5,0",92898,1,4848,2
"2,11,6,1,12,5,0,13,8,3,10,7,2,11,6",59549,0,12,12
"2,11,6,1,12,5,8,13,4,9,0,3,10,7,2",89128,0,14,14
"2,11,6,1,12,7,0,13,8,3,10,5,2,11,6",59624,0,12,12
"2,11,6,1,12,9,0,3,10,7,4,13,8,5,2",88957,0,14,14
"2,11,6,1,12,9,4,13,8,3,0,7,2,11,6",92898,1,4848,2
"2,11,6,1,12,9,4,13,8,3,6,1,10,5,0",92898,1,4848,2
"2,11,6,3,0,9,4,13,8,11,6,1,10,5,2",92898,1,4848,2
"2,11,6,3,0,13,8,1,12,9,6,3,10,7,4",92898,1,4848,2
"2,11,6,3,10,5,0,13,8,1,12,7,2,11,6",101516,1,12,12
"2,11,6,3,10,7,0,13,8,1,12,5,2,11,6",103193,1,12,12
"2,11,6,3,10,7,4,1,8,13,0,9,12,5,2",84366,1,14,14
"2,11,6,3,10,13,4,9,0,5,8,1,12,7,2",83352,0,14,14
"2,11,6,3,10,13,8,1,12,5,0,3,10,7,2",92898,1,4848,2
"2,11,6,3,10,13,8,1,12,7,0,3,10,5,2",92898,1,4848,2
"2,11,6,3,12,5,0,13,8,1,10,7,2,11,6",92898,1,4848,2
"2,11,6,3,12,5,0,13,8,1,10,7,4,11,6",92898,1,4848,2
"2,11,6,3,12,7,0,13,8,1,4,9,2,5,10",92898,1,4848,2
"2,11,6,3,12,7,0,13,8,1,10,5,2,11,6",92898,1,4848,2
"2,11,6,3,12,7,0,13,10,1,4,9,2,5,8",92898,1,4848,2
"2,11,6,3,12,9,4,1,10,7,0,13,8,5,2",84311,1,14,14
"2,11,6,9,0,13,8,1,4,11,6,3,10,7,2",92898,1,4848,2
"2,11,6,9,0,13,8,1,4,11,6,3,10,13,8",92898,1,4848,2
"2,11,6,9,0,13,8,1,4,11,6,3,12,7,2",92898,1,4848,2
"2,11,6,9,4,13,8,3,0,11,6,1,10,5,8",92898,1,4848,2
"2,11,6,9,4,13,8,3,0,11,6,1,10,13,8",92898,1,4848,2
"2,11,6,13,0,9,4,1,8,3,6,13,10,5,12",92898,1,4848,2
"2,11,6,13,10,5,0,9,4,1,8,13,2,7,12",92898,1,4848,2
"2,11,6,13,10,5,0,9,4,1,12,7,2,11,6",92898,1,4848,2
"2,11,8,1,4,7,0,13,6,9,12,5,2,11,0",92898,1,4848,2
"2,11,8,1,4,9,0,5,10,13,6,3,12,7,2",97942,1,14,14
"2,11,8,1,4,13,0,5,12,9,6,3,10,7,2",98275,0,14,14
"2,11,8,1,10,5,0,13,6,3,12,7,2,11,8",97899,0,12,12
"2,11,8,1,10,7,0,13,6,3,12,5,2,11,8",92898,1,4848,2
"2,11,8,1,10,7,4,13,6,3,0,9,2,11,8",92898,1,4848,2
"2,11,8,1,10,7,4,13,6,3,12,9,2,11,8",92898,1,4848,2
"2,11,8,1,10,13,6,3,12,5,8,1,10,7,0",92898,1,4848,2
"2,11,8,1,12,5,0,13,6,3,10,7,2,11,8",76343,0,12,12
"2,11,8,1,12,7,0,13,6,3,10,5,2,11,8",92898,1,4848,2
"2,11,8,1,12,7,4,13,6,3,0,9,2,11,8",92898,1,4848,2
"2,11,8,3,0,7,4,13,10,5,12,9,6,1,8",92898,1,4848,2
"2,11,8,3,0,9,6,1,12,7,4,13,10,5,2",80834,0,14,14
"2,11,8,3,10,5,0,13,6,1,12,7,2,11,8",101385,1,12,12
"2,11,8,3,10,7,0,13,6,1,12,5,2,11,8",92898,1,4848,2
"2,11,8,3,10,7,4,13,6,1,12,9,2,11,8",92898,1,4848,2
"2,11,8,3,10,13,6,1,12,5,0,3,10,7,2",92898,1,4848,2
"2,11,8,3,12,5,0,13,6,1,10,7,2,11,8",92898,1,4848,2
"2,11,8,3,12,7,0,13,6,1,10,5,2,11,8",84454,0,12,12
"2,11,8,3,12,9,6,13,0,7,4,1,10,5,2",84242,0,14,14
"2,11,8,5,0,7,4,1,10,3,12,9,6,13,8",92898,1,4848,2
"2,11,8,5,0,7,4,13,10,3,12,9,6,1,8",92898,1,4848,2
"2,11,8,5,0,9,4,13,2,11,6,1,10,7,4",92898,1,4848,2
"2,11,8,5,0,9,6,3,10,13,4,1,12,7,2",69258,0,14,14
"2,11,8,5,0,13,6,3,12,9,4,1,10,7,2",98837,0,14,14
"2,11,8,5,12,7,0,13,10,1,4,9,6,3,8",92898,1,4848,2
"2,11,8,5,12,7,4,1,10,3,0,9,6,13,8",92898,1,4848,2
"2,11,8,5,12,7,4,13,10,3,0,9,6,1,8",92898,1,4848,2
"2,11,8,13,4,9,0,5,2,11,6,3,12,7,0",92898,1,4848,2
"2,13,0,5,12,9,4,11,8,3,0,7,2,13,10",92898,1,4848,2
"2,13,0,7,4,11,6,3,10,13,8,1,12,5,0",92898,1,4848,2
"2,13,0,7,4,11,6,9,2,13,8,1,4,11,0",92898,1,4848,2
"2,13,0,7,4,11,6,9,2,13,8,1,4,11,6",92898,1,4848,2
"2,13,0,7,4,11,8,3,10,13,6,1,12,5,0",92898,1,4848,2
"2,13,4,7,0,11,8,1,10,13,6,3,12,5,8",92898,1,4848,2
"2,13,4,9,0,5,8,11,2,7,10,3,0,5,12",92898,1,4848,2
"2,13,4,9,0,5,8,11,2,7,12,3,0,5,10",92898,1,4848,2
"2,13,6,1,10,5,0,9,4,13,8,3,12,7,0",92898,1,4848,2
"2,13,6,1,10,5,0,9,4,13,8,3,12,7,2",92898,1,4848,2
"2,13,6,1,10,5,0,11,8,3,12,7,2,5,0",92898,1,4848,2
"2,13,6,1,10,5,0,11,8,3,12,7,2,13,6",92898,1,4848,2
"2,13,6,1,10,7,0,11,8,3,12,5,2,13,6",90777,0,12,12
"2,13,6,1,12,5,0,11,8,3,10,7,2,5,0",92898,1,4848,2
"2,13,6,1,12,5,0,11,8,3,10,7,2,13,6",92898,1,4848,2
"2,13,6,1,12,5,0,11,8,3,10,7,4,13,6",92898,1,4848,2
"2,13,6,1,12,7,0,11,8,3,10,5,2,13,6",92898,1,4848,2
"2,13,6,1,12,7,4,11,8,3,0,9,2,13,10",92898,1,4848,2
"2,13,6,1,12,9,0,3,10,7,4,11,8,5,2",98497,0,14,14
"2,13,6,1,12,9,4,11,8,3,0,7,2,13,10",92898,1,4848,2
"2,13,6,1,12,9,4,11,8,5,0,7,2,13,10",92898,1,4848,2
"2,13,6,3,0,7,4,11,8,5,12,9,2,13,10",92898,1,4848,2
"2,13,6,3,0,11,8,1,10,13,6,3,12,5,8",92898,1,4848,2
"2,13,6,3,0,11,8,1,10,13,6,3,12,7,4",92898,1,4848,2
"2,13,6,3,0,11,8,1,12,9,6,3,10,7,4",92898,1,4848,2
"2,13,6,3,10,5,0,11,8,1,12,7,2,13,6",101342,1,12,12
"2,13,6,3,10,7,0,11,8,1,12,5,2,13,6",92898,1,4848,2
"2,13,6,3,10,7,4,11,8,1,12,9,2,13,6",92898,1,4848,2
"2,13,6,3,12,5,0,11,8,1,10,7,2,13,6",92898,1,4848,2
"2,13,6,3,12,5,0,11,8,1,10,7,4,13,6",92898,1,4848,2
"2,13,6,3,12,7,0,11,8,1,10,5,2,13,6",85015,0,12,12
"2,13,6,3,12,9,4,1,10,7,0,11,8,5,2",92898,1,4848,2
"2,13,6,3,12,9,4,11,8,5,0,7,2,13,10",92898,1,4848,2
"2,13,6,9,0,5,10,1,4,11,8,3,12,7,2",87938,1,14,14
"2,13,6,9,0,11,8,1,4,13,6,3,10,7,2",92898,1,4848,2
"2,13,6,9,12,5,0,11,4,1,10,7,2,13,6",92898,1,4848,2
"2,13,6,9,12,5,0,11,4,1,10,7,2,13,8",92898,1,4848,2
"2,13,8,1,4,7,0,11,6,13,10,5,2,9,0",92898,1,4848,2
"2,13,8,1,4,7,10,3,6,11,0,5,12,9,2",92466,0,14,14
"2,13,8,1,4,9,0,5,10,13,6,11,2,7,0",92898,1,4848,2
"2,13,8,1,4,11,0,3,10,13,6,9,12,5,8",92898,1,4848,2
"2,13,8,1,4,11,0,5,12,9,6,3,10,7,2",79228,0,14,14
"2,13,8,1,4,11,6,3,10,7,0,9,12,5,2",92898,1,4848,2
"2,13,8,1,4,11,6,3,10,13,8,1,12,5,0",92898,1,4848,2
"2,13,8,1,4,11,6,3,10,13,8,1,12,7,0",92898,1,4848,2
"2,13,8,1,10,5,0,11,6,3,12,7,2,13,8",92898,1,4848,2
"2,13,8,1,10,5,0,11,6,3,12,9,2,13,8",92898,1,4848,2
"2,13,8,1,10,7,0,11,6,3,12,5,2,13,8",92898,1,4848,2
"2,13,8,1,10,7,0,11,6,3,12,9,2,13,8",92898,1,4848,2
"2,13,8,1,10,7,4,11,6,3,0,9,2,13,8",92898,1,4848,2
"2,13,8,1,10,7,4,11,6,3,12,9,2,13,8",92898,1,4848,2
"2,13,8,1,12,5,0,11,4,7,10,3,6,9,2",74444,1,14,14
"2,13,8,1,12,5,0,11,6,3,10,7,2,13,8",92898,1,4848,2
"2,13,8,1,12,7,0,11,6,3,10,5,2,13,8",92898,1,4848,2
"2,13,8,1,12,7,4,11,6,3,0,9,2,13,8",92898,1,4848,2
"2,13,8,1,12,7,4,11,6,3,0,9,2,13,10",92898,1,4848,2
"2,13,8,1,12,9,4,11,6,3,0,7,2,13,8",92898,1,4848,2
"2,13,8,1,12,9,4,11,6,3,0,7,2,13,10",92898,1,4848,2
"2,13,8,3,6,9,4,1,10,13,0,7,12,5,8",92898,1,4848,2
"2,13,8,3,10,5,0,11,6,1,12,7,2,13,8",92898,1,4848,2
"2,13,8,3,10,5,0,11,6,1,12,9,4,13,8",92898,1,4848,2
"2,13,8,3,10,7,0,11,6,1,12,5,2,13,8",83663,1,12,12
"2,13,8,3,12,5,0,11,6,1,10,7,2,13,8",92898,1,4848,2
"2,13,8,3,12,5,0,11,6,1,10,7,4,13,8",92898,1,4848,2
"2,13,8,3,12,7,0,11,6,1,10,5,2,13,8",92898,1,4848,2
"2,13,8,3,12,7,4,11,0,5,10,1,6,9,2",81900,0,14,14
"2,13,8,3,12,7,10,5,0,9,4,1,12,7,2",92898,1,4848,2
"2,13,8,3,12,9,6,1,10,7,0,3,12,5,2",92898,1,4848,2
"2,13,8,5,0,7,4,1,10,3,12,9,6,13,8",92898,1,4848,2
"2,13,8,5,0,11,6,1,10,13,8,3,12,7,4",92898,1,4848,2
"2,13,8,5,0,11,6,3,12,9,4,1,10,7,2",64372,0,14,14
"2,13,8,5,12,7,4,1,10,3,0,9,6,13,8",92898,1,4848,2
"2,13,8,5,12,7,4,1,10,3,0,11,6,13,8",92898,1,4848,2
"2,13,8,5,12,9,4,1,10,3,0,11,6,13,8",92898,1,4848,2
"2,13,8,11,0,5,10,1,4,7,12,3,6,13,10",92898,1,4848,2
"2,13,10,3,0,7,4,1,8,5,12,9,6,13,10",92898,1,4848,2
"2,13,10,3,0,11,8,5,12,9,6,3,0,7,4",92898,1,4848,2
"2,13,10,3,6,9,0,7,12,1,4,11,2,5,8",92898,1,4848,2
"2,13,10,3,6,9,0,7,12,1,4,11,2,5,10",92898,1,4848,2
"2,13,10,3,12,9,4,1,8,5,0,11,6,13,10",92898,1,4848,2
"2,13,10,3,12,9,6,1,8,5,0,11,4,13,10",92898,1,4848,2
"2,13,10,5,0,9,4,7,2,11,6,1,12,9,4",92898,1,4848,2
"2,13,10,5,0,9,4,7,2,13,6,1,12,9,4",92898,1,4848,2
"2,13,10,5,12,7,4,1,8,3,0,9,6,13,10",92898,1,4848,2
"2,13,10,5,12,7,4,1,8,3,0,11,6,13,10",92898,1,4848,2
"2,13,10,5,12,9,4,1,8,3,0,11,6,13,10",92898,1,4848,2
"2,13,10,5,12,9,6,1,8,3,0,11,4,13,10",92898,1,4848,2
"2,13,10,7,0,11,6,1,4,13,8,3,12,9,6",92898,1,4848,2
"2,13,10,7,0,11,8,5,2,9,6,3,0,11,4",92898,1,4848,2
"2,13,10,7,0,11,8,5,2,13,6,3,0,11,8",92898,1,4848,2
"2,13,10,7,0,11,8,5,2,13,6,3,12,9,4",92898,1,4848,2
"2,13,10,7,4,11,0,5,2,13,8,3,12,9,6",92898,1,4848,2
"2,13,10,7,4,11,6,3,0,13,8,1,12,9,6",92898,1,4848,2
"2,13,10,7,4,11,8,5,2,13,6,3,0,11,8",92898,1,4848,2
"3,0,5,10,1,6,9,12,3,8,13,4,1,6,11",92898,0,4848,2
"3,0,5,12,1,6,13,10,3,8,11,2,7,0,13",92898,0,4848,2
"3,0,5,12,1,6,13,10,3,8,11,4,1,6,13",92898,0,4848,2
"3,0,5,12,1,6,13,10,3,8,11,4,7,0,13",92898,0,4848,2
"3,0,5,12,1,8,13,10,3,6,11,2,7,0,13",92898,0,4848,2
"3,0,5,12,1,8,13,10,3,6,11,4,1,8,13",92898,0,4848,2
"3,0,5,12,1,8,13,10,3,6,11,4,7,0,13",92898,0,4848,2
"3,0,7,2,11,6,13,10,5,0,9,4,1,8,13",92898,0,4848,2
"3,0,7,2,11,6,13,10,5,0,9,4,1,12,7",92898,0,4848,2
"3,0,7,2,13,6,9,12,5,0,11,4,1,10,7",92898,0,4848,2
"3,0,7,2,13,8,5,12,9,4,1,10,3,0,11",92898,0,4848,2
"3,0,7,2,13,10,5,12,9,4,1,8,3,0,11",92898,0,4848,2
"3,0,7,2,13,10,5,12,9,6,1,8,3,0,11",92898,0,4848,2
"3,0,7,4,1,8,5,12,9,6,13,10,3,0,11",92898,0,4848,2
"3,0,7,4,1,12,9,2,13,10,7,4,11,0,5",92898,0,4848,2
"3,0,7,4,1,12,9,2,13,10,7,4,11,6,3",92898,0,4848,2
"3,0,7,4,1,12,9,2,13,10,7,4,11,8,5",92898,0,4848,2
"3,0,7,4,11,8,5,12,9,2,13,10,3,0,7",92898,0,4848,2
"3,0,7,4,13,10,5,12,9,6,1,8,3,0,11",92898,0,4848,2
"3,0,7,10,1,6,9,12,3,8,13,2,5,0,11",92898,0,4848,2
"3,0,7,10,1,6,9,12,3,8,13,4,1,6,11",92898,0,4848,2
"3,0,7,10,1,6,11,2,5,12,9,4,13,8,3",93360,0,14,14
"3,0,7,10,1,8,5,12,3,6,13,10,1,8,11",92898,0,4848,2
"3,0,7,10,5,12,9,2,13,0,7,4,11,6,3",92898,0,4848,2
"3,0,7,10,5,12,9,2,13,0,7,4,11,6,9",92898,0,4848,2
"3,0,7,10,5,12,9,2,13,0,7,4,11,8,3",92898,0,4848,2
"3,0,7,10,5,12,9,4,13,0,7,2,11,6,3",92898,0,4848,2
"3,0,7,10,5,12,9,4,13,0,7,2,11,8,3",92898,0,4848,2
"3,0,7,12,1,6,13,10,3,8,11,4,1,6,13",92898,0,4848,2
"3,0,7,12,1,8,13,10,3,6,11,2,5,8,13",92898,0,4848,2
"3,0,7,12,1,8,13,10,3,6,11,4,1,8,13",92898,0,4848,2
"3,0,9,2,5,10,13,6,11,0,7,4,1,8,13",92898,0,4848,2
"3,0,9,2,11,8,5,12,7,0,13,10,1,4,9",92898,0,4848,2
"3,0,9,2,11,8,5,12,7,4,1,10,3,0,9",92898,0,4848,2
"3,0,9,2,11,8,5,12,7,4,13,10,3,0,9",92898,0,4848,2
"3,0,9,2,13,8,5,12,7,4,1,10,3,0,9",92898,0,4848,2
"3,0,9,2,13,8,5,12,7,4,1,10,3,0,11",92898,0,4848,2
"3,0,9,2,13,10,5,12,7,4,1,8,3,0,9",92898,0,4848,2
"3,0,9,2,13,10,5,12,7,4,1,8,3,0,11",92898,0,4848,2
"3,0,9,4,13,8,5,12,1,6,11,2,7,10,3",69780,1,14,14
"3,0,9,4,13,8,11,6,1,10,5,2,13,8,3",92898,0,4848,2
"3,0,9,6,1,8,5,2,11,4,13,10,7,0,9",92898,0,4848,2
"3,0,9,6,1,12,7,4,13,10,5,2,11,8,3",80834,1,14,14
"3,0,9,6,13,8,5,2,11,4,1,10,7,0,9",92898,0,4848,2
"3,0,9,6,13,8,5,2,11,4,1,12,7,0,9",92898,0,4848,2
"3,0,9,6,13,10,5,2,11,4,1,8,13,0,9",92898,0,4848,2
"3,0,9,6,13,10,5,2,11,4,1,12,7,0,9",92898,0,4848,2
"3,0,9,12,1,6,11,2,5,8,13,4,7,10,3",82259,0,14,14
"3,0,9,12,1,6,13,2,5,8,11,4,7,10,3",82611,0,14,14
"3,0,11,2,5,12,9,6,13,0,7,4,1,8,11",92898,0,4848,2
"3,0,11,4,1,8,5,2,9,6,13,10,7,0,11",92898,0,4848,2
"3,0,11,4,1,8,13,2,9,6,11,4,7,0,13",92898,0,4848,2
"3,0,11,4,1,12,9,6,13,10,7,4,1,8,3",92898,0,4848,2
"3,0,11,4,1,12,9,6,13,10,7,4,1,8,5",92898,0,4848,2
"3,0,11,4,13,10,5,2,9,6,1,12,7,0,11",92898,0,4848,2
"3,0,11,4,13,10,7,2,9,6,1,12,5,0,11",92898,0,4848,2
"3,0,11,6,1,10,5,8,3,12,7,2,13,10,5",92898,0,4848,2
"3,0,11,6,1,10,13,8,3,12,7,4,1,10,5",92898,0,4848,2
"3,0,11,6,13,8,5,2,9,4,1,10,7,0,11",92898,0,4848,2
"3,0,11,6,13,8,5,2,9,4,1,10,13,0,7",92898,0,4848,2
"3,0,11,6,13,8,5,2,9,4,1,12,7,0,11",92898,0,4848,2
"3,0,11,6,13,10,5,2,9,4,1,8,13,0,7",92898,0,4848,2
"3,0,11,6,13,10,5,2,9,4,1,8,13,0,11",92898,0,4848,2
"3,0,11,6,13,10,5,2,9,4,1,12,7,0,11",92898,0,4848,2
"3,0,11,6,13,10,5,8,3,0,7,2,13,10,5",92898,0,4848,2
"3,0,11,6,13,10,7,2,9,4,1,12,5,0,11",92898,0,4848,2
"3,0,11,8,1,10,13,6,3,12,5,8,1,10,7",92898,0,4848,2
"3,0,11,8,1,10,13,6,3,12,7,4,1,10,5",92898,0,4848,2
"3,0,11,8,1,12,9,6,3,10,7,4,1,12,5",92898,0,4848,2
"3,0,11,8,5,12,9,6,3,0,7,4,1,12,9",92898,0,4848,2
"3,0,13,6,1,8,5,2,11,4,13,10,7,0,9",92898,0,4848,2
"3,0,13,6,1,10,7,2,11,8,13,4,9,0,5",92898,0,4848,2
"3,0,13,8,1,12,9,6,3,10,7,4,1,12,5",92898,0,4848,2
"3,0,13,10,1,6,9,2,5,8,11,4,7,12,3",83456,0,14,14
"3,0,13,10,5,12,9,6,3,0,7,4,1,12,9",92898,0,4848,2
"3,6,1,10,5,0,11,8,3,12,7,2,5,0,9",92898,0,4848,2
"3,6,1,10,5,0,11,8,3,12,7,2,13,6,1",92898,0,4848,2
"3,6,1,10,5,0,13,8,3,12,7,2,11,6,1",92898,0,4848,2
"3,6,1,10,5,0,13,8,3,12,7,10,5,0,9",92898,0,4848,2
"3,6,9,0,5,8,11,2,7,12,1,4,13,10,3",82816,1,14,14
"3,6,9,0,5,10,1,12,3,8,13,4,7,10,1",92898,0,4848,2
"3,6,9,0,7,10,1,4,11,2,5,8,13,6,9",92898,0,4848,2
"3,6,9,0,7,10,13,4,11,2,5,8,1,6,9",92898,0,4848,2
"3,6,9,0,7,10,13,4,11,2,5,8,1,6,13",92898,0,4848,2
"3,6,9,0,7,12,1,4,11,2,5,8,13,6,9",92898,0,4848,2
"3,6,9,0,7,12,1,4,11,2,5,10,13,6,9",92898,0,4848,2
"3,6,9,2,5,8,11,0,7,10,13,2,5,12,1",92898,0,4848,2
"3,6,9,2,5,8,11,0,7,10,13,2,5,12,3",92898,0,4848,2
"3,6,9,2,5,8,11,0,7,12,1,4,13,10,3",94528,0,14,14
"3,6,9,2,5,12,1,4,11,0,7,10,13,6,9",92898,0,4848,2
"3,6,9,2,7,10,1,4,11,0,5,8,13,6,9",92898,0,4848,2
"3,6,9,2,7,10,13,0,5,12,1,4,7,10,3",92898,0,4848,2
"3,6,9,2,7,10,13,4,11,0,5,8,1,6,9",92898,0,4848,2
"3,6,9,2,13,8,1,12,5,0,11,4,7,10,3",74444,0,14,14
"3,6,9,2,13,8,11,0,5,10,1,4,7,12,3",92898,0,4848,2
"3,6,9,4,1,10,13,0,7,12,5,8,11,2,9",92898,0,4848,2
"3,6,9,12,1,8,11,0,3,6,13,2,5,8,11",92898,0,4848,2
"3,6,9,12,1,8,13,0,3,6,11,2,7,10,13",92898,0,4848,2
"3,6,9,12,1,8,13,0,3,6,11,4,7,10,13",92898,0,4848,2
"3,6,9,12,5,0,11,4,1,8,13,2,7,10,3",74436,0,14,14
"3,6,9,12,5,0,13,4,1,8,11,2,7,10,3",74387,0,14,14
"3,6,9,12,5,8,11,0,3,10,13,2,5,8,1",92898,0,4848,2
"3,6,9,12,5,10,13,0,3,8,1,4,7,10,13",92898,0,4848,2
"3,6,11,0,5,8,13,2,7,10,1,4,9,12,3",82354,1,14,14
"3,6,11,0,5,10,1,8,13,2,7,12,3,6,9",92898,0,4848,2
"3,6,11,0,5,10,1,8,13,2,7,12,3,6,11",92898,0,4848,2
"3,6,11,0,5,12,1,4,9,2,7,10,13,6,11",92898,0,4848,2
"3,6,11,0,5,12,1,8,13,2,7,10,3,6,11",92898,0,4848,2
"3,6,11,0,5,12,9,2,13,8,1,4,7,10,3",92466,1,14,14
"3,6,11,0,7,10,1,4,9,2,5,8,13,6,11",92898,0,4848,2
"3,6,11,0,7,10,1,8,13,2,5,12,3,6,9",92898,0,4848,2
"3,6,11,0,7,10,1,8,13,2,5,12,3,6,11",92898,0,4848,2
"3,6,11,0,7,12,1,4,9,2,5,8,13,6,11",92898,0,4848,2
"3,6,11,0,7,12,1,4,9,2,5,10,13,6,11",92898,0,4848,2
"3,6,11,0,7,12,1,8,13,2,5,10,3,6,9",92898,0,4848,2
"3,6,11,0,7,12,1,8,13,2,5,10,3,6,11",92898,0,4848,2
"3,6,11,0,13,8,1,4,9,2,5,10,13,6,11",92898,0,4848,2
"3,6,11,2,5,0,9,4,13,8,11,2,7,10,1",92898,0,4848,2
"3,6,11,2,5,8,13,0,7,10,1,4,9,12,3",94783,0,14,14
"3,6,11,2,5,8,13,4,9,0,11,2,7,12,3",92898,0,4848,2
"3,6,11,2,5,10,1,8,13,0,7,12,3,6,11",92898,0,4848,2
"3,6,11,2,5,12,1,8,13,0,7,10,3,6,11",92370,0,12,12
"3,6,11,2,5,12,9,0,13,8,1,4,7,10,3",97572,0,14,14
"3,6,11,2,7,0,13,4,9,12,5,10,7,0,3",92898,0,4848,2
"3,6,11,2,7,10,1,8,13,0,5,12,3,6,9",92898,0,4848,2
"3,6,11,2,7,10,1,8,13,0,5,12,3,6,11",92898,0,4848,2
"3,6,11,2,7,10,13,0,5,12,1,4,7,10,3",92898,0,4848,2
"3,6,11,2,7,12,1,8,5,0,9,4,13,10,3",69619,1,14,14
"3,6,11,2,7,12,1,8,13,0,5,10,3,6,11",81498,1,12,12
"3,6,11,2,7,12,9,0,5,10,1,4,7,12,3",92898,0,4848,2
"3,6,11,4,1,8,13,0,9,6,11,2,5,12,3",92898,0,4848,2
"3,6,11,4,1,8,13,0,9,6,11,4,7,12,3",92898,0,4848,2
"3,6,11,4,1,8,13,2,9,6,11,4,7,0,13",92898,0,4848,2
"3,6,11,4,7,0,13,2,9,12,5,10,7,0,3",92898,0,4848,2
"3,6,11,4,7,10,1,8,13,0,5,12,3,6,9",92898,0,4848,2
"3,6,11,4,7,10,1,8,13,0,5,12,3,6,11",92898,0,4848,2
"3,6,11,4,7,10,1,8,13,2,5,12,3,6,9",92898,0,4848,2
"3,6,11,4,7,10,1,8,13,2,5,12,3,6,11",92898,0,4848,2
"3,6,11,4,7,10,13,2,9,12,1,4,7,0,3",92898,0,4848,2
"3,6,11,4,7,12,1,8,13,2,5,10,3,6,9",92898,0,4848,2
"3,6,11,4,7,12,1,8,13,2,5,10,3,6,11",92898,0,4848,2
"3,6,11,4,9,12,1,8,13,2,5,10,3,6,11",92898,0,4848,2
"3,6,11,4,9,12,1,8,13,2,7,10,3,6,11",92898,0,4848,2
"3,6,11,8,13,0,9,4,1,6,11,2,7,12,3",92898,0,4848,2
"3,6,11,8,13,0,9,4,1,6,11,2,7,12,9",92898,0,4848,2
"3,6,13,0,5,8,11,2,7,10,1,4,9,12,3",82832,1,14,14
"3,6,13,0,5,10,1,8,11,2,7,12,3,6,13",81839,1,12,12
"3,6,13,0,5,12,1,8,11,2,7,10,3,6,13",102268,0,12,12
"3,6,13,0,7,10,1,8,11,2,5,12,3,6,9",92898,0,4848,2
"3,6,13,0,7,10,1,8,11,2,5,12,3,6,13",92898,0,4848,2
"3,6,13,0,7,12,1,8,11,2,5,10,3,6,9",92898,0,4848,2
"3,6,13,0,7,12,1,8,11,2,5,10,3,6,13",92898,0,4848,2
"3,6,13,2,5,8,11,0,7,10,1,4,9,12,3",92898,0,4848,2
"3,6,13,2,5,8,11,0,7,10,13,2,5,12,1",92898,0,4848,2
"3,6,13,2,5,8,11,0,7,10,13,2,5,12,3",92898,0,4848,2
"3,6,13,2,5,8,11,4,7,10,13,2,9,12,1",92898,0,4848,2
"3,6,13,2,5,10,1,8,11,0,7,12,3,6,13",73677,1,12,12
"3,6,13,2,5,12,1,8,11,0,7,10,3,6,9",92898,0,4848,2
"3,6,13,2,5,12,1,8,11,0,7,10,3,6,13",92898,0,4848,2
"3,6,13,2,7,10,1,4,11,0,5,12,9,6,13",92898,0,4848,2
"3,6,13,2,7,10,1,8,11,0,5,12,3,6,9",92898,0,4848,2
"3,6,13,2,7,10,1,8,11,0,5,12,3,6,13",92898,0,4848,2
"3,6,13,2,7,12,1,8,11,0,5,10,3,6,13",81381,1,12,12
"3,6,13,2,7,12,9,0,5,10,1,4,7,12,3",92898,0,4848,2
"3,6,13,2,9,12,1,8,11,4,7,10,3,6,13",92898,0,4848,2
"3,6,13,4,1,8,11,0,9,6,13,2,5,12,3",92898,0,4848,2
"3,6,13,4,7,10,1,8,11,0,5,12,3,6,9",92898,0,4848,2
"3,6,13,4,7,10,1,8,11,0,5,12,3,6,13",92898,0,4848,2
"3,6,13,4,7,10,1,8,11,2,5,12,3,6,9",92898,0,4848,2
"3,6,13,4,7,10,1,8,11,2,5,12,3,6,13",92898,0,4848,2
"3,6,13,4,7,12,1,8,11,2,5,10,3,6,9",92898,0,4848,2
"3,6,13,4,7,12,1,8,11,2,5,10,3,6,13",92898,0,4848,2
"3,6,13,10,1,8,11,0,3,6,13,2,5,8,11",92898,0,4848,2
"3,6,13,10,1,8,11,0,3,6,13,2,7,12,9",92898,0,4848,2
"3,6,13,10,1,8,11,0,7,4,13,2,5,12,9",92898,0,4848,2
"3,6,13,10,1,8,11,2,7,4,13,0,5,12,9",92898,0,4848,2
"3,6,13,10,5,0,9,4,1,8,11,2,7,12,3",73650,0,14,14
"3,6,13,10,5,12,1,8,3,0,7,10,5,12,9",92898,0,4848,2
"3,8,1,4,7,10,13,6,9,12,1,4,11,0,3",92898,0,4848,2
"3,8,1,4,7,12,5,10,13,2,9,0,3,6,11",92898,0,4848,2
"3,8,1,4,7,12,5,10,13,2,9,0,3,8,11",92898,0,4848,2
"3,8,1,4,9,0,13,6,11,2,5,10,3,0,7",92898,0,4848,2
"3,8,1,4,9,0,13,6,11,2,7,10,3,0,5",92898,0,4848,2
"3,8,1,4,9,12,5,10,13,2,7,0,3,6,11",92898,0,4848,2
"3,8,1,4,9,12,5,10,13,2,7,0,3,8,5",92898,0,4848,2
"3,8,1,4,9,12,5,10,13,2,7,0,3,8,11",92898,0,4848,2
"3,8,1,4,11,0,13,6,9,2,5,10,3,0,7",92898,0,4848,2
"3,8,1,4,11,0,13,6,9,2,7,4,11,0,5",92898,0,4848,2
"3,8,1,4,11,0,13,6,9,2,7,10,3,0,5",92898,0,4848,2
"3,8,1,6,9,12,5,10,13,2,7,0,3,8,5",92898,0,4848,2
"3,8,1,6,9,12,5,10,13,2,7,0,3,8,11",92898,0,4848,2
"3,8,1,6,9,12,5,10,13,4,7,0,3,8,11",92898,0,4848,2
"3,8,1,12,5,10,13,6,3,8,1,4,9,0,13",92898,0,4848,2
"3,8,1,12,5,10,13,6,3,8,1,4,11,0,13",92898,0,4848,2
"3,8,5,10,1,6,11,0,3,8,13,4,9,6,11",92898,0,4848,2
"3,8,5,10,13,6,11,0,3,8,1,4,7,12,5",92898,0,4848,2
"3,8,5,10,13,6,11,0,3,8,1,4,9,12,5",92898,0,4848,2
"3,8,11,0,5,10,1,6,3,8,13,4,9,12,1",92898,0,4848,2
"3,8,11,0,5,10,1,6,13,2,7,12,3,8,11",92898,0,4848,2
"3,8,11,0,5,12,1,4,9,2,7,10,13,6,11",92898,0,4848,2
"3,8,11,0,5,12,1,6,9,2,7,10,13,4,11",92898,0,4848,2
"3,8,11,0,5,12,1,6,13,2,7,10,3,8,11",92898,0,4848,2
"3,8,11,0,7,10,1,6,13,2,5,12,3,8,11",91046,0,12,12
"3,8,11,0,7,12,1,4,9,2,5,10,13,6,11",92898,0,4848,2
"3,8,11,0,7,12,1,6,9,2,5,10,13,4,11",92898,0,4848,2
"3,8,11,0,7,12,1,6,13,2,5,10,3,8,11",92898,0,4848,2
"3,8,11,2,5,10,1,4,7,0,13,6,9,12,3",80415,0,14,14
"3,8,11,2,5,10,1,6,13,0,7,12,3,8,11",80357,1,12,12
"3,8,11,2,5,10,13,4,7,12,1,6,9,0,3",91327,1,14,14
"3,8,11,2,5,12,1,6,9,0,7,10,13,4,11",92898,0,4848,2
"3,8,11,2,5,12,1,6,13,0,7,10,3,8,11",92898,0,4848,2
"3,8,11,2,7,0,13,4,9,12,5,10,7,0,3",92898,0,4848,2
"3,8,11,2,7,10,1,6,13,0,5,12,3,8,11",92898,0,4848,2
"3,8,11,2,7,10,1,6,13,0,5,12,9,4,11",92898,0,4848,2
"3,8,11,2,7,12,1,6,13,0,5,10,3,8,11",81309,1,12,12
"3,8,11,2,9,12,1,6,13,4,7,10,3,0,11",92898,0,4848,2
"3,8,11,2,9,12,1,6,13,4,7,10,3,8,11",92898,0,4848,2
"3,8,11,2,9,12,5,0,13,4,7,2,9,6,1",92898,0,4848,2
"3,8,11,4,1,6,13,0,7,12,9,2,5,10,3",92898,0,4848,2
"3,8,11,4,1,10,5,0,9,6,13,2,7,12,3",69489,1,14,14
"3,8,11,4,1,10,5,2,9,6,13,0,7,12,3",73628,1,14,14
"3,8,11,4,7,0,13,2,9,12,5,10,7,0,3",92898,0,4848,2
"3,8,11,4,7,0,13,6,1,10,5,2,9,12,3",68349,0,14,14
"3,8,11,4,7,12,1,6,13,2,5,10,3,8,11",92898,0,4848,2
"3,8,11,4,9,12,1,6,13,2,5,10,3,8,11",92898,0,4848,2
"3,8,11,4,9,12,1,6,13,2,7,4,9,0,5",92898,0,4848,2
"3,8,11,4,9,12,1,6,13,2,7,10,3,8,11",92898,0,4848,2
"3,8,11,4,9,12,5,0,13,2,7,10,3,6,11",92898,0,4848,2
"3,8,11,4,9,12,5,0,13,6,1,10,7,2,11",92898,0,4848,2
"3,8,11,4,13,10,1,6,9,2,7,4,13,0,5",92898,0,4848,2
"3,8,11,4,13,10,5,0,9,2,7,12,3,6,11",92898,0,4848,2
"3,8,13,0,5,10,1,6,3,8,13,4,9,12,1",92898,0,4848,2
"3,8,13,0,5,10,1,6,11,2,7,12,3,8,13",92898,0,4848,2
"3,8,13,0,5,10,1,6,11,2,7,12,9,4,13",92898,0,4848,2
"3,8,13,0,5,12,1,6,11,2,7,10,3,8,13",104470,0,12,12
"3,8,13,0,7,10,1,6,11,2,5,12,3,8,13",93214,0,12,12
"3,8,13,0,7,12,1,6,11,2,5,10,3,8,13",102581,0,12,12
"3,8,13,2,5,0,11,4,7,10,13,2,9,12,1",92898,0,4848,2
"3,8,13,2,5,10,1,6,11,0,7,12,3,8,13",92898,0,4848,2
"3,8,13,2,5,10,1,6,11,8,13,4,9,0,3",92898,0,4848,2
"3,8,13,2,5,12,1,6,11,0,7,10,3,8,13",93709,1,12,12
"3,8,13,2,7,10,1,4,11,0,5,12,9,6,13",92898,0,4848,2
"3,8,13,2,7,10,1,6,11,0,5,12,3,8,13",92898,0,4848,2
"3,8,13,2,7,10,1,6,11,0,5,12,9,4,13",92898,0,4848,2
"3,8,13,2,7,12,1,4,9,0,5,10,7,12,3",92898,0,4848,2
"3,8,13,2,7,12,1,6,11,0,5,10,3,8,13",92898,0,4848,2
"3,8,13,2,9,6,1,10,5,0,11,4,7,12,3",73616,0,14,14
"3,8,13,2,11,0,5,10,7,4,9,12,3,0,13",92898,0,4848,2
"3,8,13,4,1,6,11,0,7,10,13,2,5,12,3",92898,0,4848,2
"3,8,13,4,1,6,11,2,7,10,13,4,9,0,5",92898,0,4848,2
"3,8,13,4,7,0,11,6,1,10,5,2,9,12,3",68285,0,14,14
"3,8,13,4,7,10,1,6,11,0,5,12,3,8,13",92898,0,4848,2
"3,8,13,4,7,10,1,6,11,2,13,4,9,0,5",92898,0,4848,2
"3,8,13,4,9,0,5,10,1,6,11,2,7,12,3",92898,0,4848,2
"3,8,13,4,9,0,5,10,1,6,13,2,7,12,3",92898,0,4848,2
"3,8,13,4,9,6,11,0,7,12,1,4,9,2,5",92898,0,4848,2
"3,8,13,4,9,6,11,2,7,12,1,4,9,0,5",92898,0,4848,2
"3,8,13,4,9,12,1,6,11,0,5,10,3,8,13",92898,0,4848,2
"3,8,13,4,9,12,1,6,11,2,7,4,9,0,5",92898,0,4848,2
"3,8,13,4,9,12,5,0,11,6,1,10,7,2,13",92898,0,4848,2
"3,8,13,4,9,12,5,2,11,6,1,10,7,0,3",90867,1,14,14
"3,8,13,4,11,6,1,10,7,2,9,12,5,0,13",92898,0,4848,2
"3,8,13,10,1,6,11,0,3,8,13,4,9,6,11",92898,0,4848,2
"3,8,13,10,1,6,11,0,5,8,13,2,7,12,3",92898,0,4848,2
"3,8,13,10,1,6,11,2,5,8,13,4,9,0,11",92898,0,4848,2
"3,10,1,4,7,0,5,8,11,2,9,12,3,6,13",92898,0,4848,2
"3,10,1,4,7,0,5,8,13,2,9,12,3,6,11",92898,0,4848,2
"3,10,1,4,7,12,5,8,11,2,9,0,3,6,13",92898,0,4848,2
"3,10,1,4,7,12,5,8,13,2,9,0,3,6,11",92898,0,4848,2
"3,10,1,4,9,12,5,8,13,2,7,0,3,6,11",92898,0,4848,2
"3,10,5,0,11,6,1,12,7,2,13,8,3,10,5",92898,0,4848,2
"3,10,5,0,11,6,1,12,9,4,13,8,3,6,1",92898,0,4848,2
"3,10,5,0,11,8,1,12,7,2,13,6,3,10,5",101342,0,12,12
"3,10,5,0,13,6,1,12,7,2,11,8,3,10,5",101385,0,12,12
"3,10,5,0,13,8,1,12,7,2,11,6,3,10,5",101516,0,12,12
"3,10,5,2,9,6,13,0,11,4,1,8,3,6,13",92898,0,4848,2
"3,10,5,2,9,12,7,0,13,6,1,4,11,8,3",92898,0,4848,2
"3,10,5,2,11,6,1,12,7,0,13,8,3,10,5",59624,1,12,12
"3,10,5,2,11,6,13,0,9,4,1,8,3,6,13",92898,0,4848,2
"3,10,5,2,11,8,1,12,7,0,13,6,3,10,5",92898,0,4848,2
"3,10,5,2,11,8,1,12,7,4,13,6,3,0,9",92898,0,4848,2
"3,10,5,2,13,6,1,12,7,0,11,8,3,10,5",92898,0,4848,2
"3,10,5,2,13,6,1,12,7,4,11,8,3,0,9",92898,0,4848,2
"3,10,5,2,13,6,1,12,9,4,11,8,3,0,7",92898,0,4848,2
"3,10,5,2,13,8,1,12,7,0,11,6,3,10,5",92898,0,4848,2
"3,10,5,2,13,8,1,12,7,4,11,6,3,0,9",92898,0,4848,2
"3,10,5,2,13,8,1,12,9,4,11,6,3,0,7",92898,0,4848,2
"3,10,7,0,9,12,5,2,13,4,7,0,11,8,1",92898,0,4848,2
"3,10,7,0,11,6,1,12,5,2,13,8,3,10,7",83663,0,12,12
"3,10,7,0,11,8,1,12,5,2,13,6,3,10,7",92898,0,4848,2
"3,10,7,0,13,6,1,12,5,2,11,8,3,10,7",92898,0,4848,2
"3,10,7,0,13,8,1,12,5,2,11,6,3,10,7",103193,0,12,12
"3,10,7,2,5,0,13,4,9,12,7,2,11,6,1",92898,0,4848,2
"3,10,7,2,9,6,13,0,11,4,1,8,3,6,13",92898,0,4848,2
"3,10,7,2,9,12,5,0,11,4,7,2,9,6,13",92898,0,4848,2
"3,10,7,2,9,12,5,0,13,4,7,2,9,6,1",92898,0,4848,2
"3,10,7,2,9,12,5,0,13,4,7,2,11,8,1",92898,0,4848,2
"3,10,7,2,11,6,1,12,5,0,13,8,3,10,7",59549,1,12,12
"3,10,7,2,11,6,1,12,5,8,13,4,9,0,3",89128,1,14,14
"3,10,7,2,11,6,13,0,9,4,1,8,3,6,13",92898,0,4848,2
"3,10,7,2,11,8,1,4,13,0,5,12,9,6,3",98275,1,14,14
"3,10,7,2,11,8,1,12,5,0,13,6,3,10,7",76343,1,12,12
"3,10,7,2,11,8,5,0,9,4,13,2,11,6,1",92898,0,4848,2
"3,10,7,2,13,0,5,12,9,4,11,8,3,0,7",92898,0,4848,2
"3,10,7,2,13,6,1,12,5,0,11,8,3,10,7",92898,0,4848,2
"3,10,7,2,13,6,1,12,9,4,11,8,3,0,7",92898,0,4848,2
"3,10,7,2,13,6,1,12,9,4,11,8,5,0,7",92898,0,4848,2
"3,10,7,2,13,8,1,4,11,0,5,12,9,6,3",79228,1,14,14
"3,10,7,2,13,8,1,12,5,0,11,6,3,10,7",92898,0,4848,2
"3,10,7,2,13,8,1,12,9,4,11,6,3,0,7",92898,0,4848,2
"3,10,7,4,1,8,13,0,9,12,5,2,11,6,3",84366,0,14,14
"3,10,7,4,1,8,13,2,9,12,5,0,11,6,3",64448,1,14,14
"3,10,7,4,1,12,5,0,13,10,7,2,9,6,3",92898,0,4848,2
"3,10,7,4,1,12,5,0,13,10,7,2,11,6,3",92898,0,4848,2
"3,10,7,4,1,12,5,2,13,10,7,0,11,8,5",92898,0,4848,2
"3,10,7,4,11,0,5,12,1,8,13,2,9,6,3",79966,1,14,14
"3,10,7,4,11,8,1,12,9,2,13,6,3,0,7",92898,0,4848,2
"3,10,7,4,11,8,5,2,13,6,1,12,9,0,3",98497,1,14,14
"3,10,7,4,13,6,1,12,9,2,11,8,3,0,7",92898,0,4848,2
"3,10,7,4,13,6,1,12,9,2,11,8,5,0,7",92898,0,4848,2
"3,10,7,4,13,8,5,2,11,6,1,12,9,0,3",88957,1,14,14
"3,10,13,2,5,8,1,4,7,10,13,6,9,12,1",92898,0,4848,2
"3,10,13,2,7,0,5,8,11,4,9,12,1,6,13",92898,0,4848,2
"3,10,13,2,7,0,5,8,11,4,9,12,3,0,13",92898,0,4848,2
"3,10,13,2,7,0,5,8,11,4,9,12,3,6,13",92898,0,4848,2
"3,10,13,2,9,12,5,0,11,4,7,2,9,6,13",92898,0,4848,2
"3,10,13,2,9,12,5,8,11,4,7,0,3,6,13",92898,0,4848,2
"3,10,13,2,11,8,1,4,7,0,13,6,9,12,5",92898,0,4848,2
"3,10,13,4,1,12,7,0,11,8,5,2,9,6,3",85064,0,14,14
"3,10,13,4,1,12,7,2,11,8,5,0,9,6,3",69258,1,14,14
"3,10,13,4,7,0,5,8,11,2,9,12,1,6,13",92898,0,4848,2
"3,10,13,4,7,0,5,8,11,2,9,12,3,6,13",92898,0,4848,2
"3,10,13,4,7,12,5,8,11,2,9,0,3,6,13",92898,0,4848,2
"3,10,13,4,9,0,5,8,1,12,7,2,11,6,3",83352,1,14,14
"3,10,13,6,1,12,5,0,3,10,7,2,9,12,5",92898,0,4848,2
"3,10,13,6,1,12,5,0,3,10,7,2,11,8,5",92898,0,4848,2
"3,10,13,6,1,12,7,0,3,10,5,2,9,12,7",92898,0,4848,2
"3,10,13,6,9,12,5,8,1,4,7,0,3,10,13",92898,0,4848,2
"3,10,13,8,1,12,5,0,3,10,7,2,9,6,13",92898,0,4848,2
"3,10,13,8,1,12,5,0,3,10,7,2,9,12,5",92898,0,4848,2
"3,10,13,8,1,12,5,0,3,10,7,2,11,6,13",92898,0,4848,2
"3,10,13,8,1,12,7,0,3,10,5,2,9,6,13",92898,0,4848,2
"3,10,13,8,1,12,7,0,3,10,5,2,9,12,7",92898,0,4848,2
"3,10,13,8,1,12,7,0,3,10,5,2,11,6,13",92898,0,4848,2
"3,12,1,10,5,0,9,6,3,12,7,2,11,0,9",92898,0,4848,2
"3,12,1,10,5,0,9,6,3,12,7,2,13,8,1",92898,0,4848,2
"3,12,5,0,11,6,1,10,7,2,13,8,3,12,5",92898,0,4848,2
"3,12,5,0,11,6,1,10,7,4,13,8,3,12,1",92898,0,4848,2
"3,12,5,0,11,8,1,10,7,2,13,6,3,12,5",92898,0,4848,2
"3,12,5,0,11,8,1,10,7,2,13,6,3,12,9",92898,0,4848,2
"3,12,5,0,11,8,1,10,7,4,13,6,3,12,9",92898,0,4848,2
"3,12,5,0,13,6,1,10,7,2,11,8,3,12,5",92898,0,4848,2
"3,12,5,0,13,6,1,10,7,2,11,8,13,4,9",92898,0,4848,2
"3,12,5,0,13,8,1,10,7,2,11,6,3,12,5",92898,0,4848,2
"3,12,5,0,13,8,1,10,7,4,11,6,3,12,9",92898,0,4848,2
"3,12,5,2,11,6,1,10,7,0,13,8,3,12,5",90874,1,12,12
"3,12,5,2,11,6,9,0,13,8,1,4,11,6,3",92898,0,4848,2
"3,12,5,2,11,8,1,10,7,0,13,6,3,12,5",92898,0,4848,2
"3,12,5,2,11,8,1,10,7,4,13,6,3,0,9",92898,0,4848,2
"3,12,5,2,11,8,1,10,7,4,13,6,3,12,9",92898,0,4848,2
"3,12,5,2,13,6,1,10,7,0,11,8,3,12,5",90777,1,12,12
"3,12,5,2,13,6,9,0,11,8,1,4,13,6,3",92898,0,4848,2
"3,12,5,2,13,8,1,10,7,0,11,6,3,12,5",92898,0,4848,2
"3,12,5,2,13,8,1,10,7,0,11,6,3,12,9",92898,0,4848,2
"3,12,5,2,13,8,1,10,7,4,11,6,3,0,9",92898,0,4848,2
"3,12,5,2,13,8,1,10,7,4,11,6,3,12,9",92898,0,4848,2
"3,12,5,2,13,10,7,0,11,6,1,4,13,8,3",92898,0,4848,2
"3,12,5,2,13,10,7,0,11,8,5,2,9,6,3",92898,0,4848,2
"3,12,5,2,13,10,7,0,11,8,5,2,13,6,3",92898,0,4848,2
"3,12,5,8,1,10,7,0,3,12,5,2,11,6,9",92898,0,4848,2
"3,12,5,8,1,10,7,0,3,12,5,2,13,6,9",92898,0,4848,2
"3,12,5,8,1,10,7,0,3,12,5,2,13,10,7",92898,0,4848,2
"3,12,7,0,11,6,1,10,5,2,13,8,3,12,7",92898,0,4848,2
"3,12,7,0,11,8,1,10,5,2,13,6,3,12,7",85015,1,12,12
"3,12,7,0,13,6,1,10,5,2,11,8,3,12,7",84454,1,12,12
"3,12,7,0,13,6,9,2,5,10,1,4,11,8,3",60140,1,14,14
"3,12,7,0,13,8,1,4,9,2,5,10,13,6,11",92898,0,4848,2
"3,12,7,0,13,8,1,10,5,2,11,6,3,12,7",92898,0,4848,2
"3,12,7,0,13,10,1,4,9,2,5,8,13,6,11",92898,0,4848,2
"3,12,7,2,5,0,9,4,13,10,7,2,11,6,1",92898,0,4848,2
"3,12,7,2,9,0,5,10,13,4,11,8,3,0,7",92898,0,4848,2
"3,12,7,2,11,0,9,4,13,8,5,2,11,6,1",92898,0,4848,2
"3,12,7,2,11,0,9,4,13,8,5,2,11,6,3",92898,0,4848,2
"3,12,7,2,11,6,1,4,9,0,13,8,11,6,3",92898,0,4848,2
"3,12,7,2,11,6,1,10,5,0,9,4,13,8,3",92898,0,4848,2
"3,12,7,2,11,6,1,10,5,0,13,8,3,12,7",92898,0,4848,2
"3,12,7,2,11,8,1,4,9,0,5,10,13,6,3",97942,0,14,14
"3,12,7,2,11,8,1,10,5,0,13,6,3,12,7",97899,1,12,12
"3,12,7,2,11,8,5,0,9,4,13,2,11,6,1",92898,0,4848,2
"3,12,7,2,13,6,1,10,5,0,9,4,13,8,3",92898,0,4848,2
"3,12,7,2,13,6,1,10,5,0,11,8,3,12,7",92898,0,4848,2
"3,12,7,2,13,6,9,0,5,10,1,4,11,8,3",87938,0,14,14
"3,12,7,2,13,8,1,4,9,0,5,10,13,6,11",92898,0,4848,2
"3,12,7,2,13,8,1,10,5,0,11,6,3,12,7",92898,0,4848,2
"3,12,7,2,13,8,1,10,5,0,11,6,3,12,9",92898,0,4848,2
"3,12,7,2,13,8,5,0,11,6,1,10,13,8,3",92898,0,4848,2
"3,12,7,2,13,10,5,0,9,4,7,2,11,6,1",92898,0,4848,2
"3,12,7,2,13,10,5,0,9,4,7,2,13,6,1",92898,0,4848,2
"3,12,7,4,1,10,5,0,9,12,7,2,11,6,3",92898,0,4848,2
"3,12,7,4,1,10,5,0,9,12,7,2,13,6,3",92898,0,4848,2
"3,12,7,4,1,10,5,0,11,8,13,2,9,6,3",92898,0,4848,2
"3,12,7,4,11,0,5,10,1,6,9,2,13,8,3",81900,1,14,14
"3,12,7,4,11,6,9,0,13,8,1,4,11,2,5",92898,0,4848,2
"3,12,7,4,11,6,9,0,13,8,1,4,11,6,3",92898,0,4848,2
"3,12,7,4,11,8,5,2,9,6,1,10,13,0,3",87834,1,14,14
"3,12,7,10,5,0,9,4,1,12,7,2,11,6,9",92898,0,4848,2
"3,12,7,10,5,0,9,4,1,12,7,2,13,8,3",92898,0,4848,2
"3,12,9,2,5,10,1,6,11,0,7,4,13,8,3",82929,1,14,14
"3,12,9,2,5,10,1,6,13,0,7,4,11,8,3",74951,1,14,14
"3,12,9,2,11,8,5,0,7,4,1,10,3,12,9",92898,0,4848,2
"3,12,9,2,11,8,5,0,7,4,13,10,3,12,9",92898,0,4848,2
"3,12,9,2,13,8,1,4,7,0,11,6,13,10,5",92898,0,4848,2
"3,12,9,2,13,8,5,0,7,4,1,10,3,12,9",92898,0,4848,2
"3,12,9,4,1,8,5,0,11,6,13,10,7,2,9",92898,0,4848,2
"3,12,9,4,1,10,7,0,11,8,5,2,13,6,3",92898,0,4848,2
"3,12,9,4,1,10,7,0,13,8,5,2,11,6,3",84311,0,14,14
"3,12,9,4,1,10,7,2,11,8,5,0,13,6,3",98837,1,14,14
"3,12,9,4,1,10,7,2,13,8,5,0,11,6,3",64372,1,14,14
"3,12,9,4,7,10,5,0,11,2,13,8,3,6,9",92898,0,4848,2
"3,12,9,4,11,8,5,0,7,2,13,10,3,12,9",92898,0,4848,2
"3,12,9,6,1,8,5,0,11,4,13,10,7,2,9",92898,0,4848,2
"3,12,9,6,1,8,5,2,11,4,13,10,7,0,9",92898,0,4848,2
"3,12,9,6,1,10,5,0,3,12,7,2,11,8,5",92898,0,4848,2
"3,12,9,6,1,10,5,0,3,12,7,2,13,8,5",92898,0,4848,2
"3,12,9,6,1,10,5,0,3,12,7,2,13,10,5",92898,0,4848,2
"3,12,9,6,1,10,7,0,3,12,5,2,13,10,7",92898,0,4848,2
"3,12,9,6,13,0,7,4,1,10,5,2,11,8,3",84242,1,14,14
"3,12,9,6,13,8,5,0,11,4,1,10,7,2,9",92898,0,4848,2
"3,12,9,6,13,8,5,2,11,4,1,10,7,0,9",92898,0,4848,2
"4,1,6,11,0,7,10,13,2,5,12,3,0,7,10",92898,1,4848,2
"4,1,6,11,2,7,10,13,4,9,0,5,2,7,12",92898,1,4848,2
"4,1,6,11,2,7,12,3,8,13,0,5,10,1,6",92898,1,4848,2
"4,1,6,11,2,7,12,9,4,13,0,5,2,7,10",92898,1,4848,2
"4,1,6,13,0,7,12,9,2,5,10,3,0,7,12",92898,1,4848,2
"4,1,8,3,0,9,6,13,10,5,2,11,4,1,8",92898,1,4848,2
"4,1,8,3,0,9,6,13,10,5,2,11,4,1,12",92898,1,4848,2
"4,1,8,3,0,11,6,13,10,5,2,9,4,1,8",92898,1,4848,2
"4,1,8,3,0,11,6,13,10,5,2,9,4,1,12",92898,1,4848,2
"4,1,8,3,0,11,6,13,10,5,8,3,0,7,2",92898,1,4848,2
"4,1,8,3,0,11,6,13,10,7,2,9,4,1,12",92898,1,4848,2
"4,1,8,3,0,13,10,5,12,9,6,3,0,7,4",92898,1,4848,2
"4,1,8,3,6,13,10,5,12,1,8,3,0,7,10",92898,1,4848,2
"4,1,8,5,0,11,6,13,10,7,2,9,4,1,12",92898,1,4848,2
"4,1,8,5,2,9,6,13,10,7,0,11,4,1,12",92898,1,4848,2
"4,1,8,5,2,13,10,3,0,11,8,5,12,9,6",92898,1,4848,2
"4,1,8,5,12,9,6,13,10,3,0,11,4,1,8",92898,1,4848,2
"4,1,8,11,0,9,6,13,2,5,12,3,0,7,10",92898,1,4848,2
"4,1,8,11,2,7,10,3,6,9,12,5,0,13,4",74387,1,14,14
"4,1,8,11,2,7,12,3,6,13,10,5,0,9,4",73650,1,14,14
"4,1,8,11,2,13,10,3,6,9,0,7,12,1,4",92898,1,4848,2
"4,1,8,13,0,7,12,3,6,11,2,5,0,9,4",92898,1,4848,2
"4,1,8,13,0,7,12,3,6,11,2,5,10,1,8",92898,1,4848,2
"4,1,8,13,0,9,6,11,2,5,12,3,0,7,10",92898,1,4848,2
"4,1,8,13,0,9,6,11,4,7,12,3,0,9,2",92898,1,4848,2
"4,1,8,13,0,9,12,5,2,11,6,3,10,7,4",84366,1,14,14
"4,1,8,13,0,11,6,3,10,7,2,13,0,5,12",92898,1,4848,2
"4,1,8,13,2,7,10,3,6,9,12,5,0,11,4",74436,1,14,14
"4,1,8,13,2,7,12,3,6,11,0,5,10,1,8",92898,1,4848,2
"4,1,8,13,2,9,6,11,4,7,0,13,2,9,12",92898,1,4848,2
"4,1,8,13,2,9,12,3,6,11,0,5,10,1,8",92898,1,4848,2
"4,1,8,13,2,9,12,3,6,11,0,7,10,1,8",92898,1,4848,2
"4,1,8,13,2,9,12,5,0,11,6,3,10,7,4",64448,0,14,14
"4,1,10,3,0,9,6,13,8,5,2,11,4,1,10",92898,1,4848,2
"4,1,10,3,0,9,6,13,8,5,2,11,4,1,12",92898,1,4848,2
"4,1,10,3,0,11,6,13,8,5,2,9,4,1,10",92898,1,4848,2
"4,1,10,3,0,11,6,13,8,5,2,9,4,1,12",92898,1,4848,2
"4,1,10,3,12,9,6,13,8,5,0,11,4,1,10",92898,1,4848,2
"4,1,10,3,12,9,6,13,8,5,2,11,4,1,10",92898,1,4848,2
"4,1,10,5,0,9,6,13,2,7,12,3,8,11,4",69489,0,14,14
"4,1,10,5,0,9,12,7,2,11,6,3,0,9,4",92898,1,4848,2
"4,1,10,5,0,9,12,7,2,13,6,3,0,11,8",92898,1,4848,2
"4,1,10,5,0,11,8,13,2,9,6,3,0,11,4",92898,1,4848,2
"4,1,10,5,2,9,6,13,0,7,12,3,8,11,4",73628,0,14,14
"4,1,10,5,2,11,8,3,12,9,6,13,0,7,4",84242,0,14,14
"4,1,10,7,0,9,6,3,12,5,2,11,8,1,10",92898,1,4848,2
"4,1,10,7,0,9,6,3,12,5,2,13,8,1,10",92898,1,4848,2
"4,1,10,7,0,11,6,3,12,5,2,13,8,1,10",92898,1,4848,2
"4,1,10,7,0,11,8,5,2,13,6,3,0,11,8",92898,1,4848,2
"4,1,10,7,0,11,8,5,2,13,6,3,12,9,4",92898,1,4848,2
"4,1,10,7,0,13,8,5,2,11,6,3,12,9,4",84311,1,14,14
"4,1,10,7,2,9,6,3,12,5,0,11,8,1,10",92898,1,4848,2
"4,1,10,7,2,9,6,3,12,5,0,13,8,1,10",92898,1,4848,2
"4,1,10,7,2,11,8,5,0,13,6,3,12,9,4",98837,0,14,14
"4,1,10,7,2,13,6,3,12,5,0,11,8,1,10",92898,1,4848,2
"4,1,10,7,2,13,8,3,12,5,0,11,6,1,10",92898,1,4848,2
"4,1,10,7,2,13,8,5,0,11,6,3,12,9,4",64372,0,14,14
"4,1,10,13,0,7,12,3,6,11,2,5,0,9,4",92898,1,4848,2
"4,1,10,13,0,7,12,5,8,11,2,9,0,3,6",92898,1,4848,2
"4,1,12,5,0,11,6,3,10,7,2,13,8,1,12",92898,1,4848,2
"4,1,12,5,0,11,8,3,10,7,2,5,0,13,4",92898,1,4848,2
"4,1,12,5,0,11,8,3,10,7,2,13,6,1,12",92898,1,4848,2
"4,1,12,5,0,13,10,7,2,9,6,3,0,11,4",92898,1,4848,2
"4,1,12,5,0,13,10,7,2,11,6,3,0,13,8",92898,1,4848,2
"4,1,12,5,2,9,6,3,10,7,0,11,8,1,12",92898,1,4848,2
"4,1,12,5,2,13,10,7,0,11,8,5,2,9,6",92898,1,4848,2
"4,1,12,5,2,13,10,7,0,11,8,5,2,13,6",92898,1,4848,2
"4,1,12,7,0,9,6,3,10,5,2,11,8,1,12",92898,1,4848,2
"4,1,12,7,0,9,6,3,10,5,2,13,8,1,12",92898,1,4848,2
"4,1,12,7,0,9,6,3,10,13,2,11,8,1,4",92898,1,4848,2
"4,1,12,7,0,11,6,3,10,5,2,13,8,1,12",92898,1,4848,2
"4,1,12,7,0,11,6,9,4,13,8,3,0,11,6",92898,1,4848,2
"4,1,12,7,0,11,8,3,10,5,2,13,6,1,12",92898,1,4848,2
"4,1,12,7,0,11,8,5,2,9,6,3,10,13,4",85064,1,14,14
"4,1,12,7,2,11,6,9,4,13,8,3,0,11,6",92898,1,4848,2
"4,1,12,7,2,11,8,5,0,9,6,3,10,13,4",69258,0,14,14
"4,1,12,7,2,13,8,3,10,5,0,11,6,1,12",92898,1,4848,2
"4,1,12,9,2,13,10,7,4,11,0,5,2,13,8",92898,1,4848,2
"4,1,12,9,2,13,10,7,4,11,6,3,0,13,8",92898,1,4848,2
"4,1,12,9,2,13,10,7,4,11,8,5,2,13,6",92898,1,4848,2
"4,1,12,9,6,13,10,7,4,1,8,3,0,13,10",92898,1,4848,2
"4,1,12,9,6,13,10,7,4,1,8,5,2,13,10",92898,1,4848,2
"4,7,0,3,6,9,12,5,8,11,0,3,10,13,2",92898,1,4848,2
"4,7,0,3,6,9,12,5,10,13,0,3,8,1,4",92898,1,4848,2
"4,7,0,3,6,13,2,9,12,1,8,11,4,7,10",92898,1,4848,2
"4,7,0,3,8,11,2,9,12,1,6,13,4,7,10",92898,1,4848,2
"4,7,0,3,8,11,2,9,12,5,0,13,4,7,2",92898,1,4848,2
"4,7,0,3,10,13,2,9,12,5,0,11,4,7,2",92898,1,4848,2
"4,7,0,3,10,13,2,9,12,5,8,11,4,7,0",92898,1,4848,2
"4,7,0,5,8,11,2,9,12,1,6,13,4,7,10",92898,1,4848,2
"4,7,0,5,8,11,2,9,12,3,6,13,4,7,10",92898,1,4848,2
"4,7,0,5,8,13,2,9,12,3,6,11,4,7,10",92898,1,4848,2
"4,7,0,11,6,1,10,5,2,9,12,3,8,13,4",68285,1,14,14
"4,7,0,11,6,13,10,5,2,9,0,3,8,13,4",92898,1,4848,2
"4,7,0,11,6,13,10,5,2,9,0,3,12,7,4",92898,1,4848,2
"4,7,0,11,8,1,10,13,6,3,12,5,8,1,10",92898,1,4848,2
"4,7,0,13,2,9,12,5,10,7,0,3,8,1,12",92898,1,4848,2
"4,7,0,13,6,1,10,5,2,9,12,3,8,11,4",68349,1,14,14
"4,7,0,13,6,9,12,3,8,11,2,5,10,1,4",80415,1,14,14
"4,7,0,13,6,9,12,5,2,11,0,3,10,7,4",92898,1,4848,2
"4,7,2,9,6,1,10,13,4,11,8,3,0,7,2",92898,1,4848,2
"4,7,2,9,6,13,0,11,4,1,8,3,6,13,10",92898,1,4848,2
"4,7,2,11,6,1,12,9,4,13,8,3,0,7,2",92898,1,4848,2
"4,7,2,11,6,1,12,9,4,13,8,3,6,1,10",92898,1,4848,2
"4,7,2,11,8,1,10,13,6,3,12,5,8,1,10",92898,1,4848,2
"4,7,2,13,6,1,12,9,4,11,8,3,0,7,2",92898,1,4848,2
"4,7,2,13,6,1,12,9,4,11,8,5,0,7,2",92898,1,4848,2
"4,7,10,1,6,11,0,5,12,3,8,13,2,7,10",92898,1,4848,2
"4,7,10,1,6,11,2,13,4,9,0,5,8,11,2",92898,1,4848,2
"4,7,10,1,8,11,0,5,12,3,6,9,2,7,10",92898,1,4848,2
"4,7,10,1,8,11,0,5,12,3,6,13,2,7,10",92898,1,4848,2
"4,7,10,1,8,11,2,5,12,3,6,9,0,7,10",92898,1,4848,2
"4,7,10,1,8,11,2,5,12,3,6,13,0,7,10",92898,1,4848,2
"4,7,10,1,8,13,0,5,12,3,6,9,2,7,10",92898,1,4848,2
"4,7,10,1,8,13,0,5,12,3,6,11,2,7,10",92898,1,4848,2
"4,7,10,1,8,13,2,5,12,3,6,9,0,7,10",92898,1,4848,2
"4,7,10,1,8,13,2,5,12,3,6,11,0,7,10",92898,1,4848,2
"4,7,10,3,0,9,12,1,6,11,2,5,8,13,4",82259,1,14,14
"4,7,10,3,0,9,12,1,6,13,2,5,8,11,4",82611,1,14,14
"4,7,10,3,0,11,2,5,12,9,6,13,0,7,4",92898,1,4848,2
"4,7,10,3,6,9,2,13,8,1,12,5,0,11,4",74444,1,14,14
"4,7,10,3,6,9,12,1,8,11,0,3,6,13,2",92898,1,4848,2
"4,7,10,3,6,9,12,1,8,13,0,3,6,11,2",92898,1,4848,2
"4,7,10,3,6,9,12,1,8,13,0,3,6,11,4",92898,1,4848,2
"4,7,10,3,6,11,0,5,12,9,2,13,8,1,4",92466,0,14,14
"4,7,10,3,6,11,2,5,12,9,0,13,8,1,4",97572,1,14,14
"4,7,10,3,6,13,2,5,12,1,8,11,0,7,10",92898,1,4848,2
"4,7,10,3,8,11,0,5,12,1,6,9,2,7,10",92898,1,4848,2
"4,7,10,3,8,11,0,5,12,1,6,13,2,7,10",92898,1,4848,2
"4,7,10,3,8,11,2,5,12,1,6,9,0,7,10",92898,1,4848,2
"4,7,10,3,8,11,2,5,12,1,6,13,0,7,10",92898,1,4848,2
"4,7,10,5,0,11,2,13,8,3,6,9,4,1,10",92898,1,4848,2
"4,7,10,13,2,9,12,1,4,7,0,3,6,9,12",92898,1,4848,2
"4,7,10,13,6,9,12,1,4,11,0,3,6,9,2",92898,1,4848,2
"4,7,12,1,6,9,0,3,8,11,2,5,10,13,4",91327,0,14,14
"4,7,12,1,6,13,2,5,10,3,8,11,0,7,12",92898,1,4848,2
"4,7,12,1,8,11,2,5,10,3,6,9,0,7,12",92898,1,4848,2
"4,7,12,1,8,11,2,5,10,3,6,13,0,7,12",92898,1,4848,2
"4,7,12,1,8,13,2,5,10,3,6,9,0,7,12",92898,1,4848,2
"4,7,12,1,8,13,2,5,10,3,6,11,0,7,12",92898,1,4848,2
"4,7,12,1,8,13,2,5,10,3,6,11,8,13,0",92898,1,4848,2
"4,7,12,3,0,9,2,5,10,13,6,11,0,7,4",92898,1,4848,2
"4,7,12,3,0,13,10,1,6,9,2,5,8,11,4",83456,1,14,14
"4,7,12,3,6,13,10,1,8,11,0,3,6,13,2",92898,1,4848,2
"4,7,12,3,8,13,2,9,6,1,10,5,0,11,4",73616,1,14,14
"4,7,12,3,8,13,10,1,6,11,0,3,8,13,4",92898,1,4848,2
"4,7,12,3,8,13,10,1,6,11,0,5,8,13,2",92898,1,4848,2
"4,7,12,3,8,13,10,1,6,11,2,5,8,13,4",92898,1,4848,2
"4,7,12,5,8,11,2,9,0,3,6,13,4,7,10",92898,1,4848,2
"4,7,12,5,8,11,2,9,0,3,6,13,4,7,12",92898,1,4848,2
"4,7,12,5,8,13,2,9,0,3,6,11,4,7,10",92898,1,4848,2
"4,7,12,5,8,13,2,9,0,3,6,11,4,7,12",92898,1,4848,2
"4,7,12,5,10,13,2,9,0,3,6,11,4,7,12",92898,1,4848,2
"4,7,12,5,10,13,2,9,0,3,8,11,4,7,12",92898,1,4848,2
"4,9,0,3,6,11,2,7,12,9,0,5,10,1,4",92898,1,4848,2
"4,9,0,3,10,7,2,11,6,1,12,5,8,13,4",89128,0,14,14
"4,9,0,5,2,7,12,3,8,11,0,5,10,1,6",92898,1,4848,2
"4,9,0,5,2,11,6,3,12,7,0,13,8,1,4",92898,1,4848,2
"4,9,0,5,2,11,6,3,12,7,0,13,8,1,10",92898,1,4848,2
"4,9,0,5,2,11,6,3,12,7,0,13,10,1,4",92898,1,4848,2
"4,9,0,5,8,1,12,7,2,11,6,3,10,13,4",83352,0,14,14
"4,9,0,5,8,11,2,7,10,3,0,5,12,1,6",92898,1,4848,2
"4,9,0,5,8,11,2,7,12,3,0,5,10,1,6",92898,1,4848,2
"4,9,0,5,10,1,6,11,2,7,12,3,8,13,0",92898,1,4848,2
"4,9,0,5,10,1,6,11,2,7,12,3,8,13,4",92898,1,4848,2
"4,9,0,5,10,1,6,13,2,7,12,3,8,11,0",92898,1,4848,2
"4,9,0,5,10,7,12,3,8,13,0,5,10,1,6",92898,1,4848,2
"4,9,0,5,10,7,12,3,8,13,2,5,10,1,6",92898,1,4848,2
"4,9,0,5,10,13,2,7,12,3,0,5,10,1,6",92898,1,4848,2
"4,9,0,5,10,13,2,7,12,3,8,5,10,1,6",92898,1,4848,2
"4,9,0,5,10,13,6,3,12,7,2,11,8,1,4",97942,1,14,14
"4,9,0,5,10,13,6,11,2,7,0,3,8,13,4",92898,1,4848,2
"4,9,0,11,2,7,12,3,6,9,0,5,10,1,12",92898,1,4848,2
"4,9,0,13,6,11,2,5,10,3,0,7,12,1,8",92898,1,4848,2
"4,9,0,13,6,11,2,7,10,3,0,5,12,1,8",92898,1,4848,2
"4,9,0,13,8,11,6,3,10,5,2,13,8,1,12",92898,1,4848,2
"4,9,2,5,8,13,6,11,0,3,10,1,4,7,12",92898,1,4848,2
"4,9,2,5,8,13,6,11,0,3,10,1,4,9,12",92898,1,4848,2
"4,9,2,5,10,13,6,11,0,3,8,1,4,7,12",92898,1,4848,2
"4,9,2,5,10,13,6,11,0,3,8,1,4,9,12",92898,1,4848,2
"4,9,2,7,10,13,6,11,0,3,8,1,4,9,12",92898,1,4848,2
"4,9,2,7,10,13,6,11,0,5,8,1,4,9,12",92898,1,4848,2
"4,9,6,3,8,13,2,11,0,5,10,7,4,9,12",92898,1,4848,2
"4,9,6,11,0,7,12,1,4,9,2,5,8,13,6",92898,1,4848,2
"4,9,6,11,0,7,12,1,4,9,2,5,10,13,6",92898,1,4848,2
"4,9,6,11,2,7,12,1,4,9,0,5,10,7,12",92898,1,4848,2
"4,9,6,11,2,7,12,1,4,9,0,5,10,13,6",92898,1,4848,2
"4,9,12,1,6,11,0,5,10,3,8,13,2,7,12",92898,1,4848,2
"4,9,12,1,6,11,2,7,4,9,0,5,10,13,2",92898,1,4848,2
"4,9,12,1,6,13,2,5,10,3,8,11,0,7,12",92898,1,4848,2
"4,9,12,1,6,13,2,7,4,9,0,5,10,13,2",92898,1,4848,2
"4,9,12,1,6,13,2,7,10,3,8,11,0,5,12",92898,1,4848,2
"4,9,12,1,8,13,2,5,10,3,6,11,0,7,12",92898,1,4848,2
"4,9,12,1,8,13,2,5,10,3,6,11,8,13,0",92898,1,4848,2
"4,9,12,1,8,13,2,7,10,3,6,11,0,5,12",92898,1,4848,2
"4,9,12,3,0,13,6,1,8,5,2,11,4,13,10",92898,1,4848,2
"4,9,12,3,0,13,6,1,10,7,2,11,8,13,4",92898,1,4848,2
"4,9,12,3,6,11,0,5,8,13,2,7,10,1,4",82354,0,14,14
"4,9,12,3,6,11,2,5,8,13,0,7,10,1,4",94783,1,14,14
"4,9,12,3,6,13,0,5,8,11,2,7,10,1,4",82832,0,14,14
"4,9,12,3,6,13,2,5,8,11,0,7,10,1,4",92898,1,4848,2
"4,9,12,3,6,13,2,5,8,11,0,7,10,13,2",92898,1,4848,2
"4,9,12,3,6,13,2,7,10,1,8,11,0,5,12",92898,1,4848,2
"4,9,12,3,10,13,2,7,0,5,8,11,4,9,12",92898,1,4848,2
"4,9,12,5,0,11,6,1,10,7,2,13,8,3,12",92898,1,4848,2
"4,9,12,5,0,13,2,7,10,3,6,11,0,13,8",92898,1,4848,2
"4,9,12,5,0,13,6,1,10,7,2,11,8,3,12",92898,1,4848,2
"4,9,12,5,0,13,6,1,10,7,2,11,8,13,4",92898,1,4848,2
"4,9,12,5,2,11,6,1,10,7,0,3,8,13,4",90867,0,14,14
"4,9,12,5,8,13,2,7,0,3,6,11,4,9,12",92898,1,4848,2
"4,9,12,5,10,7,0,3,8,1,12,5,10,13,6",92898,1,4848,2
"4,9,12,5,10,13,2,7,0,3,6,11,4,9,12",92898,1,4848,2
"4,9,12,5,10,13,2,7,0,3,8,5,10,13,6",92898,1,4848,2
"4,9,12,5,10,13,2,7,0,3,8,11,4,9,12",92898,1,4848,2
"4,9,12,7,2,11,6,1,4,9,0,13,8,11,6",92898,1,4848,2
"4,9,12,7,2,11,6,1,10,5,0,13,8,3,12",92898,1,4848,2
"4,11,0,3,6,9,2,5,8,11,0,7,10,13,2",92898,1,4848,2
"4,11,0,3,6,9,2,7,10,13,0,5,12,1,4",92898,1,4848,2
"4,11,0,3,6,9,2,13,8,11,0,5,10,1,4",92898,1,4848,2
"4,11,0,3,8,1,6,9,12,5,10,13,2,7,0",92898,1,4848,2
"4,11,0,3,8,1,6,9,12,5,10,13,4,7,0",92898,1,4848,2
"4,11,0,3,10,13,6,9,12,5,8,1,4,7,0",92898,1,4848,2
"4,11,0,5,2,13,8,3,12,9,6,1,10,7,0",92898,1,4848,2
"4,11,0,5,8,1,6,9,12,3,10,13,2,7,0",92898,1,4848,2
"4,11,0,5,8,1,6,9,12,3,10,13,4,7,0",92898,1,4848,2
"4,11,0,5,8,13,6,9,12,3,10,1,4,7,0",92898,1,4848,2
"4,11,0,5,10,1,6,9,2,13,8,3,12,7,4",81900,0,14,14
"4,11,0,5,12,1,8,13,2,9,6,3,10,7,4",79966,0,14,14
"4,11,0,5,12,9,2,7,10,3,0,5,12,1,6",92898,1,4848,2
"4,11,0,5,12,9,2,7,10,3,0,5,12,1,8",92898,1,4848,2
"4,11,0,5,12,9,2,7,10,3,6,13,4,1,8",92898,1,4848,2
"4,11,0,5,12,9,2,13,10,3,0,7,4,1,8",92898,1,4848,2
"4,11,0,5,12,9,6,3,10,7,2,13,8,1,4",79228,0,14,14
"4,11,0,5,12,9,6,13,2,7,0,3,8,11,4",92898,1,4848,2
"4,11,0,7,10,13,6,9,2,5,8,1,4,11,0",92898,1,4848,2
"4,11,0,13,6,9,2,5,10,3,0,7,12,1,8",92898,1,4848,2
"4,11,0,13,6,9,2,7,4,11,0,5,12,9,2",92898,1,4848,2
"4,11,0,13,6,9,2,7,10,3,0,5,12,1,8",92898,1,4848,2
"4,11,2,5,8,1,6,9,0,3,10,13,4,7,12",92898,1,4848,2
"4,11,2,5,8,1,6,9,12,3,10,13,4,7,0",92898,1,4848,2
"4,11,2,5,8,1,6,13,0,3,12,9,4,7,10",92898,1,4848,2
"4,11,2,5,8,13,6,9,0,3,10,1,4,7,12",92898,1,4848,2
"4,11,2,5,8,13,6,9,12,3,10,1,4,7,0",92898,1,4848,2
"4,11,2,5,10,13,6,9,0,3,8,1,4,7,12",92898,1,4848,2
"4,11,6,1,10,7,2,9,12,5,0,13,4,7,2",92898,1,4848,2
"4,11,6,3,0,7,2,13,8,5,12,9,4,1,10",92898,1,4848,2
"4,11,6,3,0,7,2,13,10,5,12,9,4,1,8",92898,1,4848,2
"4,11,6,3,0,9,2,13,8,5,12,7,4,1,10",92898,1,4848,2
"4,11,6,3,0,9,2,13,10,5,12,7,4,1,8",92898,1,4848,2
"4,11,6,3,0,13,8,1,12,9,6,3,10,7,4",92898,1,4848,2
"4,11,6,3,10,7,0,9,12,5,2,13,4,7,0",92898,1,4848,2
"4,11,6,3,10,7,2,9,12,5,0,13,4,7,2",92898,1,4848,2
"4,11,6,3,10,13,8,1,12,5,0,3,10,7,2",92898,1,4848,2
"4,11,6,3,10,13,8,1,12,7,0,3,10,5,2",92898,1,4848,2
"4,11,6,3,12,7,2,9,0,5,10,13,4,11,8",92898,1,4848,2
"4,11,6,3,12,9,2,13,8,5,0,7,4,1,10",92898,1,4848,2
"4,11,6,9,0,13,8,1,4,11,2,5,10,13,6",92898,1,4848,2
"4,11,6,9,0,13,8,1,4,11,6,3,10,7,2",92898,1,4848,2
"4,11,6,9,0,13,8,1,4,11,6,3,10,13,8",92898,1,4848,2
"4,11,6,9,0,13,8,1,4,11,6,3,12,7,2",92898,1,4848,2
"4,11,6,9,2,13,8,1,4,11,0,3,10,13,6",92898,1,4848,2
"4,11,6,9,2,13,8,1,4,11,6,3,10,7,0",92898,1,4848,2
"4,11,6,9,2,13,8,1,4,11,6,3,10,13,8",92898,1,4848,2
"4,11,8,1,12,9,2,13,6,3,0,7,4,11,8",92898,1,4848,2
"4,11,8,3,0,7,2,13,6,9,12,5,0,11,4",92898,1,4848,2
"4,11,8,3,0,7,2,13,10,5,12,9,4,1,8",92898,1,4848,2
"4,11,8,3,0,7,2,13,10,5,12,9,6,1,8",92898,1,4848,2
"4,11,8,3,0,9,2,13,10,5,12,7,4,1,8",92898,1,4848,2
"4,11,8,3,10,13,6,1,12,5,0,3,10,7,2",92898,1,4848,2
"4,11,8,3,10,13,6,1,12,7,0,3,10,5,2",92898,1,4848,2
"4,11,8,3,12,7,0,13,6,9,2,5,10,1,4",60140,0,14,14
"4,11,8,3,12,7,2,13,6,9,0,5,10,1,4",87938,1,14,14
"4,11,8,3,12,9,2,5,10,1,6,13,0,7,4",74951,0,14,14
"4,11,8,5,0,7,2,13,10,3,12,9,4,1,8",92898,1,4848,2
"4,11,8,5,0,7,2,13,10,3,12,9,6,1,8",92898,1,4848,2
"4,11,8,5,2,9,6,1,10,13,0,3,12,7,4",87834,0,14,14
"4,11,8,5,2,13,6,1,12,9,0,3,10,7,4",98497,0,14,14
"4,11,8,5,2,13,6,3,0,11,8,1,10,13,6",92898,1,4848,2
"4,11,8,5,2,13,6,3,0,11,8,1,12,9,6",92898,1,4848,2
"4,11,8,5,12,9,2,13,10,3,0,7,4,1,8",92898,1,4848,2
"4,13,0,5,2,7,10,3,8,11,0,5,12,1,4",92898,1,4848,2
"4,13,0,5,2,7,10,3,8,11,0,5,12,1,6",92898,1,4848,2
"4,13,0,5,12,9,2,7,10,1,6,11,4,13,8",92898,1,4848,2
"4,13,0,5,12,9,2,7,10,3,0,5,12,1,6",92898,1,4848,2
"4,13,0,5,12,9,2,7,10,3,0,5,12,1,8",92898,1,4848,2
"4,13,0,5,12,9,2,7,10,3,6,11,4,1,8",92898,1,4848,2
"4,13,0,5,12,9,2,11,8,3,0,7,4,13,10",92898,1,4848,2
"4,13,0,5,12,9,6,3,10,7,2,11,8,1,4",98275,0,14,14
"4,13,0,7,2,11,6,3,10,13,8,1,12,5,0",92898,1,4848,2
"4,13,0,7,2,11,8,3,10,13,6,1,12,5,0",92898,1,4848,2
"4,13,2,5,12,9,0,7,10,3,6,11,4,1,8",92898,1,4848,2
"4,13,2,11,6,1,10,7,4,13,8,3,12,1,10",92898,1,4848,2
"4,13,6,1,12,9,2,11,8,3,0,7,4,13,10",92898,1,4848,2
"4,13,6,1,12,9,2,11,8,5,0,7,4,13,10",92898,1,4848,2
"4,13,6,3,0,9,2,11,8,5,12,7,0,13,10",92898,1,4848,2
"4,13,6,3,0,9,2,11,8,5,12,7,4,1,10",92898,1,4848,2
"4,13,6,3,0,9,2,11,8,5,12,7,4,13,10",92898,1,4848,2
"4,13,6,3,10,7,2,9,12,5,0,11,4,7,2",92898,1,4848,2
"4,13,6,3,12,9,2,11,8,5,0,7,4,1,10",92898,1,4848,2
"4,13,6,3,12,9,2,11,8,5,0,7,4,13,10",92898,1,4848,2
"4,13,8,3,0,7,2,11,6,13,10,5,0,9,4",92898,1,4848,2
"4,13,8,3,0,7,10,1,6,11,2,5,12,9,4",93360,1,14,14
"4,13,8,3,0,9,2,5,10,13,6,11,0,7,4",92898,1,4848,2
"4,13,8,3,0,11,6,1,10,5,8,3,12,7,2",92898,1,4848,2
"4,13,8,3,0,11,6,1,10,13,8,3,12,7,4",92898,1,4848,2
"4,13,8,3,6,1,10,5,0,11,8,3,12,7,2",92898,1,4848,2
"4,13,8,3,6,1,10,5,0,13,8,3,12,7,2",92898,1,4848,2
"4,13,8,3,6,1,10,5,0,13,8,3,12,7,10",92898,1,4848,2
"4,13,8,3,12,1,10,5,0,9,6,3,12,7,2",92898,1,4848,2
"4,13,8,3,12,7,0,11,6,1,10,5,2,13,8",92898,1,4848,2
"4,13,8,3,12,7,2,11,6,1,10,5,0,9,4",92898,1,4848,2
"4,13,8,3,12,7,2,11,6,1,10,5,0,13,8",92898,1,4848,2
"4,13,8,3,12,9,2,5,10,1,6,11,0,7,4",82929,0,14,14
"4,13,8,3,12,9,6,1,10,5,0,3,12,7,2",92898,1,4848,2
"4,13,8,3,12,9,6,1,10,7,0,3,12,5,2",92898,1,4848,2
"4,13,8,5,2,11,6,1,10,13,8,3,12,7,4",92898,1,4848,2
"4,13,8,5,2,11,6,1,12,9,0,3,10,7,4",88957,0,14,14
"4,13,8,5,2,11,6,3,10,13,8,1,12,7,0",92898,1,4848,2
"4,13,8,5,12,1,6,11,2,7,10,3,0,9,4",69780,0,14,14
"4,13,8,11,2,7,10,1,6,13,0,3,12,9,4",92898,1,4848,2
"4,13,8,11,2,7,10,1,6,13,0,5,12,3,8",92898,1,4848,2
"4,13,8,11,2,7,10,1,6,13,0,5,12,9,4",92898,1,4848,2
"4,13,8,11,6,1,10,5,2,13,8,3,12,7,0",92898,1,4848,2
"4,13,8,11,6,1,10,5,2,13,8,3,12,7,10",92898,1,4848,2
"4,13,10,1,6,9,2,7,4,13,0,5,12,9,2",92898,1,4848,2
"4,13,10,3,0,9,6,1,8,5,2,11,4,13,10",92898,1,4848,2
"4,13,10,3,6,9,0,5,8,11,2,7,12,1,4",82816,0,14,14
"4,13,10,3,6,9,2,5,8,11,0,7,12,1,4",94528,1,14,14
"4,13,10,3,6,11,2,7,12,1,8,5,0,9,4",69619,0,14,14
"4,13,10,3,12,9,6,1,8,5,0,11,4,13,10",92898,1,4848,2
"4,13,10,3,12,9,6,1,8,5,2,11,4,13,10",92898,1,4848,2
"4,13,10,5,0,9,2,7,12,3,6,11,4,1,8",92898,1,4848,2
"4,13,10,5,2,9,6,1,12,7,0,11,8,3,10",92898,1,4848,2
"4,13,10,5,2,11,8,3,0,9,6,1,12,7,4",80834,0,14,14
"4,13,10,5,12,9,6,1,8,3,0,11,4,13,10",92898,1,4848,2
"4,13,10,7,0,9,6,1,12,5,2,11,8,3,10",92898,1,4848,2
"4,13,10,7,0,9,6,3,12,5,2,11,8,1,10",92898,1,4848,2
"4,13,10,7,2,9,6,1,12,5,0,11,8,3,10",92898,1,4848,2
"4,13,10,7,2,9,6,3,12,5,0,11,8,1,10",92898,1,4848,2
"4,13,10,7,2,11,6,1,4,13,8,3,12,9,6",92898,1,4848,2
"5,0,3,10,7,2,9,6,13,0,11,4,1,8,3",92898,0,4848,2
"5,0,3,10,7,2,9,12,5,0,11,4,7,2,9",92898,0,4848,2
"5,0,3,10,7,2,9,12,5,0,13,4,7,2,9",92898,0,4848,2
"5,0,3,10,7,2,9,12,5,0,13,4,7,2,11",92898,0,4848,2
"5,0,3,10,7,2,11,6,13,0,9,4,1,8,3",92898,0,4848,2
"5,0,3,10,7,2,11,8,5,0,9,4,13,2,11",92898,0,4848,2
"5,0,3,12,7,2,11,8,5,0,9,4,13,2,11",92898,0,4848,2
"5,0,3,12,7,2,13,8,5,0,11,6,1,10,13",92898,0,4848,2
"5,0,3,12,7,2,13,10,5,0,9,4,7,2,11",92898,0,4848,2
"5,0,3,12,7,2,13,10,5,0,9,4,7,2,13",92898,0,4848,2
"5,0,7,2,13,10,3,12,9,4,1,8,5,0,11",92898,0,4848,2
"5,0,7,2,13,10,3,12,9,6,1,8,5,0,11",92898,0,4848,2
"5,0,7,4,1,10,3,12,9,6,13,8,5,0,11",92898,0,4848,2
"5,0,7,4,1,10,3,12,9,6,13,8,5,2,11",92898,0,4848,2
"5,0,7,4,13,10,3,12,9,6,1,8,5,0,11",92898,0,4848,2
"5,0,7,4,13,10,3,12,9,6,1,8,5,2,11",92898,0,4848,2
"5,0,9,2,7,12,3,6,11,4,1,8,13,0,9",92898,0,4848,2
"5,0,9,4,1,8,11,2,7,12,3,6,13,10,5",73650,0,14,14
"5,0,9,4,1,8,13,2,7,12,3,6,11,0,5",92898,0,4848,2
"5,0,9,4,1,12,7,2,11,6,9,4,13,8,3",92898,0,4848,2
"5,0,9,4,1,12,7,2,13,8,3,10,5,0,11",92898,0,4848,2
"5,0,9,4,7,2,11,6,1,12,9,4,13,8,3",92898,0,4848,2
"5,0,9,4,7,2,13,6,1,12,9,4,11,8,3",92898,0,4848,2
"5,0,9,4,7,2,13,6,1,12,9,4,11,8,5",92898,0,4848,2
"5,0,9,4,13,2,11,6,1,10,7,4,13,8,3",92898,0,4848,2
"5,0,9,4,13,8,3,12,7,0,11,6,1,10,5",92898,0,4848,2
"5,0,9,4,13,8,3,12,7,2,11,6,1,10,5",92898,0,4848,2
"5,0,9,4,13,8,11,2,7,10,1,6,13,0,3",92898,0,4848,2
"5,0,9,4,13,8,11,2,7,10,1,6,13,0,5",92898,0,4848,2
"5,0,9,4,13,10,3,6,11,2,7,12,1,8,5",69619,1,14,14
"5,0,9,4,13,10,7,2,11,6,1,4,13,8,3",92898,0,4848,2
"5,0,9,6,3,10,13,4,1,12,7,2,11,8,5",69258,1,14,14
"5,0,9,6,3,12,7,2,11,0,9,4,13,8,5",92898,0,4848,2
"5,0,9,6,3,12,7,2,13,8,1,10,5,0,11",92898,0,4848,2
"5,0,9,6,13,2,7,12,3,8,11,4,1,10,5",69489,1,14,14
"5,0,9,12,7,2,11,6,3,0,9,4,13,8,11",92898,0,4848,2
"5,0,9,12,7,2,13,6,3,0,11,8,1,10,13",92898,0,4848,2
"5,0,11,2,13,8,3,6,9,4,1,10,13,0,7",92898,0,4848,2
"5,0,11,4,1,8,13,2,7,10,3,6,9,12,5",74436,0,14,14
"5,0,11,4,1,10,7,2,9,6,3,12,5,0,11",92898,0,4848,2
"5,0,11,4,1,10,7,2,9,6,3,12,5,0,13",92898,0,4848,2
"5,0,11,4,1,10,7,2,13,6,3,12,5,0,11",92898,0,4848,2
"5,0,11,4,1,10,7,2,13,8,3,12,5,0,11",92898,0,4848,2
"5,0,11,4,7,2,9,6,13,0,11,4,1,8,3",92898,0,4848,2
"5,0,11,4,7,10,3,6,9,2,13,8,1,12,5",74444,0,14,14
"5,0,11,4,7,10,13,2,9,12,1,4,7,0,3",92898,0,4848,2
"5,0,11,4,7,12,3,8,13,2,9,6,1,10,5",73616,0,14,14
"5,0,11,4,13,10,7,2,9,6,1,12,5,0,11",92898,0,4848,2
"5,0,11,4,13,10,7,2,9,6,3,12,5,0,11",92898,0,4848,2
"5,0,11,6,1,10,7,2,13,8,3,12,5,0,11",92898,0,4848,2
"5,0,11,6,1,10,7,4,13,8,3,12,1,10,5",92898,0,4848,2
"5,0,11,6,1,10,13,8,3,12,7,4,1,10,5",92898,0,4848,2
"5,0,11,6,1,12,7,2,13,8,3,10,5,0,11",92898,0,4848,2
"5,0,11,6,1,12,9,4,13,8,3,6,1,10,5",92898,0,4848,2
"5,0,11,6,3,10,7,2,13,8,1,12,5,0,11",92898,0,4848,2
"5,0,11,6,3,10,7,2,13,8,1,12,9,4,11",92898,0,4848,2
"5,0,11,6,3,10,7,4,1,8,13,2,9,12,5",64448,1,14,14
"5,0,11,6,3,12,7,2,13,8,1,4,9,0,5",92898,0,4848,2
"5,0,11,6,3,12,7,2,13,8,1,10,5,0,11",92898,0,4848,2
"5,0,11,6,3,12,9,2,13,8,1,4,7,0,11",92898,0,4848,2
"5,0,11,6,3,12,9,4,1,10,7,2,13,8,5",64372,1,14,14
"5,0,11,6,13,10,7,2,9,4,1,12,5,0,11",92898,0,4848,2
"5,0,11,8,1,10,7,2,13,6,3,12,5,0,11",92898,0,4848,2
"5,0,11,8,1,10,7,2,13,6,3,12,9,4,11",92898,0,4848,2
"5,0,11,8,1,10,7,4,13,6,3,12,9,2,11",92898,0,4848,2
"5,0,11,8,1,12,7,2,13,6,3,10,5,0,11",101342,0,12,12
"5,0,11,8,3,10,7,2,5,0,13,4,9,12,7",92898,0,4848,2
"5,0,11,8,3,10,7,2,13,6,1,12,5,0,11",92898,0,4848,2
"5,0,11,8,3,10,7,2,13,6,1,12,9,4,11",92898,0,4848,2
"5,0,11,8,3,10,7,4,13,6,1,12,9,2,11",92898,0,4848,2
"5,0,11,8,3,12,7,2,5,0,9,4,13,10,7",92898,0,4848,2
"5,0,11,8,3,12,7,2,13,6,1,10,5,0,9",92898,0,4848,2
"5,0,11,8,3,12,7,2,13,6,1,10,5,0,11",92898,0,4848,2
"5,0,11,8,13,2,9,6,3,0,11,4,1,12,9",92898,0,4848,2
"5,0,13,2,7,10,3,6,11,0,13,8,1,4,9",92898,0,4848,2
"5,0,13,4,1,8,11,2,7,10,3,6,9,12,5",74387,0,14,14
"5,0,13,4,7,2,9,6,1,10,13,4,11,8,3",92898,0,4848,2
"5,0,13,4,7,2,11,8,1,10,13,6,3,12,5",92898,0,4848,2
"5,0,13,4,9,12,7,2,11,6,1,4,9,0,13",92898,0,4848,2
"5,0,13,4,9,12,7,2,11,6,1,10,5,0,13",92898,0,4848,2
"5,0,13,6,1,10,7,2,11,8,3,12,5,0,13",92898,0,4848,2
"5,0,13,6,1,10,7,2,11,8,13,4,9,0,5",92898,0,4848,2
"5,0,13,6,1,12,7,2,11,8,3,10,5,0,13",101385,0,12,12
"5,0,13,6,3,10,7,2,11,8,1,12,5,0,13",76343,1,12,12
"5,0,13,6,3,12,7,2,11,8,1,10,5,0,13",97899,1,12,12
"5,0,13,6,3,12,9,4,1,10,7,2,11,8,5",98837,1,14,14
"5,0,13,8,1,10,7,2,11,6,3,12,5,0,13",92898,0,4848,2
"5,0,13,8,1,10,7,4,11,6,3,12,9,2,13",92898,0,4848,2
"5,0,13,8,1,12,7,2,11,6,3,10,5,0,13",101516,0,12,12
"5,0,13,8,3,10,7,2,11,6,1,12,5,0,13",59549,1,12,12
"5,0,13,8,3,12,7,2,11,6,1,4,9,0,13",92898,0,4848,2
"5,0,13,8,3,12,7,2,11,6,1,10,5,0,9",92898,0,4848,2
"5,0,13,8,3,12,7,2,11,6,1,10,5,0,13",92898,0,4848,2
"5,0,13,8,3,12,7,10,5,0,9,4,1,12,7",92898,0,4848,2
"5,0,13,10,7,2,9,6,3,0,11,4,1,12,9",92898,0,4848,2
"5,0,13,10,7,2,11,6,3,0,13,8,1,12,9",92898,0,4848,2
"5,2,7,10,3,8,11,0,5,12,1,4,9,2,7",92898,0,4848,2
"5,2,7,10,3,8,11,0,5,12,1,6,9,2,7",92898,0,4848,2
"5,2,7,10,3,8,11,0,5,12,1,6,13,2,7",92898,0,4848,2
"5,2,7,12,3,8,11,0,5,10,1,6,3,8,13",92898,0,4848,2
"5,2,7,12,3,8,11,0,5,10,1,6,13,2,7",92898,0,4848,2
"5,2,9,0,3,8,13,4,11,6,1,10,7,2,9",92898,0,4848,2
"5,2,9,0,3,12,7,4,11,6,9,0,13,8,1",92898,0,4848,2
"5,2,9,4,1,8,13,0,7,12,3,6,11,2,5",92898,0,4848,2
"5,2,9,4,1,8,13,0,11,6,3,10,7,2,13",92898,0,4848,2
"5,2,9,4,1,10,7,0,11,6,3,12,5,2,13",92898,0,4848,2
"5,2,9,4,1,10,13,0,7,12,3,6,11,2,5",92898,0,4848,2
"5,2,9,4,1,12,7,0,11,6,3,10,5,2,13",92898,0,4848,2
"5,2,9,4,1,12,7,0,11,6,9,4,13,8,3",92898,0,4848,2
"5,2,9,4,1,12,7,0,11,8,3,10,5,2,13",92898,0,4848,2
"5,2,9,6,1,10,13,0,3,12,7,4,11,8,5",87834,1,14,14
"5,2,9,6,1,12,7,0,11,8,3,10,5,2,13",92898,0,4848,2
"5,2,9,6,3,0,11,4,1,12,9,6,13,10,7",92898,0,4848,2
"5,2,9,6,3,10,7,0,11,8,1,12,5,2,13",92898,0,4848,2
"5,2,9,6,3,10,13,4,1,12,7,0,11,8,5",85064,0,14,14
"5,2,9,6,13,0,7,12,3,8,11,4,1,10,5",73628,1,14,14
"5,2,9,6,13,0,11,4,1,8,3,6,13,10,5",92898,0,4848,2
"5,2,9,6,13,10,7,0,11,4,1,12,5,2,9",92898,0,4848,2
"5,2,9,12,3,8,11,4,7,0,13,6,1,10,5",68349,0,14,14
"5,2,9,12,3,8,13,4,7,0,11,6,1,10,5",68285,0,14,14
"5,2,9,12,7,0,13,6,1,4,11,8,3,10,13",92898,0,4848,2
"5,2,11,0,3,10,7,4,13,6,1,12,9,2,11",92898,0,4848,2
"5,2,11,4,1,8,13,0,9,6,11,4,7,12,3",92898,0,4848,2
"5,2,11,4,1,10,7,0,9,6,3,12,5,2,11",92898,0,4848,2
"5,2,11,4,1,10,7,0,9,6,3,12,5,2,13",92898,0,4848,2
"5,2,11,4,1,12,7,0,9,6,3,10,5,2,11",92898,0,4848,2
"5,2,11,4,1,12,7,0,9,6,3,10,5,2,13",92898,0,4848,2
"5,2,11,4,1,12,7,0,9,6,3,10,13,2,11",92898,0,4848,2
"5,2,11,4,13,10,7,0,9,6,1,12,5,2,11",92898,0,4848,2
"5,2,11,4,13,10,7,0,9,6,3,12,5,2,11",92898,0,4848,2
"5,2,11,6,1,10,7,0,3,8,13,4,9,12,5",90867,1,14,14
"5,2,11,6,1,10,7,0,13,8,3,12,5,2,11",90874,1,12,12
"5,2,11,6,1,10,13,8,3,12,7,4,1,10,5",92898,0,4848,2
"5,2,11,6,1,12,7,0,13,8,3,10,5,2,11",59624,1,12,12
"5,2,11,6,1,12,9,0,3,10,7,4,13,8,5",88957,1,14,14
"5,2,11,6,3,10,7,0,13,8,1,12,5,2,11",103193,0,12,12
"5,2,11,6,3,10,7,4,1,8,13,0,9,12,5",84366,0,14,14
"5,2,11,6,3,10,13,8,1,12,7,0,3,10,5",92898,0,4848,2
"5,2,11,6,3,12,7,0,13,8,1,4,9,2,5",92898,0,4848,2
"5,2,11,6,3,12,7,0,13,8,1,10,5,2,11",92898,0,4848,2
"5,2,11,6,3,12,7,0,13,10,1,4,9,2,5",92898,0,4848,2
"5,2,11,6,3,12,9,4,1,10,7,0,13,8,5",84311,0,14,14
"5,2,11,6,9,0,13,8,1,4,11,6,3,10,7",92898,0,4848,2
"5,2,11,6,9,0,13,8,1,4,11,6,3,10,13",92898,0,4848,2
"5,2,11,6,9,0,13,8,1,4,11,6,3,12,7",92898,0,4848,2
"5,2,11,6,13,0,9,4,1,8,3,6,13,10,5",92898,0,4848,2
"5,2,11,8,1,10,7,0,13,6,3,12,5,2,11",92898,0,4848,2
"5,2,11,8,1,10,7,4,13,6,3,0,9,2,11",92898,0,4848,2
"5,2,11,8,1,10,7,4,13,6,3,12,9,2,11",92898,0,4848,2
"5,2,11,8,1,12,7,0,13,6,3,10,5,2,11",92898,0,4848,2
"5,2,11,8,1,12,7,4,13,6,3,0,9,2,11",92898,0,4848,2
"5,2,11,8,3,0,9,6,1,12,7,4,13,10,5",80834,1,14,14
"5,2,11,8,3,10,7,0,13,6,1,12,5,2,11",92898,0,4848,2
"5,2,11,8,3,10,7,4,13,6,1,12,9,2,11",92898,0,4848,2
"5,2,11,8,3,12,7,0,13,6,1,10,5,2,11",84454,1,12,12
"5,2,11,8,3,12,9,6,13,0,7,4,1,10,5",84242,1,14,14
"5,2,13,4,7,0,11,8,1,10,13,6,3,12,5",92898,0,4848,2
"5,2,13,6,1,10,7,0,11,8,3,12,5,2,13",90777,1,12,12
"5,2,13,6,1,12,7,0,11,8,3,10,5,2,13",92898,0,4848,2
"5,2,13,6,1,12,7,4,11,8,3,0,9,2,13",92898,0,4848,2
"5,2,13,6,1,12,9,0,3,10,7,4,11,8,5",98497,1,14,14
"5,2,13,6,1,12,9,4,11,8,3,0,7,2,13",92898,0,4848,2
"5,2,13,6,3,0,11,8,1,10,13,6,3,12,5",92898,0,4848,2
"5,2,13,6,3,0,11,8,1,10,13,6,3,12,7",92898,0,4848,2
"5,2,13,6,3,0,11,8,1,12,9,6,3,10,7",92898,0,4848,2
"5,2,13,6,3,10,7,0,11,8,1,12,5,2,13",92898,0,4848,2
"5,2,13,6,3,10,7,4,11,8,1,12,9,2,13",92898,0,4848,2
"5,2,13,6,3,12,7,0,11,8,1,10,5,2,13",85015,1,12,12
"5,2,13,6,3,12,9,4,1,10,7,0,11,8,5",92898,0,4848,2
"5,2,13,6,9,0,11,8,1,4,13,6,3,10,7",92898,0,4848,2
"5,2,13,8,1,10,7,0,11,6,3,12,5,2,13",92898,0,4848,2
"5,2,13,8,1,10,7,0,11,6,3,12,9,2,13",92898,0,4848,2
"5,2,13,8,1,10,7,4,11,6,3,0,9,2,13",92898,0,4848,2
"5,2,13,8,1,10,7,4,11,6,3,12,9,2,13",92898,0,4848,2
"5,2,13,8,1,12,7,0,11,6,3,10,5,2,13",92898,0,4848,2
"5,2,13,8,1,12,7,4,11,6,3,0,9,2,13",92898,0,4848,2
"5,2,13,8,1,12,9,4,11,6,3,0,7,2,13",92898,0,4848,2
"5,2,13,8,3,10,7,0,11,6,1,12,5,2,13",83663,0,12,12
"5,2,13,8,3,12,7,0,11,6,1,10,5,2,13",92898,0,4848,2
"5,2,13,8,3,12,7,10,5,0,9,4,1,12,7",92898,0,4848,2
"5,2,13,8,3,12,9,6,1,10,7,0,3,12,5",92898,0,4848,2
"5,2,13,10,3,0,11,8,5,12,9,6,3,0,7",92898,0,4848,2
"5,2,13,10,7,0,11,6,1,4,13,8,3,12,9",92898,0,4848,2
"5,2,13,10,7,0,11,8,5,2,9,6,3,0,11",92898,0,4848,2
"5,2,13,10,7,0,11,8,5,2,13,6,3,0,11",92898,0,4848,2
"5,2,13,10,7,0,11,8,5,2,13,6,3,12,9",92898,0,4848,2
"5,8,1,4,7,0,3,10,13,2,9,12,5,0,11",92898,0,4848,2
"5,8,1,4,7,0,3,10,13,2,9,12,5,8,11",92898,0,4848,2
"5,8,1,4,7,10,13,6,9,12,1,4,11,0,3",92898,0,4848,2
"5,8,1,4,9,12,3,10,13,2,7,0,5,8,11",92898,0,4848,2
"5,8,1,4,11,0,3,10,13,6,9,12,5,8,1",92898,0,4848,2
"5,8,1,6,9,0,3,10,13,4,7,12,5,8,11",92898,0,4848,2
"5,8,1,6,9,12,3,10,13,2,7,0,5,8,11",92898,0,4848,2
"5,8,1,6,9,12,3,10,13,4,7,0,5,8,11",92898,0,4848,2
"5,8,1,6,13,0,3,12,9,4,7,10,5,0,11",92898,0,4848,2
"5,8,1,10,7,0,3,12,5,2,11,6,9,0,13",92898,0,4848,2
"5,8,1,10,7,0,3,12,5,2,13,6,9,0,11",92898,0,4848,2
"5,8,1,10,7,0,3,12,5,2,13,10,7,0,11",92898,0,4848,2
"5,8,1,12,7,2,11,6,3,10,13,4,9,0,5",83352,1,14,14
"5,8,3,0,7,2,13,10,5,12,9,4,1,8,3",92898,0,4848,2
"5,8,3,0,7,2,13,10,5,12,9,6,1,8,3",92898,0,4848,2
"5,8,3,12,7,2,13,10,5,0,9,4,7,2,11",92898,0,4848,2
"5,8,3,12,7,2,13,10,5,0,9,4,7,2,13",92898,0,4848,2
"5,8,11,0,3,10,13,2,5,8,1,4,7,10,13",92898,0,4848,2
"5,8,11,0,7,10,1,4,9,12,3,6,13,2,5",92898,0,4848,2
"5,8,11,0,7,10,13,2,5,12,1,4,7,10,3",92898,0,4848,2
"5,8,11,0,7,10,13,2,5,12,3,0,7,10,1",92898,0,4848,2
"5,8,11,0,7,12,1,4,13,10,3,6,9,2,5",94528,0,14,14
"5,8,11,2,7,10,1,4,9,12,3,6,13,0,5",82832,1,14,14
"5,8,11,2,7,10,3,0,5,12,1,6,13,10,3",92898,0,4848,2
"5,8,11,2,7,12,1,4,13,10,3,6,9,0,5",82816,1,14,14
"5,8,11,2,7,12,3,0,5,10,1,6,9,12,3",92898,0,4848,2
"5,8,11,2,9,0,3,6,13,4,7,10,1,8,11",92898,0,4848,2
"5,8,11,2,9,0,3,6,13,4,7,12,1,8,11",92898,0,4848,2
"5,8,11,2,9,12,1,6,13,4,7,10,3,0,11",92898,0,4848,2
"5,8,11,2,9,12,1,6,13,4,7,10,3,8,11",92898,0,4848,2
"5,8,11,2,9,12,3,6,13,4,7,10,1,8,11",92898,0,4848,2
"5,8,11,4,7,0,3,6,13,2,9,12,1,8,11",92898,0,4848,2
"5,8,11,4,7,10,3,0,9,12,1,6,13,2,5",82611,0,14,14
"5,8,11,4,7,10,13,2,9,12,1,4,7,0,3",92898,0,4848,2
"5,8,11,4,7,12,3,0,13,10,1,6,9,2,5",83456,0,14,14
"5,8,11,4,9,12,1,6,13,2,7,4,9,0,5",92898,0,4848,2
"5,8,11,4,9,12,1,6,13,2,7,10,3,8,11",92898,0,4848,2
"5,8,11,4,9,12,3,0,13,6,1,10,7,2,11",92898,0,4848,2
"5,8,11,4,9,12,3,6,13,2,7,10,1,8,11",92898,0,4848,2
"5,8,13,0,7,10,1,4,9,12,3,6,11,2,5",94783,0,14,14
"5,8,13,2,7,0,3,6,11,4,9,12,1,8,13",92898,0,4848,2
"5,8,13,2,7,10,1,4,9,12,3,6,11,0,5",82354,1,14,14
"5,8,13,2,7,12,3,0,5,10,1,6,9,12,3",92898,0,4848,2
"5,8,13,2,9,0,3,6,11,4,7,10,1,8,13",92898,0,4848,2
"5,8,13,2,9,0,3,6,11,4,7,12,1,8,13",92898,0,4848,2
"5,8,13,2,9,12,3,6,11,4,7,10,1,8,13",92898,0,4848,2
"5,8,13,4,7,10,3,0,9,12,1,6,11,2,5",82259,0,14,14
"5,8,13,4,9,0,3,10,7,2,11,6,1,12,5",89128,1,14,14
"5,8,13,4,9,0,11,2,7,12,3,6,9,0,5",92898,0,4848,2
"5,8,13,6,9,0,3,10,1,4,7,12,5,8,11",92898,0,4848,2
"5,8,13,6,9,0,3,10,1,4,7,12,5,8,13",92898,0,4848,2
"5,8,13,6,9,12,3,10,1,4,7,0,5,8,11",92898,0,4848,2
"5,8,13,6,9,12,3,10,1,4,7,0,5,8,13",92898,0,4848,2
"5,8,13,6,11,0,3,10,1,4,7,12,5,8,13",92898,0,4848,2
"5,8,13,6,11,0,3,10,1,4,9,12,5,8,13",92898,0,4848,2
"5,10,1,4,7,0,13,6,9,12,3,8,11,2,5",80415,0,14,14
"5,10,1,4,7,12,3,6,13,10,1,8,11,0,3",92898,0,4848,2
"5,10,1,4,7,12,3,8,13,10,1,6,11,0,3",92898,0,4848,2
"5,10,1,4,7,12,3,8,13,10,1,6,11,0,5",92898,0,4848,2
"5,10,1,4,7,12,3,8,13,10,1,6,11,2,5",92898,0,4848,2
"5,10,1,4,11,8,3,12,7,0,13,6,9,2,5",60140,1,14,14
"5,10,1,4,11,8,3,12,7,2,13,6,9,0,5",87938,0,14,14
"5,10,1,6,3,8,13,4,9,12,1,6,11,0,5",92898,0,4848,2
"5,10,1,6,3,8,13,4,9,12,1,6,11,2,7",92898,0,4848,2
"5,10,1,6,9,2,13,8,3,12,7,4,11,0,5",81900,1,14,14
"5,10,1,6,9,12,3,8,13,4,1,6,11,0,7",92898,0,4848,2
"5,10,1,6,9,12,3,8,13,4,1,6,11,2,7",92898,0,4848,2
"5,10,1,6,11,0,3,8,13,4,9,6,11,0,7",92898,0,4848,2
"5,10,1,6,11,0,3,8,13,4,9,6,11,2,7",92898,0,4848,2
"5,10,1,6,11,0,7,4,13,8,3,12,9,2,5",82929,1,14,14
"5,10,1,6,11,0,7,12,3,8,13,2,5,10,1",92898,0,4848,2
"5,10,1,6,11,0,7,12,3,8,13,4,9,0,5",92898,0,4848,2
"5,10,1,6,11,2,7,12,3,8,13,0,5,10,1",92898,0,4848,2
"5,10,1,6,11,2,7,12,3,8,13,4,9,0,5",92898,0,4848,2
"5,10,1,6,11,2,7,12,9,4,13,0,5,2,7",92898,0,4848,2
"5,10,1,6,11,8,13,4,9,0,3,6,11,2,7",92898,0,4848,2
"5,10,1,6,13,0,7,4,11,8,3,12,9,2,5",74951,1,14,14
"5,10,1,6,13,0,7,12,3,8,11,2,5,10,1",80357,1,12,12
"5,10,1,6,13,2,7,12,3,8,11,0,5,10,1",92898,0,4848,2
"5,10,1,8,11,0,7,12,3,6,13,2,5,10,1",73677,1,12,12
"5,10,1,8,11,2,7,12,3,6,13,0,5,10,1",81839,1,12,12
"5,10,1,8,13,0,7,12,3,6,11,2,5,0,9",92898,0,4848,2
"5,10,1,8,13,0,7,12,3,6,11,2,5,10,1",92898,0,4848,2
"5,10,1,8,13,2,7,12,3,6,9,0,5,10,1",92898,0,4848,2
"5,10,1,8,13,2,7,12,3,6,11,0,5,10,1",92898,0,4848,2
"5,10,1,12,3,8,13,4,7,10,1,6,11,0,5",92898,0,4848,2
"5,10,1,12,3,8,13,4,7,10,1,6,11,2,13",92898,0,4848,2
"5,10,3,0,7,12,1,6,13,10,3,8,11,4,1",92898,0,4848,2
"5,10,3,0,7,12,1,8,13,10,3,6,11,2,5",92898,0,4848,2
"5,10,3,0,7,12,1,8,13,10,3,6,11,4,1",92898,0,4848,2
"5,10,3,6,9,0,7,12,1,4,11,2,5,8,13",92898,0,4848,2
"5,10,3,6,9,0,7,12,1,4,11,2,5,10,13",92898,0,4848,2
"5,10,3,6,11,0,7,12,1,4,9,2,5,8,13",92898,0,4848,2
"5,10,3,6,11,0,7,12,1,4,9,2,5,10,13",92898,0,4848,2
"5,10,3,6,11,0,7,12,1,8,13,2,5,10,3",92898,0,4848,2
"5,10,3,6,11,2,7,12,1,8,13,0,5,10,3",81498,1,12,12
"5,10,3,6,11,8,13,0,9,4,1,6,11,2,7",92898,0,4848,2
"5,10,3,6,13,0,7,12,1,8,11,2,5,10,3",92898,0,4848,2
"5,10,3,6,13,2,7,12,1,8,11,0,5,10,3",81381,1,12,12
"5,10,3,8,11,0,7,12,1,4,9,2,5,10,13",92898,0,4848,2
"5,10,3,8,11,0,7,12,1,6,9,2,5,10,13",92898,0,4848,2
"5,10,3,8,11,0,7,12,1,6,13,2,5,10,3",92898,0,4848,2
"5,10,3,8,11,2,7,12,1,6,13,0,5,10,3",81309,1,12,12
"5,10,3,8,13,0,7,12,1,6,11,2,5,10,3",102581,0,12,12
"5,10,3,8,13,2,7,12,1,4,9,0,5,10,7",92898,0,4848,2
"5,10,3,8,13,2,7,12,1,6,11,0,5,10,3",92898,0,4848,2
"5,10,7,0,3,8,1,12,5,10,13,6,3,8,1",92898,0,4848,2
"5,10,7,4,9,12,3,0,13,6,1,8,5,2,11",92898,0,4848,2
"5,10,7,12,3,8,13,0,5,10,1,6,3,8,13",92898,0,4848,2
"5,10,7,12,3,8,13,0,5,10,1,6,11,2,7",92898,0,4848,2
"5,10,7,12,3,8,13,2,5,10,1,6,11,0,7",92898,0,4848,2
"5,10,7,12,3,8,13,2,5,10,1,6,11,8,13",92898,0,4848,2
"5,10,13,0,3,8,1,4,7,10,13,6,9,12,1",92898,0,4848,2
"5,10,13,2,7,0,3,6,11,4,9,12,1,8,13",92898,0,4848,2
"5,10,13,2,7,0,3,8,5,10,13,6,11,0,3",92898,0,4848,2
"5,10,13,2,7,0,3,8,11,4,9,12,1,6,13",92898,0,4848,2
"5,10,13,2,7,0,3,8,11,4,9,12,5,0,13",92898,0,4848,2
"5,10,13,2,7,12,3,0,5,10,1,6,9,12,3",92898,0,4848,2
"5,10,13,2,7,12,3,8,5,10,1,6,11,0,3",92898,0,4848,2
"5,10,13,2,9,0,3,6,11,4,7,12,1,8,13",92898,0,4848,2
"5,10,13,2,9,0,3,8,11,4,7,12,1,6,13",92898,0,4848,2
"5,10,13,4,7,0,3,8,11,2,9,12,1,6,13",92898,0,4848,2
"5,10,13,4,7,0,3,8,11,2,9,12,5,0,13",92898,0,4848,2
"5,10,13,4,7,12,1,6,9,0,3,8,11,2,5",91327,1,14,14
"5,10,13,4,11,0,3,8,1,6,9,12,5,10,13",92898,0,4848,2
"5,10,13,4,11,8,3,0,7,2,13,6,9,12,5",92898,0,4848,2
"5,10,13,6,3,8,1,4,9,0,13,6,11,2,5",92898,0,4848,2
"5,10,13,6,3,8,1,4,9,0,13,6,11,2,7",92898,0,4848,2
"5,10,13,6,3,8,1,4,11,0,13,6,9,2,5",92898,0,4848,2
"5,10,13,6,3,8,1,4,11,0,13,6,9,2,7",92898,0,4848,2
"5,10,13,6,3,12,7,2,11,8,1,4,9,0,5",97942,0,14,14
"5,10,13,6,9,0,3,8,1,4,7,12,5,10,13",92898,0,4848,2
"5,10,13,6,11,0,3,8,1,4,7,12,5,10,13",92898,0,4848,2
"5,10,13,6,11,0,3,8,1,4,9,12,5,10,13",92898,0,4848,2
"5,10,13,6,11,0,7,4,1,8,13,2,9,12,3",92898,0,4848,2
"5,10,13,6,11,2,7,0,3,8,13,4,9,12,1",92898,0,4848,2
"5,10,13,6,11,2,7,0,3,8,13,4,9,12,5",92898,0,4848,2
"5,12,1,4,7,10,3,6,9,12,1,8,11,0,3",92898,0,4848,2
"5,12,1,4,7,10,3,6,9,12,1,8,13,0,3",92898,0,4848,2
"5,12,1,4,9,2,7,10,13,6,11,0,3,8,1",92898,0,4848,2
"5,12,1,4,9,2,7,10,13,6,11,0,5,8,1",92898,0,4848,2
"5,12,1,4,11,0,7,10,13,6,9,2,5,8,1",92898,0,4848,2
"5,12,1,6,9,0,7,10,13,4,11,2,5,8,1",92898,0,4848,2
"5,12,1,6,9,2,7,10,13,4,11,0,3,8,1",92898,0,4848,2
"5,12,1,6,9,2,7,10,13,4,11,0,5,8,1",92898,0,4848,2
"5,12,1,6,11,0,7,10,3,8,13,2,5,12,1",93709,1,12,12
"5,12,1,6,11,2,7,10,3,0,9,4,13,8,5",69780,1,14,14
"5,12,1,6,11,2,7,10,3,8,13,0,5,12,1",104470,0,12,12
"5,12,1,6,13,0,7,10,3,8,11,2,5,12,1",92898,0,4848,2
"5,12,1,6,13,2,7,10,3,8,11,0,5,12,1",92898,0,4848,2
"5,12,1,6,13,10,3,8,11,2,7,0,13,4,9",92898,0,4848,2
"5,12,1,6,13,10,3,8,11,4,1,6,13,0,7",92898,0,4848,2
"5,12,1,6,13,10,3,8,11,4,7,0,13,2,9",92898,0,4848,2
"5,12,1,8,3,0,7,10,5,12,9,2,13,0,7",92898,0,4848,2
"5,12,1,8,3,0,7,10,5,12,9,4,13,0,7",92898,0,4848,2
"5,12,1,8,11,0,7,10,3,6,9,2,5,12,1",92898,0,4848,2
"5,12,1,8,11,0,7,10,3,6,13,2,5,12,1",92898,0,4848,2
"5,12,1,8,11,2,7,10,3,6,13,0,5,12,1",102268,0,12,12
"5,12,1,8,13,0,7,10,3,6,11,2,5,12,1",92370,0,12,12
"5,12,1,8,13,2,7,10,3,6,11,0,5,12,1",92898,0,4848,2
"5,12,1,8,13,2,9,6,3,10,7,4,11,0,5",79966,1,14,14
"5,12,1,8,13,10,3,6,11,2,7,0,13,4,9",92898,0,4848,2
"5,12,1,8,13,10,3,6,11,4,1,8,13,0,9",92898,0,4848,2
"5,12,1,8,13,10,3,6,11,4,1,8,13,2,9",92898,0,4848,2
"5,12,1,8,13,10,3,6,11,4,7,0,13,2,9",92898,0,4848,2
"5,12,3,0,7,10,1,6,9,12,3,8,13,2,5",92898,0,4848,2
"5,12,3,0,7,10,1,6,9,12,3,8,13,4,1",92898,0,4848,2
"5,12,3,0,7,10,1,8,5,12,3,6,13,10,1",92898,0,4848,2
"5,12,3,6,9,0,7,10,1,4,11,2,5,8,13",92898,0,4848,2
"5,12,3,6,9,0,7,10,13,4,11,2,5,8,1",92898,0,4848,2
"5,12,3,6,9,2,7,10,1,4,11,0,5,8,13",92898,0,4848,2
"5,12,3,6,9,2,7,10,13,4,11,0,5,8,1",92898,0,4848,2
"5,12,3,6,11,0,7,10,1,4,9,2,5,8,13",92898,0,4848,2
"5,12,3,6,11,0,7,10,1,8,13,2,5,12,3",92898,0,4848,2
"5,12,3,6,11,2,7,10,1,8,13,0,5,12,3",92898,0,4848,2
"5,12,3,6,13,0,7,10,1,8,11,2,5,12,3",92898,0,4848,2
"5,12,3,6,13,2,7,10,1,4,11,0,5,12,9",92898,0,4848,2
"5,12,3,6,13,2,7,10,1,8,11,0,5,12,3",92898,0,4848,2
"5,12,3,6,13,10,1,8,11,0,3,6,13,2,5",92898,0,4848,2
"5,12,3,6,13,10,1,8,11,0,3,6,13,2,7",92898,0,4848,2
"5,12,3,6,13,10,1,8,11,0,7,4,13,2,5",92898,0,4848,2
"5,12,3,6,13,10,1,8,11,2,7,4,13,0,5",92898,0,4848,2
"5,12,3,8,11,0,7,10,1,6,13,2,5,12,3",91046,0,12,12
"5,12,3,8,11,2,7,10,1,6,13,0,5,12,3",92898,0,4848,2
"5,12,3,8,11,2,7,10,1,6,13,0,5,12,9",92898,0,4848,2
"5,12,3,8,13,0,7,10,1,6,11,2,5,12,3",93214,0,12,12
"5,12,3,8,13,2,7,10,1,4,11,0,5,12,9",92898,0,4848,2
"5,12,3,8,13,2,7,10,1,6,11,0,5,12,3",92898,0,4848,2
"5,12,3,8,13,2,7,10,1,6,11,0,5,12,9",92898,0,4848,2
"5,12,7,0,13,10,1,4,9,6,3,8,13,2,11",92898,0,4848,2
"5,12,7,4,1,8,3,0,9,6,13,10,5,2,11",92898,0,4848,2
"5,12,7,4,1,8,3,0,11,6,13,10,5,2,9",92898,0,4848,2
"5,12,7,4,1,8,3,0,11,6,13,10,5,8,3",92898,0,4848,2
"5,12,7,4,1,10,3,0,9,6,13,8,5,2,11",92898,0,4848,2
"5,12,7,4,1,10,3,0,11,6,13,8,5,2,9",92898,0,4848,2
"5,12,7,4,13,10,3,0,9,6,1,8,5,2,11",92898,0,4848,2
"5,12,9,0,7,10,3,6,11,4,1,8,13,2,9",92898,0,4848,2
"5,12,9,0,13,8,1,4,7,10,3,6,11,2,5",97572,0,14,14
"5,12,9,2,7,10,1,6,11,4,13,8,3,0,9",92898,0,4848,2
"5,12,9,2,7,10,3,0,5,12,1,6,13,10,3",92898,0,4848,2
"5,12,9,2,7,10,3,0,5,12,1,8,13,10,3",92898,0,4848,2
"5,12,9,2,7,10,3,6,11,4,1,8,13,0,9",92898,0,4848,2
"5,12,9,2,7,10,3,6,13,4,1,8,11,0,9",92898,0,4848,2
"5,12,9,2,11,8,3,0,7,4,13,10,5,12,9",92898,0,4848,2
"5,12,9,2,13,0,7,4,11,6,3,10,13,8,1",92898,0,4848,2
"5,12,9,2,13,0,7,4,11,6,9,2,13,8,1",92898,0,4848,2
"5,12,9,2,13,0,7,4,11,8,3,10,13,6,1",92898,0,4848,2
"5,12,9,2,13,8,1,4,7,10,3,6,11,0,5",92466,1,14,14
"5,12,9,2,13,10,3,0,7,4,1,8,5,12,9",92898,0,4848,2
"5,12,9,4,1,8,3,0,11,6,13,10,5,2,9",92898,0,4848,2
"5,12,9,4,1,8,3,0,11,6,13,10,5,8,3",92898,0,4848,2
"5,12,9,4,1,8,3,0,11,6,13,10,7,2,9",92898,0,4848,2
"5,12,9,4,1,10,3,0,11,6,13,8,5,2,9",92898,0,4848,2
"5,12,9,4,11,8,3,0,7,2,13,10,5,12,9",92898,0,4848,2
"5,12,9,4,13,0,7,2,11,6,3,10,13,8,1",92898,0,4848,2
"5,12,9,4,13,0,7,2,11,8,3,10,13,6,1",92898,0,4848,2
"5,12,9,4,13,8,3,0,7,2,11,6,13,10,5",92898,0,4848,2
"5,12,9,4,13,8,3,0,7,10,1,6,11,2,5",93360,0,14,14
"5,12,9,6,1,8,3,0,11,4,13,10,5,2,9",92898,0,4848,2
"5,12,9,6,1,8,3,0,11,4,13,10,7,2,9",92898,0,4848,2
"5,12,9,6,3,0,7,4,1,12,9,2,13,10,7",92898,0,4848,2
"5,12,9,6,3,10,7,2,11,8,1,4,13,0,5",98275,1,14,14
"5,12,9,6,3,10,7,2,13,8,1,4,11,0,5",79228,1,14,14
"5,12,9,6,13,0,7,4,1,8,11,2,13,10,3",92898,0,4848,2
"5,12,9,6,13,2,7,0,3,8,11,4,13,10,1",92898,0,4848,2
"5,12,9,6,13,2,7,0,3,8,11,4,13,10,5",92898,0,4848,2
"5,12,9,6,13,10,3,0,11,4,1,8,5,2,9",92898,0,4848,2
"5,12,9,6,13,10,3,0,11,4,1,8,13,2,9",92898,0,4848,2
"6,1,4,9,0,13,8,11,6,3,10,5,2,13,8",92898,1,4848,2
"6,1,4,11,8,3,10,13,6,1,12,5,0,3,10",92898,1,4848,2
"6,1,4,11,8,3,10,13,6,1,12,7,0,3,10",92898,1,4848,2
"6,1,4,13,8,3,12,9,6,1,10,5,0,3,12",92898,1,4848,2
"6,1,4,13,8,3,12,9,6,1,10,7,0,3,12",92898,1,4848,2
"6,1,8,3,0,11,4,13,10,5,2,9,6,1,12",92898,1,4848,2
"6,1,8,3,0,11,4,13,10,7,2,9,6,1,12",92898,1,4848,2
"6,1,8,5,0,11,4,13,10,7,2,9,6,1,12",92898,1,4848,2
"6,1,8,5,0,11,4,13,10,7,2,9,6,3,12",92898,1,4848,2
"6,1,8,5,2,11,4,13,10,7,0,9,6,1,12",92898,1,4848,2
"6,1,8,5,2,11,4,13,10,7,0,9,6,3,12",92898,1,4848,2
"6,1,10,5,0,3,12,7,2,11,8,5,0,9,4",92898,1,4848,2
"6,1,10,5,0,3,12,7,2,13,8,5,0,11,6",92898,1,4848,2
"6,1,10,5,0,3,12,7,2,13,10,5,0,9,4",92898,1,4848,2
"6,1,10,5,0,9,4,13,8,3,12,7,0,11,6",92898,1,4848,2
"6,1,10,5,0,9,4,13,8,3,12,7,2,11,6",92898,1,4848,2
"6,1,10,5,0,11,4,7,12,3,8,13,2,9,6",73616,1,14,14
"6,1,10,5,0,11,8,3,12,7,2,5,0,9,4",92898,1,4848,2
"6,1,10,5,0,11,8,3,12,7,2,13,6,1,10",92898,1,4848,2
"6,1,10,5,0,13,8,3,12,7,2,11,6,1,4",92898,1,4848,2
"6,1,10,5,0,13,8,3,12,7,2,11,6,1,10",92898,1,4848,2
"6,1,10,5,0,13,8,3,12,7,10,5,0,9,4",92898,1,4848,2
"6,1,10,5,2,9,12,3,8,11,4,7,0,13,6",68349,1,14,14
"6,1,10,5,2,9,12,3,8,13,4,7,0,11,6",68285,1,14,14
"6,1,10,5,2,11,8,3,12,7,0,13,6,1,10",84454,0,12,12
"6,1,10,5,2,13,8,3,12,7,0,11,6,1,10",92898,1,4848,2
"6,1,10,5,2,13,8,3,12,7,10,5,0,9,4",92898,1,4848,2
"6,1,10,5,8,3,12,7,2,13,10,5,0,9,4",92898,1,4848,2
"6,1,10,7,0,3,8,13,4,9,12,5,2,11,6",90867,0,14,14
"6,1,10,7,0,3,12,5,2,13,10,7,0,11,6",92898,1,4848,2
"6,1,10,7,0,3,12,5,2,13,10,7,0,11,8",92898,1,4848,2
"6,1,10,7,0,11,8,3,12,5,2,13,6,1,10",90777,0,12,12
"6,1,10,7,0,13,8,3,12,5,2,11,6,1,10",90874,0,12,12
"6,1,10,7,2,9,12,5,0,13,4,7,2,9,6",92898,1,4848,2
"6,1,10,7,2,9,12,5,0,13,4,7,2,11,8",92898,1,4848,2
"6,1,10,7,2,11,8,3,12,5,0,13,6,1,10",92898,1,4848,2
"6,1,10,7,2,11,8,13,4,9,0,5,2,11,6",92898,1,4848,2
"6,1,10,7,2,13,8,3,12,5,0,11,6,1,10",92898,1,4848,2
"6,1,10,7,4,13,8,3,12,1,10,5,0,9,6",92898,1,4848,2
"6,1,10,13,0,3,12,7,4,11,8,5,2,9,6",87834,0,14,14
"6,1,10,13,4,11,8,3,0,7,2,13,6,9,12",92898,1,4848,2
"6,1,10,13,8,3,12,7,4,1,10,5,0,9,12",92898,1,4848,2
"6,1,12,5,0,3,10,7,2,9,12,5,0,11,4",92898,1,4848,2
"6,1,12,5,0,3,10,7,2,9,12,5,0,13,4",92898,1,4848,2
"6,1,12,5,0,3,10,7,2,11,8,5,0,9,4",92898,1,4848,2
"6,1,12,5,0,11,8,3,10,7,2,5,0,13,4",92898,1,4848,2
"6,1,12,5,0,11,8,3,10,7,2,13,6,1,12",92898,1,4848,2
"6,1,12,5,0,11,8,3,10,7,4,13,6,1,12",92898,1,4848,2
"6,1,12,5,0,13,8,3,10,7,2,11,6,1,12",59549,0,12,12
"6,1,12,5,2,11,8,3,10,7,0,13,6,1,12",92898,1,4848,2
"6,1,12,5,2,11,8,3,10,7,4,13,6,1,12",92898,1,4848,2
"6,1,12,5,2,13,8,3,10,7,0,11,6,1,12",83663,1,12,12
"6,1,12,5,8,13,4,9,0,3,10,7,2,11,6",89128,0,14,14
"6,1,12,7,0,3,10,5,2,9,12,7,0,13,6",92898,1,4848,2
"6,1,12,7,0,11,8,3,10,5,2,13,6,1,12",92898,1,4848,2
"6,1,12,7,0,13,8,3,10,5,2,11,6,1,12",59624,0,12,12
"6,1,12,7,2,11,8,3,10,5,0,13,6,1,12",101385,1,12,12
"6,1,12,7,2,13,8,3,10,5,0,11,6,1,12",92898,1,4848,2
"6,1,12,7,4,11,8,3,0,9,2,13,10,5,12",92898,1,4848,2
"6,1,12,7,4,13,10,5,2,11,8,3,0,9,6",80834,0,14,14
"6,1,12,9,0,3,10,7,4,11,8,5,2,13,6",98497,0,14,14
"6,1,12,9,0,3,10,7,4,13,8,5,2,11,6",88957,0,14,14
"6,1,12,9,2,11,8,3,0,7,4,13,10,5,12",92898,1,4848,2
"6,1,12,9,2,11,8,5,0,7,4,13,10,3,12",92898,1,4848,2
"6,1,12,9,4,11,8,3,0,7,2,13,10,5,12",92898,1,4848,2
"6,1,12,9,4,11,8,5,0,7,2,13,10,3,12",92898,1,4848,2
"6,1,12,9,4,13,8,3,0,7,2,11,6,13,10",92898,1,4848,2
"6,1,12,9,4,13,8,3,6,1,10,5,0,11,8",92898,1,4848,2
"6,1,12,9,4,13,8,3,6,1,10,5,0,13,8",92898,1,4848,2
"6,3,0,7,2,13,8,5,12,9,4,1,10,3,0",92898,1,4848,2
"6,3,0,7,2,13,10,5,12,9,4,1,8,3,0",92898,1,4848,2
"6,3,0,7,4,1,12,9,2,13,10,7,4,11,0",92898,1,4848,2
"6,3,0,7,4,1,12,9,2,13,10,7,4,11,6",92898,1,4848,2
"6,3,0,7,4,1,12,9,2,13,10,7,4,11,8",92898,1,4848,2
"6,3,0,7,4,11,8,5,12,9,2,13,10,3,0",92898,1,4848,2
"6,3,0,9,2,11,8,5,12,7,0,13,10,1,4",92898,1,4848,2
"6,3,0,9,2,11,8,5,12,7,4,1,10,3,0",92898,1,4848,2
"6,3,0,9,2,11,8,5,12,7,4,13,10,3,0",92898,1,4848,2
"6,3,0,9,2,13,8,5,12,7,4,1,10,3,0",92898,1,4848,2
"6,3,0,9,2,13,10,5,12,7,4,1,8,3,0",92898,1,4848,2
"6,3,0,9,4,13,8,11,6,1,10,5,2,13,8",92898,1,4848,2
"6,3,0,11,4,1,12,9,6,13,10,7,4,1,8",92898,1,4848,2
"6,3,0,11,8,1,10,13,6,3,12,5,8,1,10",92898,1,4848,2
"6,3,0,11,8,1,10,13,6,3,12,7,4,1,10",92898,1,4848,2
"6,3,0,11,8,1,12,9,6,3,10,7,4,1,12",92898,1,4848,2
"6,3,0,13,8,1,12,9,6,3,10,7,4,1,12",92898,1,4848,2
"6,3,8,1,4,9,0,13,6,11,2,5,10,3,0",92898,1,4848,2
"6,3,8,1,4,9,0,13,6,11,2,7,10,3,0",92898,1,4848,2
"6,3,8,1,4,11,0,13,6,9,2,5,10,3,0",92898,1,4848,2
"6,3,8,1,4,11,0,13,6,9,2,7,4,11,0",92898,1,4848,2
"6,3,8,1,4,11,0,13,6,9,2,7,10,3,0",92898,1,4848,2
"6,3,8,13,2,11,0,5,10,7,4,9,12,3,0",92898,1,4848,2
"6,3,8,13,4,9,12,1,6,11,0,5,10,3,8",92898,1,4848,2
"6,3,8,13,4,9,12,1,6,11,2,7,4,9,0",92898,1,4848,2
"6,3,10,5,0,11,8,1,12,7,2,13,6,3,10",101342,1,12,12
"6,3,10,5,0,13,8,1,12,7,2,11,6,3,10",101516,1,12,12
"6,3,10,5,2,11,8,1,12,7,0,13,6,3,10",92898,1,4848,2
"6,3,10,5,2,11,8,1,12,7,4,13,6,3,0",92898,1,4848,2
"6,3,10,5,2,13,8,1,12,7,0,11,6,3,10",92898,1,4848,2
"6,3,10,5,2,13,8,1,12,7,4,11,6,3,0",92898,1,4848,2
"6,3,10,5,2,13,8,1,12,9,4,11,6,3,0",92898,1,4848,2
"6,3,10,7,0,9,12,5,2,13,4,7,0,11,8",92898,1,4848,2
"6,3,10,7,0,11,8,1,12,5,2,13,6,3,10",92898,1,4848,2
"6,3,10,7,0,13,8,1,12,5,2,11,6,3,10",103193,1,12,12
"6,3,10,7,2,9,12,5,0,11,4,7,2,9,6",92898,1,4848,2
"6,3,10,7,2,9,12,5,0,13,4,7,2,9,6",92898,1,4848,2
"6,3,10,7,2,9,12,5,0,13,4,7,2,11,8",92898,1,4848,2
"6,3,10,7,2,11,8,1,4,13,0,5,12,9,6",98275,0,14,14
"6,3,10,7,2,11,8,1,12,5,0,13,6,3,10",76343,0,12,12
"6,3,10,7,2,13,0,5,12,9,4,11,8,3,0",92898,1,4848,2
"6,3,10,7,2,13,8,1,4,11,0,5,12,9,6",79228,0,14,14
"6,3,10,7,2,13,8,1,12,5,0,11,6,3,10",92898,1,4848,2
"6,3,10,7,2,13,8,1,12,9,4,11,6,3,0",92898,1,4848,2
"6,3,10,7,4,1,8,13,0,9,12,5,2,11,6",84366,1,14,14
"6,3,10,7,4,1,8,13,2,9,12,5,0,11,6",64448,0,14,14
"6,3,10,7,4,1,12,5,0,13,10,7,2,9,6",92898,1,4848,2
"6,3,10,7,4,1,12,5,0,13,10,7,2,11,6",92898,1,4848,2
"6,3,10,7,4,1,12,5,2,13,10,7,0,11,8",92898,1,4848,2
"6,3,10,7,4,11,0,5,12,1,8,13,2,9,6",79966,0,14,14
"6,3,10,7,4,11,8,1,12,9,2,13,6,3,0",92898,1,4848,2
"6,3,10,13,2,11,8,1,4,7,0,13,6,9,12",92898,1,4848,2
"6,3,10,13,4,1,12,7,0,11,8,5,2,9,6",85064,1,14,14
"6,3,10,13,4,1,12,7,2,11,8,5,0,9,6",69258,0,14,14
"6,3,10,13,4,9,0,5,8,1,12,7,2,11,6",83352,0,14,14
"6,3,10,13,8,1,12,5,0,3,10,7,2,9,6",92898,1,4848,2
"6,3,10,13,8,1,12,5,0,3,10,7,2,9,12",92898,1,4848,2
"6,3,10,13,8,1,12,5,0,3,10,7,2,11,6",92898,1,4848,2
"6,3,10,13,8,1,12,7,0,3,10,5,2,9,6",92898,1,4848,2
"6,3,10,13,8,1,12,7,0,3,10,5,2,9,12",92898,1,4848,2
"6,3,10,13,8,1,12,7,0,3,10,5,2,11,6",92898,1,4848,2
"6,3,12,5,0,11,8,1,10,7,2,13,6,3,12",92898,1,4848,2
"6,3,12,5,0,11,8,1,10,7,4,13,6,3,12",92898,1,4848,2
"6,3,12,5,0,13,8,1,10,7,2,11,6,3,12",92898,1,4848,2
"6,3,12,5,0,13,8,1,10,7,4,11,6,3,12",92898,1,4848,2
"6,3,12,5,2,11,8,1,10,7,0,13,6,3,12",92898,1,4848,2
"6,3,12,5,2,11,8,1,10,7,4,13,6,3,0",92898,1,4848,2
"6,3,12,5,2,11,8,1,10,7,4,13,6,3,12",92898,1,4848,2
"6,3,12,5,2,13,8,1,10,7,0,11,6,3,12",92898,1,4848,2
"6,3,12,5,2,13,8,1,10,7,4,11,6,3,0",92898,1,4848,2
"6,3,12,5,2,13,8,1,10,7,4,11,6,3,12",92898,1,4848,2
"6,3,12,5,8,1,10,7,0,3,12,5,2,11,6",92898,1,4848,2
"6,3,12,5,8,1,10,7,0,3,12,5,2,13,6",92898,1,4848,2
"6,3,12,5,8,1,10,7,0,3,12,5,2,13,10",92898,1,4848,2
"6,3,12,7,0,11,8,1,10,5,2,13,6,3,12",85015,0,12,12
"6,3,12,7,0,13,8,1,4,9,2,5,10,13,6",92898,1,4848,2
"6,3,12,7,0,13,8,1,10,5,2,11,6,3,12",92898,1,4848,2
"6,3,12,7,0,13,10,1,4,9,2,5,8,13,6",92898,1,4848,2
"6,3,12,7,2,9,0,5,10,13,4,11,8,3,0",92898,1,4848,2
"6,3,12,7,2,11,0,9,4,13,8,5,2,11,6",92898,1,4848,2
"6,3,12,7,2,11,8,1,4,9,0,5,10,13,6",97942,1,14,14
"6,3,12,7,2,11,8,1,10,5,0,13,6,3,12",97899,0,12,12
"6,3,12,7,2,13,8,1,4,9,0,5,10,13,6",92898,1,4848,2
"6,3,12,7,2,13,8,1,10,5,0,11,6,3,12",92898,1,4848,2
"6,3,12,7,4,1,10,5,0,9,12,7,2,11,6",92898,1,4848,2
"6,3,12,7,4,1,10,5,0,9,12,7,2,13,6",92898,1,4848,2
"6,3,12,7,4,1,10,5,0,11,8,13,2,9,6",92898,1,4848,2
"6,3,12,9,2,11,8,5,0,7,4,1,10,3,12",92898,1,4848,2
"6,3,12,9,2,11,8,5,0,7,4,13,10,3,12",92898,1,4848,2
"6,3,12,9,2,13,8,1,4,7,0,11,6,13,10",92898,1,4848,2
"6,3,12,9,2,13,8,5,0,7,4,1,10,3,12",92898,1,4848,2
"6,3,12,9,4,1,10,7,0,11,8,5,2,13,6",92898,1,4848,2
"6,3,12,9,4,1,10,7,0,13,8,5,2,11,6",84311,1,14,14
"6,3,12,9,4,1,10,7,2,11,8,5,0,13,6",98837,0,14,14
"6,3,12,9,4,1,10,7,2,13,8,5,0,11,6",64372,0,14,14
"6,3,12,9,4,11,8,5,0,7,2,13,10,3,12",92898,1,4848,2
"6,9,0,3,8,1,4,7,12,5,10,13,2,9,0",92898,1,4848,2
"6,9,0,3,8,11,2,5,10,13,4,7,12,1,6",91327,0,14,14
"6,9,0,3,10,1,4,7,12,5,8,11,2,9,0",92898,1,4848,2
"6,9,0,3,10,1,4,7,12,5,8,13,2,9,0",92898,1,4848,2
"6,9,0,3,10,13,4,7,12,5,8,11,2,9,0",92898,1,4848,2
"6,9,0,5,8,11,2,7,12,1,4,13,10,3,6",82816,0,14,14
"6,9,0,5,10,1,4,11,8,3,12,7,2,13,6",87938,1,14,14
"6,9,0,5,10,1,12,3,8,13,4,7,10,1,6",92898,1,4848,2
"6,9,0,7,10,1,4,11,2,5,8,13,6,9,0",92898,1,4848,2
"6,9,0,7,10,1,4,11,2,5,8,13,6,9,12",92898,1,4848,2
"6,9,0,7,10,13,4,11,2,5,8,1,6,9,0",92898,1,4848,2
"6,9,0,7,10,13,4,11,2,5,8,1,6,9,12",92898,1,4848,2
"6,9,0,7,10,13,4,11,2,5,8,1,6,13,0",92898,1,4848,2
"6,9,0,7,12,1,4,11,2,5,8,13,6,9,0",92898,1,4848,2
"6,9,0,7,12,1,4,11,2,5,10,13,6,9,0",92898,1,4848,2
"6,9,0,11,8,1,4,13,6,3,10,7,2,9,12",92898,1,4848,2
"6,9,0,13,8,1,4,11,2,5,10,13,6,9,0",92898,1,4848,2
"6,9,0,13,8,1,4,11,6,3,10,7,2,9,12",92898,1,4848,2
"6,9,0,13,8,1,4,11,6,3,10,13,8,1,12",92898,1,4848,2
"6,9,0,13,8,1,4,11,6,3,12,7,2,9,0",92898,1,4848,2
"6,9,2,5,8,1,4,11,0,3,10,13,6,9,12",92898,1,4848,2
"6,9,2,5,8,11,0,7,10,13,2,5,12,1,4",92898,1,4848,2
"6,9,2,5,8,11,0,7,10,13,2,5,12,3,0",92898,1,4848,2
"6,9,2,5,8,11,0,7,12,1,4,13,10,3,6",94528,1,14,14
"6,9,2,5,8,11,4,7,12,3,0,13,10,1,6",83456,1,14,14
"6,9,2,5,10,1,4,11,8,3,12,7,0,13,6",60140,0,14,14
"6,9,2,5,10,3,0,7,12,1,8,13,10,3,6",92898,1,4848,2
"6,9,2,5,10,13,4,11,0,3,8,1,6,9,12",92898,1,4848,2
"6,9,2,5,12,1,4,11,0,7,10,13,6,9,2",92898,1,4848,2
"6,9,2,7,4,11,0,5,12,9,2,7,10,3,0",92898,1,4848,2
"6,9,2,7,4,11,0,5,12,9,2,7,10,3,6",92898,1,4848,2
"6,9,2,7,4,11,0,5,12,9,2,13,10,3,0",92898,1,4848,2
"6,9,2,7,4,13,0,5,12,9,2,7,10,1,6",92898,1,4848,2
"6,9,2,7,4,13,0,5,12,9,2,7,10,3,0",92898,1,4848,2
"6,9,2,7,4,13,0,5,12,9,2,7,10,3,6",92898,1,4848,2
"6,9,2,7,4,13,0,5,12,9,2,11,8,3,0",92898,1,4848,2
"6,9,2,7,10,1,4,11,0,5,8,13,6,9,12",92898,1,4848,2
"6,9,2,7,10,3,0,5,12,1,8,13,10,3,6",92898,1,4848,2
"6,9,2,7,10,13,0,5,12,1,4,7,10,3,6",92898,1,4848,2
"6,9,2,7,10,13,4,11,0,3,8,1,6,9,12",92898,1,4848,2
"6,9,2,7,10,13,4,11,0,5,8,1,6,9,12",92898,1,4848,2
"6,9,2,13,8,1,4,11,0,3,10,13,6,9,12",92898,1,4848,2
"6,9,2,13,8,1,4,11,6,3,10,7,0,9,12",92898,1,4848,2
"6,9,2,13,8,1,4,11,6,3,10,13,8,1,12",92898,1,4848,2
"6,9,2,13,8,1,12,5,0,11,4,7,10,3,6",74444,1,14,14
"6,9,2,13,8,3,12,7,4,11,0,5,10,1,6",81900,0,14,14
"6,9,2,13,8,11,0,5,10,1,4,7,12,3,6",92898,1,4848,2
"6,9,4,1,10,13,0,7,12,5,8,11,2,9,0",92898,1,4848,2
"6,9,4,13,8,3,0,11,6,1,10,5,8,3,12",92898,1,4848,2
"6,9,4,13,8,3,0,11,6,1,10,13,8,3,12",92898,1,4848,2
"6,9,12,1,4,11,0,3,6,9,2,5,8,11,0",92898,1,4848,2
"6,9,12,1,4,11,0,3,6,9,2,7,10,13,0",92898,1,4848,2
"6,9,12,1,4,11,0,3,6,9,2,13,8,11,0",92898,1,4848,2
"6,9,12,1,8,11,0,3,6,13,2,5,8,11,0",92898,1,4848,2
"6,9,12,1,8,11,0,3,6,13,2,5,8,11,4",92898,1,4848,2
"6,9,12,1,8,13,0,3,6,11,2,7,10,13,0",92898,1,4848,2
"6,9,12,1,8,13,0,3,6,11,4,7,10,13,2",92898,1,4848,2
"6,9,12,3,8,11,2,5,10,1,4,7,0,13,6",80415,1,14,14
"6,9,12,3,8,13,2,5,0,11,4,7,10,13,2",92898,1,4848,2
"6,9,12,3,8,13,4,1,6,11,0,7,10,13,2",92898,1,4848,2
"6,9,12,3,8,13,4,1,6,11,2,7,10,13,4",92898,1,4848,2
"6,9,12,3,10,1,4,7,0,5,8,11,2,9,12",92898,1,4848,2
"6,9,12,3,10,1,4,7,0,5,8,13,2,9,12",92898,1,4848,2
"6,9,12,3,10,13,2,7,0,5,8,11,4,9,12",92898,1,4848,2
"6,9,12,3,10,13,4,7,0,5,8,11,2,9,12",92898,1,4848,2
"6,9,12,5,0,11,4,1,8,13,2,7,10,3,6",74436,1,14,14
"6,9,12,5,0,11,4,1,10,7,2,13,6,3,12",92898,1,4848,2
"6,9,12,5,0,11,4,1,10,7,2,13,8,3,12",92898,1,4848,2
"6,9,12,5,0,13,4,1,8,11,2,7,10,3,6",74387,1,14,14
"6,9,12,5,2,11,0,3,10,7,4,13,6,1,12",92898,1,4848,2
"6,9,12,5,8,1,4,7,0,3,10,13,2,9,12",92898,1,4848,2
"6,9,12,5,8,11,0,3,10,13,2,5,8,1,4",92898,1,4848,2
"6,9,12,5,10,13,0,3,8,1,4,7,10,13,6",92898,1,4848,2
"6,9,12,5,10,13,2,7,0,3,8,5,10,13,6",92898,1,4848,2
"6,9,12,5,10,13,2,7,0,3,8,11,4,9,12",92898,1,4848,2
"6,9,12,5,10,13,4,7,0,3,8,11,2,9,12",92898,1,4848,2
"6,11,0,3,8,1,4,7,12,5,10,13,2,9,0",92898,1,4848,2
"6,11,0,3,8,1,4,9,12,5,10,13,2,7,0",92898,1,4848,2
"6,11,0,3,8,13,4,9,6,11,0,7,12,1,4",92898,1,4848,2
"6,11,0,3,8,13,4,9,6,11,2,7,12,1,4",92898,1,4848,2
"6,11,0,3,10,1,4,7,12,5,8,13,2,9,0",92898,1,4848,2
"6,11,0,3,10,1,4,9,12,5,8,13,2,7,0",92898,1,4848,2
"6,11,0,5,8,1,4,9,12,3,10,13,2,7,0",92898,1,4848,2
"6,11,0,5,8,13,2,7,10,1,4,9,12,3,6",82354,0,14,14
"6,11,0,5,8,13,2,7,12,3,0,5,10,1,6",92898,1,4848,2
"6,11,0,5,10,1,8,13,2,7,12,3,6,9,0",92898,1,4848,2
"6,11,0,5,10,1,8,13,2,7,12,3,6,11,0",92898,1,4848,2
"6,11,0,5,10,3,8,13,2,7,12,1,4,9,0",92898,1,4848,2
"6,11,0,5,10,3,8,13,2,7,12,1,6,11,0",92898,1,4848,2
"6,11,0,5,12,1,4,9,2,7,10,13,6,11,0",92898,1,4848,2
"6,11,0,5,12,1,8,13,2,7,10,3,6,11,0",92898,1,4848,2
"6,11,0,5,12,3,8,13,2,7,10,1,4,11,0",92898,1,4848,2
"6,11,0,5,12,3,8,13,2,7,10,1,6,11,0",92898,1,4848,2
"6,11,0,5,12,9,2,13,8,1,4,7,10,3,6",92466,0,14,14
"6,11,0,5,12,9,4,13,8,3,0,7,2,11,6",92898,1,4848,2
"6,11,0,7,4,1,8,13,2,9,12,3,6,11,0",92898,1,4848,2
"6,11,0,7,4,13,8,3,12,9,2,5,10,1,6",82929,0,14,14
"6,11,0,7,10,1,4,9,2,5,8,13,6,11,0",92898,1,4848,2
"6,11,0,7,10,1,8,13,2,5,12,3,6,9,0",92898,1,4848,2
"6,11,0,7,10,1,8,13,2,5,12,3,6,11,0",92898,1,4848,2
"6,11,0,7,10,3,8,13,2,5,12,1,6,11,0",93709,0,12,12
"6,11,0,7,10,13,2,5,12,3,0,7,10,1,6",92898,1,4848,2
"6,11,0,7,10,13,2,5,12,3,0,7,10,1,8",92898,1,4848,2
"6,11,0,7,12,1,4,9,2,5,8,13,6,11,0",92898,1,4848,2
"6,11,0,7,12,1,4,9,2,5,10,13,6,11,0",92898,1,4848,2
"6,11,0,7,12,1,8,13,2,5,10,3,6,9,0",92898,1,4848,2
"6,11,0,7,12,1,8,13,2,5,10,3,6,11,0",92898,1,4848,2
"6,11,0,7,12,1,8,13,2,5,10,3,6,11,8",92898,1,4848,2
"6,11,0,7,12,3,8,13,2,5,10,1,6,11,0",92898,1,4848,2
"6,11,0,7,12,3,8,13,2,5,10,1,6,11,8",92898,1,4848,2
"6,11,0,7,12,3,8,13,4,9,0,5,10,1,6",92898,1,4848,2
"6,11,0,13,8,1,4,9,2,5,10,13,6,11,0",92898,1,4848,2
"6,11,2,5,0,9,4,13,8,11,2,7,10,1,6",92898,1,4848,2
"6,11,2,5,8,13,0,7,10,1,4,9,12,3,6",94783,1,14,14
"6,11,2,5,8,13,4,7,10,3,0,9,12,1,6",82259,1,14,14
"6,11,2,5,8,13,4,9,0,11,2,7,12,3,6",92898,1,4848,2
"6,11,2,5,10,1,8,13,0,7,12,3,6,11,2",92898,1,4848,2
"6,11,2,5,10,3,0,7,12,1,8,13,10,3,6",92898,1,4848,2
"6,11,2,5,10,3,8,13,0,7,12,1,6,11,2",102581,1,12,12
"6,11,2,5,12,1,8,13,0,7,10,3,6,11,2",92370,1,12,12
"6,11,2,5,12,3,0,7,10,1,8,5,12,3,6",92898,1,4848,2
"6,11,2,5,12,3,8,13,0,7,10,1,6,11,2",93214,1,12,12
"6,11,2,5,12,9,0,13,8,1,4,7,10,3,6",97572,1,14,14
"6,11,2,5,12,9,4,13,8,3,0,7,10,1,6",93360,1,14,14
"6,11,2,7,0,3,8,13,4,9,12,1,6,11,2",92898,1,4848,2
"6,11,2,7,0,3,8,13,4,9,12,5,0,11,6",92898,1,4848,2
"6,11,2,7,0,13,4,9,12,5,10,7,0,3,8",92898,1,4848,2
"6,11,2,7,4,9,0,5,10,13,2,7,12,3,0",92898,1,4848,2
"6,11,2,7,4,9,0,5,10,13,2,7,12,3,8",92898,1,4848,2
"6,11,2,7,10,1,8,13,0,5,12,3,6,9,2",92898,1,4848,2
"6,11,2,7,10,1,8,13,0,5,12,3,6,11,2",92898,1,4848,2
"6,11,2,7,10,3,0,5,12,1,8,13,10,3,6",92898,1,4848,2
"6,11,2,7,10,3,0,9,4,13,8,5,12,1,6",69780,0,14,14
"6,11,2,7,10,3,8,13,0,5,12,1,6,11,2",104470,1,12,12
"6,11,2,7,10,13,0,5,12,1,4,7,10,3,6",92898,1,4848,2
"6,11,2,7,10,13,4,9,0,5,2,7,12,3,8",92898,1,4848,2
"6,11,2,7,12,1,4,9,0,5,10,7,12,3,8",92898,1,4848,2
"6,11,2,7,12,1,4,9,0,5,10,13,6,11,2",92898,1,4848,2
"6,11,2,7,12,1,8,5,0,9,4,13,10,3,6",69619,0,14,14
"6,11,2,7,12,1,8,13,0,5,10,3,6,11,2",81498,0,12,12
"6,11,2,7,12,3,8,13,0,5,10,1,6,3,8",92898,1,4848,2
"6,11,2,7,12,3,8,13,0,5,10,1,6,11,2",92898,1,4848,2
"6,11,2,7,12,3,8,13,4,9,0,5,10,1,6",92898,1,4848,2
"6,11,2,7,12,9,0,5,10,1,4,7,12,3,6",92898,1,4848,2
"6,11,2,7,12,9,0,5,10,1,4,7,12,3,8",92898,1,4848,2
"6,11,2,7,12,9,4,13,0,5,2,7,10,3,8",92898,1,4848,2
"6,11,2,13,4,9,0,5,8,11,2,7,10,3,0",92898,1,4848,2
"6,11,2,13,4,9,0,5,8,11,2,7,12,3,0",92898,1,4848,2
"6,11,4,1,8,13,0,9,6,11,2,5,12,3,0",92898,1,4848,2
"6,11,4,1,8,13,0,9,6,11,4,7,12,3,0",92898,1,4848,2
"6,11,4,1,8,13,2,9,6,11,4,7,0,13,2",92898,1,4848,2
"6,11,4,7,0,13,2,9,12,5,10,7,0,3,8",92898,1,4848,2
"6,11,4,7,10,1,8,13,0,5,12,3,6,9,2",92898,1,4848,2
"6,11,4,7,10,1,8,13,0,5,12,3,6,11,2",92898,1,4848,2
"6,11,4,7,10,1,8,13,2,5,12,3,6,9,0",92898,1,4848,2
"6,11,4,7,10,1,8,13,2,5,12,3,6,11,0",92898,1,4848,2
"6,11,4,7,10,13,2,9,12,1,4,7,0,3,6",92898,1,4848,2
"6,11,4,7,12,1,8,13,2,5,10,3,6,9,0",92898,1,4848,2
"6,11,4,7,12,1,8,13,2,5,10,3,6,11,0",92898,1,4848,2
"6,11,4,7,12,1,8,13,2,5,10,3,6,11,8",92898,1,4848,2
"6,11,4,7,12,3,0,9,2,5,10,13,6,11,0",92898,1,4848,2
"6,11,4,9,12,1,8,13,2,5,10,3,6,11,0",92898,1,4848,2
"6,11,4,9,12,1,8,13,2,5,10,3,6,11,8",92898,1,4848,2
"6,11,4,9,12,1,8,13,2,7,10,3,6,11,0",92898,1,4848,2
"6,11,4,13,8,3,0,9,2,5,10,13,6,11,0",92898,1,4848,2
"6,11,8,13,0,9,4,1,6,11,2,7,12,3,8",92898,1,4848,2
"6,11,8,13,0,9,4,1,6,11,2,7,12,9,4",92898,1,4848,2
"6,11,8,13,4,9,0,3,6,11,2,7,12,9,0",92898,1,4848,2
"6,13,0,3,12,9,4,7,10,5,0,11,2,13,8",92898,1,4848,2
"6,13,0,3,12,9,4,11,8,5,0,7,2,13,10",92898,1,4848,2
"6,13,0,5,8,11,2,7,10,1,4,9,12,3,6",82832,0,14,14
"6,13,0,5,10,1,8,11,2,7,12,3,6,13,0",81839,0,12,12
"6,13,0,5,10,3,8,11,2,7,12,1,6,13,0",81309,0,12,12
"6,13,0,5,12,1,8,11,2,7,10,3,6,13,0",102268,1,12,12
"6,13,0,5,12,3,8,11,2,7,10,1,6,13,0",92898,1,4848,2
"6,13,0,5,12,9,4,11,8,3,0,7,2,13,10",92898,1,4848,2
"6,13,0,7,4,1,8,11,2,13,10,3,6,9,0",92898,1,4848,2
"6,13,0,7,4,1,10,5,2,11,8,3,12,9,6",84242,0,14,14
"6,13,0,7,4,11,8,3,12,9,2,5,10,1,6",74951,0,14,14
"6,13,0,7,10,1,8,11,2,5,12,3,6,9,0",92898,1,4848,2
"6,13,0,7,10,1,8,11,2,5,12,3,6,13,0",92898,1,4848,2
"6,13,0,7,10,3,8,11,2,5,12,1,6,9,0",92898,1,4848,2
"6,13,0,7,10,3,8,11,2,5,12,1,6,13,0",92898,1,4848,2
"6,13,0,7,12,1,8,11,2,5,10,3,6,9,0",92898,1,4848,2
"6,13,0,7,12,1,8,11,2,5,10,3,6,13,0",92898,1,4848,2
"6,13,0,7,12,3,8,11,2,5,10,1,6,13,0",80357,0,12,12
"6,13,0,7,12,3,8,11,4,1,10,5,2,9,6",73628,0,14,14
"6,13,0,7,12,9,2,5,10,3,0,7,12,1,6",92898,1,4848,2
"6,13,0,7,12,9,2,5,10,3,0,7,12,1,8",92898,1,4848,2
"6,13,0,9,4,1,8,3,6,13,10,5,12,1,8",92898,1,4848,2
"6,13,0,11,4,1,8,3,6,13,10,5,12,1,8",92898,1,4848,2
"6,13,2,5,8,11,0,7,10,1,4,9,12,3,6",92898,1,4848,2
"6,13,2,5,8,11,0,7,10,13,2,5,12,1,4",92898,1,4848,2
"6,13,2,5,8,11,0,7,10,13,2,5,12,3,0",92898,1,4848,2
"6,13,2,5,8,11,4,7,10,3,0,9,12,1,6",82611,1,14,14
"6,13,2,5,8,11,4,7,10,13,2,9,12,1,4",92898,1,4848,2
"6,13,2,5,10,1,8,11,0,7,12,3,6,13,2",73677,0,12,12
"6,13,2,5,10,3,8,11,0,7,12,1,4,9,2",92898,1,4848,2
"6,13,2,5,10,3,8,11,0,7,12,1,6,9,2",92898,1,4848,2
"6,13,2,5,10,3,8,11,0,7,12,1,6,13,2",92898,1,4848,2
"6,13,2,5,12,1,8,11,0,7,10,3,6,9,2",92898,1,4848,2
"6,13,2,5,12,1,8,11,0,7,10,3,6,13,2",92898,1,4848,2
"6,13,2,5,12,3,0,7,10,1,8,5,12,3,6",92898,1,4848,2
"6,13,2,5,12,3,8,11,0,7,10,1,6,13,2",91046,1,12,12
"6,13,2,7,0,3,8,11,4,13,10,1,6,9,2",92898,1,4848,2
"6,13,2,7,0,3,8,11,4,13,10,5,0,9,2",92898,1,4848,2
"6,13,2,7,4,9,0,5,10,13,2,7,12,3,0",92898,1,4848,2
"6,13,2,7,4,9,0,5,10,13,2,7,12,3,8",92898,1,4848,2
"6,13,2,7,10,1,4,11,0,5,12,9,6,13,2",92898,1,4848,2
"6,13,2,7,10,1,8,11,0,5,12,3,6,9,2",92898,1,4848,2
"6,13,2,7,10,1,8,11,0,5,12,3,6,13,2",92898,1,4848,2
"6,13,2,7,10,3,8,11,0,5,12,1,4,9,2",92898,1,4848,2
"6,13,2,7,10,3,8,11,0,5,12,1,6,9,2",92898,1,4848,2
"6,13,2,7,10,3,8,11,0,5,12,1,6,13,2",92898,1,4848,2
"6,13,2,7,12,1,8,11,0,5,10,3,6,13,2",81381,0,12,12
"6,13,2,7,12,3,8,11,0,5,10,1,6,3,8",92898,1,4848,2
"6,13,2,7,12,3,8,11,0,5,10,1,6,13,2",92898,1,4848,2
"6,13,2,7,12,3,8,11,4,1,10,5,0,9,6",69489,0,14,14
"6,13,2,7,12,9,0,5,10,1,4,7,12,3,6",92898,1,4848,2
"6,13,2,7,12,9,0,5,10,1,4,7,12,3,8",92898,1,4848,2
"6,13,2,9,12,1,8,11,4,7,10,3,6,13,2",92898,1,4848,2
"6,13,4,1,8,11,0,9,6,13,2,5,12,3,0",92898,1,4848,2
"6,13,4,7,10,1,8,11,0,5,12,3,6,9,2",92898,1,4848,2
"6,13,4,7,10,1,8,11,0,5,12,3,6,13,2",92898,1,4848,2
"6,13,4,7,10,1,8,11,2,5,12,3,6,9,0",92898,1,4848,2
"6,13,4,7,10,1,8,11,2,5,12,3,6,13,0",92898,1,4848,2
"6,13,4,7,10,3,0,11,2,5,12,9,6,13,0",92898,1,4848,2
"6,13,4,7,10,3,8,11,0,5,12,1,6,9,2",92898,1,4848,2
"6,13,4,7,10,3,8,11,0,5,12,1,6,13,2",92898,1,4848,2
"6,13,4,7,10,3,8,11,2,5,12,1,6,9,0",92898,1,4848,2
"6,13,4,7,10,3,8,11,2,5,12,1,6,13,0",92898,1,4848,2
"6,13,4,7,12,1,8,11,2,5,10,3,6,9,0",92898,1,4848,2
"6,13,4,7,12,1,8,11,2,5,10,3,6,13,0",92898,1,4848,2
"6,13,8,5,0,11,4,1,10,7,2,9,6,3,12",92898,1,4848,2
"6,13,8,5,2,9,4,1,10,7,0,11,6,3,12",92898,1,4848,2
"6,13,8,5,2,9,4,1,10,13,0,7,12,3,6",92898,1,4848,2
"6,13,8,5,2,9,4,1,12,7,0,11,6,3,10",92898,1,4848,2
"6,13,8,5,2,9,4,1,12,7,0,11,6,9,4",92898,1,4848,2
"6,13,8,5,2,11,4,1,10,7,0,9,6,3,12",92898,1,4848,2
"6,13,8,5,2,11,4,1,12,7,0,9,6,3,10",92898,1,4848,2
"6,13,10,1,8,11,0,3,6,13,2,5,8,11,0",92898,1,4848,2
"6,13,10,1,8,11,0,3,6,13,2,5,8,11,4",92898,1,4848,2
"6,13,10,1,8,11,0,3,6,13,2,7,12,9,0",92898,1,4848,2
"6,13,10,1,8,11,0,7,4,13,2,5,12,9,0",92898,1,4848,2
"6,13,10,1,8,11,2,7,4,13,0,5,12,9,2",92898,1,4848,2
"6,13,10,3,0,11,4,1,8,5,2,9,6,13,10",92898,1,4848,2
"6,13,10,3,0,11,4,1,8,13,2,9,6,11,4",92898,1,4848,2
"6,13,10,3,8,11,2,7,0,13,4,9,12,5,10",92898,1,4848,2
"6,13,10,3,8,11,4,1,6,13,0,7,12,9,2",92898,1,4848,2
"6,13,10,3,8,11,4,7,0,13,2,9,12,5,10",92898,1,4848,2
"6,13,10,5,0,9,4,1,8,11,2,7,12,3,6",73650,1,14,14
"6,13,10,5,0,9,4,1,8,13,2,7,12,3,6",92898,1,4848,2
"6,13,10,5,0,9,4,1,12,7,2,11,6,9,4",92898,1,4848,2
"6,13,10,5,2,9,0,3,8,13,4,11,6,1,10",92898,1,4848,2
"6,13,10,5,2,9,0,3,12,7,4,11,6,9,0",92898,1,4848,2
"6,13,10,5,2,9,4,1,8,13,0,7,12,3,6",92898,1,4848,2
"6,13,10,5,2,9,4,1,8,13,0,11,6,3,10",92898,1,4848,2
"6,13,10,5,2,9,4,1,12,7,0,11,6,3,10",92898,1,4848,2
"6,13,10,5,2,9,4,1,12,7,0,11,6,9,4",92898,1,4848,2
"6,13,10,5,2,9,4,1,12,7,0,11,8,3,10",92898,1,4848,2
"6,13,10,5,2,11,4,1,8,13,0,9,6,11,4",92898,1,4848,2
"6,13,10,5,2,11,4,1,12,7,0,9,6,3,10",92898,1,4848,2
"6,13,10,5,8,3,0,7,2,13,10,5,12,9,4",92898,1,4848,2
"6,13,10,5,8,3,0,7,2,13,10,5,12,9,6",92898,1,4848,2
"6,13,10,5,12,1,8,3,0,7,10,5,12,9,2",92898,1,4848,2
"6,13,10,5,12,1,8,3,0,7,10,5,12,9,4",92898,1,4848,2
"6,13,10,7,0,11,4,1,12,5,2,9,6,3,10",92898,1,4848,2
"6,13,10,7,2,9,4,1,12,5,0,11,6,3,10",92898,1,4848,2
"6,13,10,7,2,9,4,1,12,5,0,11,8,3,10",92898,1,4848,2
"6,13,10,7,4,1,8,3,0,13,10,5,12,9,6",92898,1,4848,2
"6,13,10,7,4,1,8,5,2,13,10,3,0,11,8",92898,1,4848,2
"7,0,3,6,9,12,5,8,11,0,3,10,13,2,5",92898,0,4848,2
"7,0,3,6,9,12,5,10,13,0,3,8,1,4,7",92898,0,4848,2
"7,0,3,6,11,4,9,12,1,8,13,2,5,10,3",92898,0,4848,2
"7,0,3,6,11,4,9,12,1,8,13,2,7,10,3",92898,0,4848,2
"7,0,3,6,13,2,9,12,1,8,11,4,7,10,3",92898,0,4848,2
"7,0,3,8,1,12,5,10,13,6,3,8,1,4,9",92898,0,4848,2
"7,0,3,8,1,12,5,10,13,6,3,8,1,4,11",92898,0,4848,2
"7,0,3,8,5,10,13,6,11,0,3,8,1,4,7",92898,0,4848,2
"7,0,3,8,5,10,13,6,11,0,3,8,1,4,9",92898,0,4848,2
"7,0,3,8,11,2,9,12,1,6,13,4,7,10,3",92898,0,4848,2
"7,0,3,8,11,2,9,12,5,0,13,4,7,2,9",92898,0,4848,2
"7,0,3,8,11,4,9,12,1,6,13,2,5,10,3",92898,0,4848,2
"7,0,3,8,11,4,9,12,1,6,13,2,7,4,9",92898,0,4848,2
"7,0,3,8,11,4,9,12,1,6,13,2,7,10,3",92898,0,4848,2
"7,0,3,8,11,4,9,12,5,0,13,2,7,10,3",92898,0,4848,2
"7,0,3,8,11,4,9,12,5,0,13,6,1,10,7",92898,0,4848,2
"7,0,3,8,11,4,13,10,1,6,9,2,7,4,13",92898,0,4848,2
"7,0,3,8,11,4,13,10,5,0,9,2,7,12,3",92898,0,4848,2
"7,0,3,8,13,4,9,12,1,6,11,2,7,4,9",92898,0,4848,2
"7,0,3,8,13,4,9,12,5,0,11,6,1,10,7",92898,0,4848,2
"7,0,3,8,13,4,9,12,5,2,11,6,1,10,7",90867,1,14,14
"7,0,3,10,5,2,9,6,13,0,11,4,1,8,3",92898,0,4848,2
"7,0,3,10,5,2,9,12,7,0,13,6,1,4,11",92898,0,4848,2
"7,0,3,10,5,2,11,6,13,0,9,4,1,8,3",92898,0,4848,2
"7,0,3,10,13,2,9,12,5,0,11,4,7,2,9",92898,0,4848,2
"7,0,3,10,13,2,9,12,5,8,11,4,7,0,3",92898,0,4848,2
"7,0,3,12,5,2,11,6,9,0,13,8,1,4,11",92898,0,4848,2
"7,0,3,12,5,2,13,6,9,0,11,8,1,4,13",92898,0,4848,2
"7,0,3,12,5,2,13,10,7,0,11,6,1,4,13",92898,0,4848,2
"7,0,3,12,5,2,13,10,7,0,11,8,5,2,9",92898,0,4848,2
"7,0,3,12,5,2,13,10,7,0,11,8,5,2,13",92898,0,4848,2
"7,0,5,8,11,2,9,12,1,6,13,4,7,10,3",92898,0,4848,2
"7,0,5,8,11,2,9,12,3,6,13,4,7,10,1",92898,0,4848,2
"7,0,5,8,11,4,9,12,1,6,13,2,7,4,9",92898,0,4848,2
"7,0,5,8,11,4,9,12,1,6,13,2,7,10,3",92898,0,4848,2
"7,0,5,8,11,4,9,12,3,0,13,6,1,10,7",92898,0,4848,2
"7,0,5,8,11,4,9,12,3,6,13,2,7,10,1",92898,0,4848,2
"7,0,5,8,13,2,9,12,3,6,11,4,7,10,1",92898,0,4848,2
"7,0,9,6,1,12,5,2,11,8,3,10,7,0,13",92898,0,4848,2
"7,0,9,6,1,12,5,2,11,8,3,10,7,4,13",92898,0,4848,2
"7,0,9,6,3,10,5,2,11,8,1,12,7,0,13",92898,0,4848,2
"7,0,9,6,3,10,5,2,11,8,1,12,7,4,13",92898,0,4848,2
"7,0,9,6,3,10,5,2,13,8,1,12,7,0,11",92898,0,4848,2
"7,0,9,6,3,10,5,2,13,8,1,12,7,4,11",92898,0,4848,2
"7,0,9,6,3,10,13,2,11,8,1,4,7,0,13",92898,0,4848,2
"7,0,9,6,3,12,5,2,11,8,1,10,7,0,13",92898,0,4848,2
"7,0,9,6,3,12,5,2,11,8,1,10,7,4,13",92898,0,4848,2
"7,0,9,6,3,12,5,2,13,8,1,10,7,0,11",92898,0,4848,2
"7,0,9,6,3,12,5,2,13,8,1,10,7,4,11",92898,0,4848,2
"7,0,9,12,5,2,13,4,7,0,11,8,1,10,13",92898,0,4848,2
"7,0,11,4,1,12,5,2,9,6,3,10,7,0,11",92898,0,4848,2
"7,0,11,6,1,4,13,8,3,12,9,6,1,10,5",92898,0,4848,2
"7,0,11,6,1,4,13,8,3,12,9,6,1,10,7",92898,0,4848,2
"7,0,11,6,1,10,5,2,9,12,3,8,13,4,7",68285,0,14,14
"7,0,11,6,1,10,5,2,13,8,3,12,7,0,11",92898,0,4848,2
"7,0,11,6,1,10,5,2,13,8,3,12,7,10,5",92898,0,4848,2
"7,0,11,6,1,12,5,2,13,8,3,10,7,0,11",83663,0,12,12
"7,0,11,6,3,10,5,2,13,8,1,12,7,0,11",92898,0,4848,2
"7,0,11,6,3,10,5,2,13,8,1,12,7,4,11",92898,0,4848,2
"7,0,11,6,3,10,5,2,13,8,1,12,9,4,11",92898,0,4848,2
"7,0,11,6,3,12,5,2,13,8,1,10,7,0,11",92898,0,4848,2
"7,0,11,6,3,12,5,2,13,8,1,10,7,4,11",92898,0,4848,2
"7,0,11,6,3,12,9,2,13,8,1,4,7,0,11",92898,0,4848,2
"7,0,11,6,9,4,13,8,3,0,11,6,1,10,5",92898,0,4848,2
"7,0,11,6,9,4,13,8,3,0,11,6,1,10,13",92898,0,4848,2
"7,0,11,6,13,10,5,2,9,0,3,8,13,4,11",92898,0,4848,2
"7,0,11,6,13,10,5,2,9,0,3,12,7,4,11",92898,0,4848,2
"7,0,11,8,1,10,5,2,13,6,3,12,7,0,11",85015,1,12,12
"7,0,11,8,1,10,13,6,3,12,5,8,1,10,7",92898,0,4848,2
"7,0,11,8,1,12,5,2,13,6,3,10,7,0,11",92898,0,4848,2
"7,0,11,8,1,12,5,2,13,6,3,10,7,4,11",92898,0,4848,2
"7,0,11,8,3,10,5,2,13,6,1,12,7,0,11",92898,0,4848,2
"7,0,11,8,3,10,5,2,13,6,1,12,7,4,11",92898,0,4848,2
"7,0,11,8,3,10,5,2,13,6,1,12,9,4,11",92898,0,4848,2
"7,0,11,8,3,12,5,2,13,6,1,10,7,0,11",90777,1,12,12
"7,0,11,8,5,2,9,6,3,0,11,4,1,12,9",92898,0,4848,2
"7,0,11,8,5,2,9,6,3,10,13,4,1,12,7",85064,0,14,14
"7,0,11,8,5,2,13,6,3,0,11,8,1,10,13",92898,0,4848,2
"7,0,11,8,5,2,13,6,3,0,11,8,1,12,9",92898,0,4848,2
"7,0,11,8,5,2,13,6,3,12,9,4,1,10,7",92898,0,4848,2
"7,0,13,2,9,12,5,10,7,0,3,8,1,12,5",92898,0,4848,2
"7,0,13,4,9,12,5,10,7,0,3,8,1,12,5",92898,0,4848,2
"7,0,13,6,1,4,11,8,3,10,13,6,1,12,5",92898,0,4848,2
"7,0,13,6,1,4,11,8,3,10,13,6,1,12,7",92898,0,4848,2
"7,0,13,6,1,10,5,2,9,12,3,8,11,4,7",68349,0,14,14
"7,0,13,6,1,10,5,2,11,8,3,12,7,0,13",84454,1,12,12
"7,0,13,6,1,12,5,2,11,8,3,10,7,0,13",92898,0,4848,2
"7,0,13,6,1,12,5,2,11,8,3,10,7,4,13",92898,0,4848,2
"7,0,13,6,3,10,5,2,11,8,1,12,7,0,13",92898,0,4848,2
"7,0,13,6,3,10,5,2,11,8,1,12,7,4,13",92898,0,4848,2
"7,0,13,6,3,12,5,2,11,8,1,10,7,0,13",92898,0,4848,2
"7,0,13,6,3,12,5,2,11,8,1,10,7,4,13",92898,0,4848,2
"7,0,13,6,9,2,5,10,1,4,11,8,3,12,7",60140,1,14,14
"7,0,13,6,9,12,3,8,11,2,5,10,1,4,7",80415,0,14,14
"7,0,13,6,9,12,5,2,11,0,3,10,7,4,13",92898,0,4848,2
"7,0,13,8,1,4,9,2,5,10,13,6,11,0,3",92898,0,4848,2
"7,0,13,8,1,10,5,2,11,6,3,12,7,0,13",92898,0,4848,2
"7,0,13,8,1,12,5,2,11,6,3,10,7,0,13",103193,0,12,12
"7,0,13,8,3,10,5,2,11,6,1,12,7,0,13",59624,1,12,12
"7,0,13,8,3,12,5,2,11,6,1,10,7,0,13",90874,1,12,12
"7,0,13,8,5,2,11,6,3,12,9,4,1,10,7",84311,0,14,14
"7,0,13,10,1,4,9,2,5,8,13,6,11,0,3",92898,0,4848,2
"7,0,13,10,1,4,9,6,3,8,13,2,11,0,5",92898,0,4848,2
"7,2,5,0,9,4,13,10,7,2,11,6,1,4,13",92898,0,4848,2
"7,2,5,0,13,4,9,12,7,2,11,6,1,4,9",92898,0,4848,2
"7,2,5,0,13,4,9,12,7,2,11,6,1,10,5",92898,0,4848,2
"7,2,9,0,5,10,13,4,11,8,3,0,7,2,13",92898,0,4848,2
"7,2,9,4,1,12,5,0,11,6,3,10,7,2,13",92898,0,4848,2
"7,2,9,4,1,12,5,0,11,8,3,10,7,2,5",92898,0,4848,2
"7,2,9,4,1,12,5,0,11,8,3,10,7,2,13",92898,0,4848,2
"7,2,9,6,1,10,13,4,11,8,3,0,7,2,13",92898,0,4848,2
"7,2,9,6,1,12,5,0,11,8,3,10,7,2,5",92898,0,4848,2
"7,2,9,6,1,12,5,0,11,8,3,10,7,2,13",92898,0,4848,2
"7,2,9,6,1,12,5,0,11,8,3,10,7,4,13",92898,0,4848,2
"7,2,9,6,3,0,11,4,1,12,9,6,13,10,7",92898,0,4848,2
"7,2,9,6,3,12,5,0,11,8,1,10,7,2,13",92898,0,4848,2
"7,2,9,6,3,12,5,0,11,8,1,10,7,4,13",92898,0,4848,2
"7,2,9,6,3,12,5,0,13,8,1,10,7,2,11",92898,0,4848,2
"7,2,9,6,3,12,5,0,13,8,1,10,7,4,11",92898,0,4848,2
"7,2,9,6,13,0,11,4,1,8,3,6,13,10,5",92898,0,4848,2
"7,2,9,12,5,0,11,4,7,2,9,6,13,0,11",92898,0,4848,2
"7,2,9,12,5,0,13,4,7,2,9,6,1,10,13",92898,0,4848,2
"7,2,9,12,5,0,13,4,7,2,11,8,1,10,13",92898,0,4848,2
"7,2,11,0,9,4,13,8,5,2,11,6,1,10,13",92898,0,4848,2
"7,2,11,0,9,4,13,8,5,2,11,6,3,10,13",92898,0,4848,2
"7,2,11,6,1,4,9,0,13,8,11,6,3,10,5",92898,0,4848,2
"7,2,11,6,1,4,13,8,3,12,9,6,1,10,5",92898,0,4848,2
"7,2,11,6,1,4,13,8,3,12,9,6,1,10,7",92898,0,4848,2
"7,2,11,6,1,10,5,0,9,4,13,8,3,12,7",92898,0,4848,2
"7,2,11,6,1,10,5,0,13,8,3,12,7,2,11",92898,0,4848,2
"7,2,11,6,1,10,5,0,13,8,3,12,7,10,5",92898,0,4848,2
"7,2,11,6,1,12,5,0,13,8,3,10,7,2,11",59549,1,12,12
"7,2,11,6,1,12,5,8,13,4,9,0,3,10,7",89128,1,14,14
"7,2,11,6,1,12,9,4,13,8,3,0,7,2,11",92898,0,4848,2
"7,2,11,6,1,12,9,4,13,8,3,6,1,10,5",92898,0,4848,2
"7,2,11,6,3,0,9,4,13,8,11,6,1,10,5",92898,0,4848,2
"7,2,11,6,3,0,13,8,1,12,9,6,3,10,7",92898,0,4848,2
"7,2,11,6,3,10,5,0,13,8,1,12,7,2,11",101516,0,12,12
"7,2,11,6,3,10,13,4,9,0,5,8,1,12,7",83352,1,14,14
"7,2,11,6,3,10,13,8,1,12,5,0,3,10,7",92898,0,4848,2
"7,2,11,6,3,12,5,0,13,8,1,10,7,2,11",92898,0,4848,2
"7,2,11,6,3,12,5,0,13,8,1,10,7,4,11",92898,0,4848,2
"7,2,11,6,9,4,13,8,3,0,11,6,1,10,5",92898,0,4848,2
"7,2,11,6,9,4,13,8,3,0,11,6,1,10,13",92898,0,4848,2
"7,2,11,6,13,0,9,4,1,8,3,6,13,10,5",92898,0,4848,2
"7,2,11,6,13,10,5,0,9,4,1,8,13,2,7",92898,0,4848,2
"7,2,11,6,13,10,5,0,9,4,1,12,7,2,11",92898,0,4848,2
"7,2,11,8,1,4,9,0,5,10,13,6,3,12,7",97942,0,14,14
"7,2,11,8,1,4,13,0,5,12,9,6,3,10,7",98275,1,14,14
"7,2,11,8,1,10,5,0,13,6,3,12,7,2,11",97899,1,12,12
"7,2,11,8,1,10,13,6,3,12,5,8,1,10,7",92898,0,4848,2
"7,2,11,8,1,12,5,0,13,6,3,10,7,2,11",76343,1,12,12
"7,2,11,8,3,10,5,0,13,6,1,12,7,2,11",101385,0,12,12
"7,2,11,8,3,10,13,6,1,12,5,0,3,10,7",92898,0,4848,2
"7,2,11,8,3,12,5,0,13,6,1,10,7,2,11",92898,0,4848,2
"7,2,11,8,5,0,9,4,13,2,11,6,1,10,7",92898,0,4848,2
"7,2,11,8,5,0,9,6,3,10,13,4,1,12,7",69258,1,14,14
"7,2,11,8,5,0,13,6,3,12,9,4,1,10,7",98837,1,14,14
"7,2,11,8,13,4,9,0,5,2,11,6,3,12,7",92898,0,4848,2
"7,2,13,0,5,12,9,4,11,8,3,0,7,2,13",92898,0,4848,2
"7,2,13,6,1,10,5,0,9,4,13,8,3,12,7",92898,0,4848,2
"7,2,13,6,1,10,5,0,11,8,3,12,7,2,5",92898,0,4848,2
"7,2,13,6,1,10,5,0,11,8,3,12,7,2,13",92898,0,4848,2
"7,2,13,6,1,12,5,0,11,8,3,10,7,2,5",92898,0,4848,2
"7,2,13,6,1,12,5,0,11,8,3,10,7,2,13",92898,0,4848,2
"7,2,13,6,1,12,5,0,11,8,3,10,7,4,13",92898,0,4848,2
"7,2,13,6,1,12,9,4,11,8,3,0,7,2,13",92898,0,4848,2
"7,2,13,6,1,12,9,4,11,8,5,0,7,2,13",92898,0,4848,2
"7,2,13,6,3,0,11,8,1,10,13,6,3,12,5",92898,0,4848,2
"7,2,13,6,3,0,11,8,1,10,13,6,3,12,7",92898,0,4848,2
"7,2,13,6,3,10,5,0,11,8,1,12,7,2,13",101342,0,12,12
"7,2,13,6,3,12,5,0,11,8,1,10,7,2,13",92898,0,4848,2
"7,2,13,6,3,12,5,0,11,8,1,10,7,4,13",92898,0,4848,2
"7,2,13,6,3,12,9,4,11,8,5,0,7,2,13",92898,0,4848,2
"7,2,13,6,9,0,5,10,1,4,11,8,3,12,7",87938,0,14,14
"7,2,13,6,9,12,5,0,11,4,1,10,7,2,13",92898,0,4848,2
"7,2,13,8,1,4,9,0,5,10,13,6,11,2,7",92898,0,4848,2
"7,2,13,8,1,4,11,0,5,12,9,6,3,10,7",79228,1,14,14
"7,2,13,8,1,10,5,0,11,6,3,12,7,2,13",92898,0,4848,2
"7,2,13,8,1,10,5,0,11,6,3,12,9,2,13",92898,0,4848,2
"7,2,13,8,1,12,5,0,11,6,3,10,7,2,13",92898,0,4848,2
"7,2,13,8,1,12,9,4,11,6,3,0,7,2,13",92898,0,4848,2
"7,2,13,8,3,10,5,0,11,6,1,12,7,2,13",92898,0,4848,2
"7,2,13,8,3,10,5,0,11,6,1,12,9,4,13",92898,0,4848,2
"7,2,13,8,3,12,5,0,11,6,1,10,7,2,13",92898,0,4848,2
"7,2,13,8,3,12,5,0,11,6,1,10,7,4,13",92898,0,4848,2
"7,2,13,8,5,0,11,6,1,10,13,8,3,12,7",92898,0,4848,2
"7,2,13,8,5,0,11,6,3,12,9,4,1,10,7",64372,1,14,14
"7,2,13,8,5,12,9,4,1,10,3,0,11,6,13",92898,0,4848,2
"7,2,13,10,3,12,9,4,1,8,5,0,11,6,13",92898,0,4848,2
"7,2,13,10,3,12,9,6,1,8,5,0,11,4,13",92898,0,4848,2
"7,2,13,10,5,0,9,4,7,2,11,6,1,12,9",92898,0,4848,2
"7,2,13,10,5,0,9,4,7,2,13,6,1,12,9",92898,0,4848,2
"7,2,13,10,5,12,9,4,1,8,3,0,11,6,13",92898,0,4848,2
"7,2,13,10,5,12,9,6,1,8,3,0,11,4,13",92898,0,4848,2
"7,4,1,8,3,0,9,6,13,10,5,2,11,4,1",92898,0,4848,2
"7,4,1,8,3,0,11,6,13,10,5,2,9,4,1",92898,0,4848,2
"7,4,1,8,3,0,11,6,13,10,5,8,3,0,7",92898,0,4848,2
"7,4,1,8,3,0,13,10,5,12,9,6,3,0,7",92898,0,4848,2
"7,4,1,8,5,2,13,10,3,0,11,8,5,12,9",92898,0,4848,2
"7,4,1,8,5,12,9,6,13,10,3,0,11,4,1",92898,0,4848,2
"7,4,1,8,11,2,13,10,3,6,9,0,7,12,1",92898,0,4848,2
"7,4,1,8,13,0,9,12,5,2,11,6,3,10,7",84366,0,14,14
"7,4,1,8,13,2,9,12,3,6,11,0,5,10,1",92898,0,4848,2
"7,4,1,8,13,2,9,12,3,6,11,0,7,10,1",92898,0,4848,2
"7,4,1,8,13,2,9,12,5,0,11,6,3,10,7",64448,1,14,14
"7,4,1,10,3,0,9,6,13,8,5,2,11,4,1",92898,0,4848,2
"7,4,1,10,3,0,11,6,13,8,5,2,9,4,1",92898,0,4848,2
"7,4,1,10,3,12,9,6,13,8,5,0,11,4,1",92898,0,4848,2
"7,4,1,10,3,12,9,6,13,8,5,2,11,4,1",92898,0,4848,2
"7,4,1,10,5,0,9,12,7,2,11,6,3,0,9",92898,0,4848,2
"7,4,1,10,5,0,9,12,7,2,13,6,3,0,11",92898,0,4848,2
"7,4,1,10,5,0,11,8,13,2,9,6,3,0,11",92898,0,4848,2
"7,4,1,10,5,2,11,8,3,12,9,6,13,0,7",84242,1,14,14
"7,4,1,12,5,0,13,10,7,2,9,6,3,0,11",92898,0,4848,2
"7,4,1,12,5,0,13,10,7,2,11,6,3,0,13",92898,0,4848,2
"7,4,1,12,5,2,13,10,7,0,11,8,5,2,9",92898,0,4848,2
"7,4,1,12,5,2,13,10,7,0,11,8,5,2,13",92898,0,4848,2
"7,4,1,12,9,2,13,10,7,4,11,0,5,2,13",92898,0,4848,2
"7,4,1,12,9,2,13,10,7,4,11,6,3,0,13",92898,0,4848,2
"7,4,1,12,9,2,13,10,7,4,11,8,5,2,13",92898,0,4848,2
"7,4,9,0,5,10,13,2,7,12,3,0,5,10,1",92898,0,4848,2
"7,4,9,0,5,10,13,2,7,12,3,8,5,10,1",92898,0,4848,2
"7,4,9,12,3,0,13,6,1,8,5,2,11,4,13",92898,0,4848,2
"7,4,11,0,5,2,13,8,3,12,9,6,1,10,7",92898,0,4848,2
"7,4,11,0,5,10,1,6,9,2,13,8,3,12,7",81900,1,14,14
"7,4,11,0,5,12,1,8,13,2,9,6,3,10,7",79966,1,14,14
"7,4,11,0,5,12,9,2,7,10,3,0,5,12,1",92898,0,4848,2
"7,4,11,0,5,12,9,2,7,10,3,6,13,4,1",92898,0,4848,2
"7,4,11,0,5,12,9,2,13,10,3,0,7,4,1",92898,0,4848,2
"7,4,11,6,3,0,9,2,13,8,5,12,7,4,1",92898,0,4848,2
"7,4,11,6,3,0,9,2,13,10,5,12,7,4,1",92898,0,4848,2
"7,4,11,6,3,0,13,8,1,12,9,6,3,10,7",92898,0,4848,2
"7,4,11,6,3,10,13,8,1,12,5,0,3,10,7",92898,0,4848,2
"7,4,11,6,3,12,9,2,13,8,5,0,7,4,1",92898,0,4848,2
"7,4,11,6,9,0,13,8,1,4,11,2,5,10,13",92898,0,4848,2
"7,4,11,6,9,0,13,8,1,4,11,6,3,10,7",92898,0,4848,2
"7,4,11,6,9,0,13,8,1,4,11,6,3,10,13",92898,0,4848,2
"7,4,11,6,9,0,13,8,1,4,11,6,3,12,7",92898,0,4848,2
"7,4,11,6,9,2,13,8,1,4,11,0,3,10,13",92898,0,4848,2
"7,4,11,6,9,2,13,8,1,4,11,6,3,10,7",92898,0,4848,2
"7,4,11,6,9,2,13,8,1,4,11,6,3,10,13",92898,0,4848,2
"7,4,11,8,1,12,9,2,13,6,3,0,7,4,11",92898,0,4848,2
"7,4,11,8,3,0,9,2,13,10,5,12,7,4,1",92898,0,4848,2
"7,4,11,8,3,10,13,6,1,12,5,0,3,10,7",92898,0,4848,2
"7,4,11,8,3,12,9,2,5,10,1,6,13,0,7",74951,1,14,14
"7,4,11,8,5,2,9,6,1,10,13,0,3,12,7",87834,1,14,14
"7,4,11,8,5,2,13,6,1,12,9,0,3,10,7",98497,1,14,14
"7,4,11,8,5,2,13,6,3,0,11,8,1,10,13",92898,0,4848,2
"7,4,11,8,5,2,13,6,3,0,11,8,1,12,9",92898,0,4848,2
"7,4,11,8,5,12,9,2,13,10,3,0,7,4,1",92898,0,4848,2
"7,4,13,0,5,12,9,2,7,10,1,6,11,4,13",92898,0,4848,2
"7,4,13,0,5,12,9,2,7,10,3,0,5,12,1",92898,0,4848,2
"7,4,13,0,5,12,9,2,7,10,3,6,11,4,1",92898,0,4848,2
"7,4,13,0,5,12,9,2,11,8,3,0,7,4,13",92898,0,4848,2
"7,4,13,2,5,12,9,0,7,10,3,6,11,4,1",92898,0,4848,2
"7,4,13,6,1,12,9,2,11,8,3,0,7,4,13",92898,0,4848,2
"7,4,13,6,1,12,9,2,11,8,5,0,7,4,13",92898,0,4848,2
"7,4,13,6,3,0,9,2,11,8,5,12,7,0,13",92898,0,4848,2
"7,4,13,6,3,0,9,2,11,8,5,12,7,4,1",92898,0,4848,2
"7,4,13,6,3,0,9,2,11,8,5,12,7,4,13",92898,0,4848,2
"7,4,13,6,3,12,9,2,11,8,5,0,7,4,1",92898,0,4848,2
"7,4,13,6,3,12,9,2,11,8,5,0,7,4,13",92898,0,4848,2
"7,4,13,8,3,12,1,10,5,0,9,6,3,12,7",92898,0,4848,2
"7,4,13,8,3,12,9,2,5,10,1,6,11,0,7",82929,1,14,14
"7,4,13,8,5,2,11,6,1,12,9,0,3,10,7",88957,1,14,14
"7,4,13,10,3,0,9,6,1,8,5,2,11,4,13",92898,0,4848,2
"7,4,13,10,3,12,9,6,1,8,5,0,11,4,13",92898,0,4848,2
"7,4,13,10,3,12,9,6,1,8,5,2,11,4,13",92898,0,4848,2
"7,4,13,10,5,2,11,8,3,0,9,6,1,12,7",80834,1,14,14
"7,4,13,10,5,12,9,6,1,8,3,0,11,4,13",92898,0,4848,2
"7,10,1,4,9,2,5,8,13,6,11,0,3,10,1",92898,0,4848,2
"7,10,1,4,9,12,3,6,11,0,5,8,13,2,7",82354,1,14,14
"7,10,1,4,9,12,3,6,11,2,5,8,13,0,7",94783,0,14,14
"7,10,1,4,9,12,3,6,13,0,5,8,11,2,7",82832,1,14,14
"7,10,1,4,9,12,3,6,13,2,5,8,11,0,7",92898,0,4848,2
"7,10,1,4,11,0,5,8,13,6,9,12,3,10,1",92898,0,4848,2
"7,10,1,4,11,0,5,12,9,6,13,2,7,0,3",92898,0,4848,2
"7,10,1,4,11,2,5,8,13,6,9,0,3,10,1",92898,0,4848,2
"7,10,1,4,11,2,5,8,13,6,9,12,3,10,1",92898,0,4848,2
"7,10,1,6,9,12,3,8,13,2,5,0,11,4,7",92898,0,4848,2
"7,10,1,6,9,12,3,8,13,4,1,6,11,0,7",92898,0,4848,2
"7,10,1,6,9,12,3,8,13,4,1,6,11,2,7",92898,0,4848,2
"7,10,1,6,11,0,5,12,3,8,13,2,7,10,1",92898,0,4848,2
"7,10,1,6,11,0,5,12,9,4,13,8,3,0,7",92898,0,4848,2
"7,10,1,6,11,2,5,12,3,8,13,0,7,10,1",93214,0,12,12
"7,10,1,6,11,2,5,12,9,4,13,8,3,0,7",93360,0,14,14
"7,10,1,6,11,2,13,4,9,0,5,8,11,2,7",92898,0,4848,2
"7,10,1,6,11,4,13,8,3,0,9,2,5,10,13",92898,0,4848,2
"7,10,1,6,13,0,3,12,9,4,11,8,5,0,7",92898,0,4848,2
"7,10,1,6,13,0,5,12,3,8,11,2,7,10,1",92898,0,4848,2
"7,10,1,6,13,0,5,12,9,4,11,8,3,0,7",92898,0,4848,2
"7,10,1,6,13,2,5,12,3,8,11,0,7,10,1",91046,0,12,12
"7,10,1,8,5,12,3,6,13,10,1,8,11,0,3",92898,0,4848,2
"7,10,1,8,5,12,3,6,13,10,1,8,11,0,7",92898,0,4848,2
"7,10,1,8,5,12,3,6,13,10,1,8,11,2,7",92898,0,4848,2
"7,10,1,8,11,0,5,12,3,6,9,2,7,10,1",92898,0,4848,2
"7,10,1,8,11,0,5,12,3,6,9,2,7,10,13",92898,0,4848,2
"7,10,1,8,11,0,5,12,3,6,13,2,7,10,1",92898,0,4848,2
"7,10,1,8,11,2,5,12,3,6,9,0,7,10,1",92898,0,4848,2
"7,10,1,8,11,2,5,12,3,6,9,0,7,10,13",92898,0,4848,2
"7,10,1,8,11,2,5,12,3,6,13,0,7,10,1",92898,0,4848,2
"7,10,1,8,13,0,5,12,3,6,9,2,7,10,1",92898,0,4848,2
"7,10,1,8,13,0,5,12,3,6,11,2,7,10,1",92898,0,4848,2
"7,10,1,8,13,2,5,12,3,6,9,0,7,10,1",92898,0,4848,2
"7,10,1,8,13,2,5,12,3,6,11,0,7,10,1",92898,0,4848,2
"7,10,3,0,5,12,1,6,13,10,3,8,11,2,7",92898,0,4848,2
"7,10,3,0,5,12,1,6,13,10,3,8,11,4,1",92898,0,4848,2
"7,10,3,0,5,12,1,6,13,10,3,8,11,4,7",92898,0,4848,2
"7,10,3,0,5,12,1,8,13,10,3,6,11,2,7",92898,0,4848,2
"7,10,3,0,5,12,1,8,13,10,3,6,11,4,1",92898,0,4848,2
"7,10,3,0,5,12,1,8,13,10,3,6,11,4,7",92898,0,4848,2
"7,10,3,0,9,4,13,8,5,12,1,6,11,2,7",69780,1,14,14
"7,10,3,0,9,12,1,6,11,2,5,8,13,4,7",82259,0,14,14
"7,10,3,0,9,12,1,6,13,2,5,8,11,4,7",82611,0,14,14
"7,10,3,0,11,2,5,12,9,6,13,0,7,4,1",92898,0,4848,2
"7,10,3,6,9,2,5,12,1,4,11,0,7,10,13",92898,0,4848,2
"7,10,3,6,9,2,13,8,1,12,5,0,11,4,7",74444,0,14,14
"7,10,3,6,9,12,1,8,11,0,3,6,13,2,5",92898,0,4848,2
"7,10,3,6,9,12,1,8,13,0,3,6,11,2,7",92898,0,4848,2
"7,10,3,6,9,12,1,8,13,0,3,6,11,4,7",92898,0,4848,2
"7,10,3,6,9,12,5,0,11,4,1,8,13,2,7",74436,0,14,14
"7,10,3,6,9,12,5,0,13,4,1,8,11,2,7",74387,0,14,14
"7,10,3,6,11,0,5,12,1,4,9,2,7,10,13",92898,0,4848,2
"7,10,3,6,11,0,5,12,1,8,13,2,7,10,3",92898,0,4848,2
"7,10,3,6,11,0,5,12,9,2,13,8,1,4,7",92466,1,14,14
"7,10,3,6,11,0,13,8,1,4,9,2,5,10,13",92898,0,4848,2
"7,10,3,6,11,2,5,12,1,8,13,0,7,10,3",92370,0,12,12
"7,10,3,6,11,2,5,12,9,0,13,8,1,4,7",97572,0,14,14
"7,10,3,6,11,4,1,8,13,0,9,6,11,2,5",92898,0,4848,2
"7,10,3,6,11,4,1,8,13,0,9,6,11,4,7",92898,0,4848,2
"7,10,3,6,11,4,1,8,13,2,9,6,11,4,7",92898,0,4848,2
"7,10,3,6,13,0,5,12,1,8,11,2,7,10,3",102268,0,12,12
"7,10,3,6,13,2,5,12,1,8,11,0,7,10,3",92898,0,4848,2
"7,10,3,6,13,4,1,8,11,0,9,6,13,2,5",92898,0,4848,2
"7,10,3,8,11,0,5,12,1,4,9,2,7,10,13",92898,0,4848,2
"7,10,3,8,11,0,5,12,1,6,9,2,7,10,13",92898,0,4848,2
"7,10,3,8,11,0,5,12,1,6,13,2,7,10,3",92898,0,4848,2
"7,10,3,8,11,2,5,12,1,6,9,0,7,10,13",92898,0,4848,2
"7,10,3,8,11,2,5,12,1,6,13,0,7,10,3",92898,0,4848,2
"7,10,3,8,13,0,5,12,1,6,11,2,7,10,3",104470,0,12,12
"7,10,3,8,13,2,5,12,1,6,11,0,7,10,3",93709,1,12,12
"7,10,5,0,9,4,1,12,7,2,11,6,9,4,13",92898,0,4848,2
"7,10,5,0,9,4,1,12,7,2,13,8,3,10,5",92898,0,4848,2
"7,10,5,0,11,2,13,8,3,6,9,4,1,10,13",92898,0,4848,2
"7,10,5,12,9,2,13,0,7,4,11,6,3,10,13",92898,0,4848,2
"7,10,5,12,9,2,13,0,7,4,11,6,9,2,13",92898,0,4848,2
"7,10,5,12,9,2,13,0,7,4,11,8,3,10,13",92898,0,4848,2
"7,10,5,12,9,4,13,0,7,2,11,6,3,10,13",92898,0,4848,2
"7,10,5,12,9,4,13,0,7,2,11,8,3,10,13",92898,0,4848,2
"7,10,13,0,5,12,1,4,7,10,3,6,9,12,1",92898,0,4848,2
"7,10,13,2,5,12,1,4,7,10,3,6,9,12,1",92898,0,4848,2
"7,10,13,2,5,12,3,0,7,10,1,6,9,12,3",92898,0,4848,2
"7,10,13,2,5,12,3,0,7,10,1,8,5,12,3",92898,0,4848,2
"7,10,13,2,9,12,1,4,7,0,3,6,9,12,5",92898,0,4848,2
"7,10,13,4,9,0,5,2,7,12,3,8,11,0,5",92898,0,4848,2
"7,10,13,4,11,0,3,8,1,6,9,12,5,10,13",92898,0,4848,2
"7,10,13,4,11,0,5,8,1,6,9,12,3,10,13",92898,0,4848,2
"7,10,13,4,11,2,5,8,1,6,9,0,3,10,13",92898,0,4848,2
"7,10,13,4,11,2,5,8,1,6,9,12,3,10,13",92898,0,4848,2
"7,10,13,4,11,2,5,8,1,6,13,0,3,12,9",92898,0,4848,2
"7,10,13,6,9,2,5,8,1,4,11,0,3,10,13",92898,0,4848,2
"7,10,13,6,9,12,1,4,11,0,3,6,9,2,5",92898,0,4848,2
"7,10,13,6,9,12,1,4,11,0,3,6,9,2,7",92898,0,4848,2
"7,10,13,6,9,12,1,4,11,0,3,6,9,2,13",92898,0,4848,2
"7,10,13,6,11,0,3,8,1,4,9,12,5,10,13",92898,0,4848,2
"7,10,13,6,11,0,5,8,1,4,9,12,3,10,13",92898,0,4848,2
"7,12,1,4,9,0,5,10,7,12,3,8,13,0,5",92898,0,4848,2
"7,12,1,4,9,0,5,10,7,12,3,8,13,2,5",92898,0,4848,2
"7,12,1,4,9,0,5,10,13,6,11,2,7,0,3",92898,0,4848,2
"7,12,1,4,9,2,5,8,13,6,11,0,3,10,1",92898,0,4848,2
"7,12,1,4,9,2,5,10,13,6,11,0,3,8,1",92898,0,4848,2
"7,12,1,4,11,2,5,8,13,6,9,0,3,10,1",92898,0,4848,2
"7,12,1,4,11,2,5,10,13,6,9,0,3,8,1",92898,0,4848,2
"7,12,1,4,13,10,3,6,9,0,5,8,11,2,7",82816,1,14,14
"7,12,1,4,13,10,3,6,9,2,5,8,11,0,7",94528,0,14,14
"7,12,1,6,9,0,3,8,11,2,5,10,13,4,7",91327,1,14,14
"7,12,1,6,9,2,5,10,13,4,11,0,3,8,1",92898,0,4848,2
"7,12,1,6,11,0,5,10,3,8,13,2,7,12,1",92898,0,4848,2
"7,12,1,6,11,2,5,10,3,8,13,0,7,12,1",102581,0,12,12
"7,12,1,6,13,0,5,10,3,8,11,2,7,12,1",81309,1,12,12
"7,12,1,6,13,2,5,10,3,8,11,0,7,12,1",92898,0,4848,2
"7,12,1,6,13,10,3,8,11,4,1,6,13,0,7",92898,0,4848,2
"7,12,1,8,5,0,9,4,13,10,3,6,11,2,7",69619,1,14,14
"7,12,1,8,11,0,5,10,3,6,13,2,7,12,1",81381,1,12,12
"7,12,1,8,11,2,5,10,3,6,9,0,7,12,1",92898,0,4848,2
"7,12,1,8,11,2,5,10,3,6,13,0,7,12,1",92898,0,4848,2
"7,12,1,8,13,0,5,10,3,6,11,2,7,12,1",81498,1,12,12
"7,12,1,8,13,2,5,10,3,6,9,0,7,12,1",92898,0,4848,2
"7,12,1,8,13,2,5,10,3,6,11,0,7,12,1",92898,0,4848,2
"7,12,1,8,13,2,5,10,3,6,11,8,13,0,9",92898,0,4848,2
"7,12,1,8,13,10,3,6,11,2,5,8,13,4,9",92898,0,4848,2
"7,12,1,8,13,10,3,6,11,4,1,8,13,0,9",92898,0,4848,2
"7,12,1,8,13,10,3,6,11,4,1,8,13,2,9",92898,0,4848,2
"7,12,3,0,5,10,1,6,9,12,3,8,13,4,1",92898,0,4848,2
"7,12,3,0,9,2,5,10,13,6,11,0,7,4,1",92898,0,4848,2
"7,12,3,0,13,10,1,6,9,2,5,8,11,4,7",83456,0,14,14
"7,12,3,6,9,0,5,10,1,12,3,8,13,4,7",92898,0,4848,2
"7,12,3,6,11,0,5,10,1,8,13,2,7,12,3",92898,0,4848,2
"7,12,3,6,11,2,5,0,9,4,13,8,11,2,7",92898,0,4848,2
"7,12,3,6,11,2,5,10,1,8,13,0,7,12,3",92898,0,4848,2
"7,12,3,6,11,4,1,8,13,0,9,6,11,2,5",92898,0,4848,2
"7,12,3,6,11,4,1,8,13,0,9,6,11,4,7",92898,0,4848,2
"7,12,3,6,13,0,5,10,1,8,11,2,7,12,3",81839,1,12,12
"7,12,3,6,13,2,5,10,1,8,11,0,7,12,3",73677,1,12,12
"7,12,3,6,13,10,1,8,11,0,3,6,13,2,5",92898,0,4848,2
"7,12,3,6,13,10,1,8,11,0,3,6,13,2,7",92898,0,4848,2
"7,12,3,6,13,10,5,0,9,4,1,8,11,2,7",73650,0,14,14
"7,12,3,8,5,10,1,6,11,0,3,8,13,4,9",92898,0,4848,2
"7,12,3,8,11,0,5,10,1,6,3,8,13,4,9",92898,0,4848,2
"7,12,3,8,11,0,5,10,1,6,13,2,7,12,3",92898,0,4848,2
"7,12,3,8,11,2,5,10,1,6,13,0,7,12,3",80357,1,12,12
"7,12,3,8,11,4,1,10,5,0,9,6,13,2,7",69489,1,14,14
"7,12,3,8,11,4,1,10,5,2,9,6,13,0,7",73628,1,14,14
"7,12,3,8,13,0,5,10,1,6,3,8,13,4,9",92898,0,4848,2
"7,12,3,8,13,0,5,10,1,6,11,2,7,12,3",92898,0,4848,2
"7,12,3,8,13,0,5,10,1,6,11,2,7,12,9",92898,0,4848,2
"7,12,3,8,13,2,5,10,1,6,11,0,7,12,3",92898,0,4848,2
"7,12,3,8,13,2,5,10,1,6,11,8,13,4,9",92898,0,4848,2
"7,12,3,8,13,2,9,6,1,10,5,0,11,4,7",73616,0,14,14
"7,12,3,8,13,4,9,0,5,10,1,6,11,2,7",92898,0,4848,2
"7,12,3,8,13,4,9,0,5,10,1,6,13,2,7",92898,0,4848,2
"7,12,3,8,13,10,1,6,11,0,3,8,13,4,9",92898,0,4848,2
"7,12,3,8,13,10,1,6,11,0,5,8,13,2,7",92898,0,4848,2
"7,12,3,8,13,10,1,6,11,2,5,8,13,4,9",92898,0,4848,2
"7,12,5,8,11,2,9,0,3,6,13,4,7,10,1",92898,0,4848,2
"7,12,5,8,11,2,9,0,3,6,13,4,7,12,1",92898,0,4848,2
"7,12,5,8,13,2,9,0,3,6,11,4,7,10,1",92898,0,4848,2
"7,12,5,8,13,2,9,0,3,6,11,4,7,12,1",92898,0,4848,2
"7,12,5,10,13,2,9,0,3,6,11,4,7,12,1",92898,0,4848,2
"7,12,5,10,13,2,9,0,3,8,11,4,7,12,1",92898,0,4848,2
"7,12,9,0,5,10,1,4,7,12,3,6,13,10,1",92898,0,4848,2
"7,12,9,0,5,10,1,4,7,12,3,8,13,10,1",92898,0,4848,2
"7,12,9,2,5,10,3,0,7,12,1,6,13,10,3",92898,0,4848,2
"7,12,9,2,5,10,3,0,7,12,1,8,13,10,3",92898,0,4848,2
"7,12,9,4,13,0,5,2,7,10,3,8,11,0,5",92898,0,4848,2
"8,1,4,7,0,3,10,13,2,9,12,5,0,11,4",92898,1,4848,2
"8,1,4,7,0,3,10,13,2,9,12,5,8,11,4",92898,1,4848,2
"8,1,4,7,0,11,6,13,10,5,2,9,0,3,8",92898,1,4848,2
"8,1,4,7,0,11,6,13,10,5,2,9,0,3,12",92898,1,4848,2
"8,1,4,7,0,13,6,9,12,5,2,11,0,3,10",92898,1,4848,2
"8,1,4,7,10,3,6,11,0,5,12,9,2,13,8",92466,0,14,14
"8,1,4,7,10,3,6,11,2,5,12,9,0,13,8",97572,1,14,14
"8,1,4,7,10,13,6,9,12,1,4,11,0,3,6",92898,1,4848,2
"8,1,4,7,12,5,10,13,2,9,0,3,6,11,4",92898,1,4848,2
"8,1,4,7,12,5,10,13,2,9,0,3,8,11,4",92898,1,4848,2
"8,1,4,9,0,5,10,13,6,3,12,7,2,11,8",97942,1,14,14
"8,1,4,9,0,5,10,13,6,11,2,7,0,3,8",92898,1,4848,2
"8,1,4,9,0,13,6,11,2,5,10,3,0,7,12",92898,1,4848,2
"8,1,4,9,0,13,6,11,2,7,10,3,0,5,12",92898,1,4848,2
"8,1,4,9,2,5,10,13,6,11,0,3,8,1,4",92898,1,4848,2
"8,1,4,9,12,3,10,13,2,7,0,5,8,11,4",92898,1,4848,2
"8,1,4,9,12,5,10,13,2,7,0,3,6,11,4",92898,1,4848,2
"8,1,4,9,12,5,10,13,2,7,0,3,8,5,10",92898,1,4848,2
"8,1,4,9,12,5,10,13,2,7,0,3,8,11,4",92898,1,4848,2
"8,1,4,11,0,3,10,13,6,9,12,5,8,1,4",92898,1,4848,2
"8,1,4,11,0,5,12,9,6,3,10,7,2,13,8",79228,0,14,14
"8,1,4,11,0,13,6,9,2,5,10,3,0,7,12",92898,1,4848,2
"8,1,4,11,0,13,6,9,2,7,4,11,0,5,12",92898,1,4848,2
"8,1,4,11,0,13,6,9,2,7,10,3,0,5,12",92898,1,4848,2
"8,1,4,11,2,5,10,13,6,9,0,3,8,1,4",92898,1,4848,2
"8,1,4,11,6,3,10,7,0,9,12,5,2,13,4",92898,1,4848,2
"8,1,4,11,6,3,10,7,2,9,12,5,0,13,4",92898,1,4848,2
"8,1,4,11,6,3,10,13,8,1,12,5,0,3,10",92898,1,4848,2
"8,1,4,11,6,3,10,13,8,1,12,7,0,3,10",92898,1,4848,2
"8,1,4,11,6,3,12,7,2,9,0,5,10,13,4",92898,1,4848,2
"8,1,4,13,0,5,12,9,6,3,10,7,2,11,8",98275,0,14,14
"8,1,4,13,6,3,10,7,2,9,12,5,0,11,4",92898,1,4848,2
"8,1,6,9,0,3,10,13,4,7,12,5,8,11,2",92898,1,4848,2
"8,1,6,9,12,3,10,13,2,7,0,5,8,11,4",92898,1,4848,2
"8,1,6,9,12,3,10,13,4,7,0,5,8,11,2",92898,1,4848,2
"8,1,6,9,12,5,10,13,2,7,0,3,8,5,10",92898,1,4848,2
"8,1,6,9,12,5,10,13,2,7,0,3,8,11,4",92898,1,4848,2
"8,1,6,9,12,5,10,13,4,7,0,3,8,11,2",92898,1,4848,2
"8,1,6,13,0,3,12,9,4,7,10,5,0,11,2",92898,1,4848,2
"8,1,10,5,0,11,6,3,12,7,2,13,8,1,4",92898,1,4848,2
"8,1,10,5,0,11,6,3,12,7,2,13,8,1,10",92898,1,4848,2
"8,1,10,5,0,11,6,3,12,9,2,13,8,1,4",92898,1,4848,2
"8,1,10,5,0,13,6,3,12,7,2,11,8,1,10",97899,0,12,12
"8,1,10,5,2,11,6,3,12,7,0,13,8,1,4",92898,1,4848,2
"8,1,10,5,2,11,6,3,12,7,0,13,8,1,10",92898,1,4848,2
"8,1,10,5,2,13,6,3,12,7,0,11,8,1,10",85015,0,12,12
"8,1,10,7,0,3,12,5,2,11,6,9,0,13,8",92898,1,4848,2
"8,1,10,7,0,3,12,5,2,13,6,9,0,11,8",92898,1,4848,2
"8,1,10,7,0,3,12,5,2,13,10,7,0,11,6",92898,1,4848,2
"8,1,10,7,0,3,12,5,2,13,10,7,0,11,8",92898,1,4848,2
"8,1,10,7,0,11,6,3,12,5,2,13,8,1,10",92898,1,4848,2
"8,1,10,7,0,11,6,3,12,9,2,13,8,1,4",92898,1,4848,2
"8,1,10,7,0,13,6,3,12,5,2,11,8,1,10",92898,1,4848,2
"8,1,10,7,2,11,6,3,12,5,0,13,8,1,10",92898,1,4848,2
"8,1,10,7,2,13,6,3,12,5,0,11,8,1,10",92898,1,4848,2
"8,1,10,7,2,13,6,3,12,9,4,11,8,5,0",92898,1,4848,2
"8,1,10,7,4,11,6,3,0,9,2,13,8,5,12",92898,1,4848,2
"8,1,10,7,4,11,6,3,12,9,2,13,8,5,0",92898,1,4848,2
"8,1,10,7,4,13,6,3,0,9,2,11,8,5,12",92898,1,4848,2
"8,1,10,7,4,13,6,3,12,9,2,11,8,5,0",92898,1,4848,2
"8,1,10,13,6,3,12,5,8,1,10,7,0,3,12",92898,1,4848,2
"8,1,10,13,6,3,12,7,4,1,10,5,0,9,12",92898,1,4848,2
"8,1,10,13,6,3,12,7,4,1,10,5,0,11,8",92898,1,4848,2
"8,1,12,5,0,3,10,7,2,9,6,13,0,11,4",92898,1,4848,2
"8,1,12,5,0,3,10,7,2,9,12,5,0,11,4",92898,1,4848,2
"8,1,12,5,0,3,10,7,2,9,12,5,0,13,4",92898,1,4848,2
"8,1,12,5,0,3,10,7,2,11,6,13,0,9,4",92898,1,4848,2
"8,1,12,5,0,11,4,7,10,3,6,9,2,13,8",74444,1,14,14
"8,1,12,5,0,11,6,3,10,7,2,13,8,1,12",92898,1,4848,2
"8,1,12,5,0,13,6,3,10,7,2,11,8,1,12",76343,0,12,12
"8,1,12,5,2,11,6,3,10,7,0,13,8,1,12",103193,1,12,12
"8,1,12,5,2,13,6,3,10,7,0,11,8,1,12",92898,1,4848,2
"8,1,12,5,2,13,6,3,10,7,4,11,8,1,12",92898,1,4848,2
"8,1,12,5,10,13,6,3,8,1,4,9,0,13,6",92898,1,4848,2
"8,1,12,5,10,13,6,3,8,1,4,11,0,13,6",92898,1,4848,2
"8,1,12,7,0,3,10,5,2,9,6,13,0,11,4",92898,1,4848,2
"8,1,12,7,0,3,10,5,2,9,12,7,0,13,6",92898,1,4848,2
"8,1,12,7,0,3,10,5,2,11,6,13,0,9,4",92898,1,4848,2
"8,1,12,7,0,11,6,3,10,5,2,13,8,1,12",92898,1,4848,2
"8,1,12,7,0,13,6,3,10,5,2,11,8,1,12",92898,1,4848,2
"8,1,12,7,2,11,6,3,10,5,0,13,8,1,12",101516,1,12,12
"8,1,12,7,2,11,6,3,10,13,4,9,0,5,8",83352,0,14,14
"8,1,12,7,2,13,6,3,10,5,0,11,8,1,12",101342,1,12,12
"8,1,12,7,4,11,6,3,0,9,2,13,8,5,12",92898,1,4848,2
"8,1,12,7,4,11,6,3,0,9,2,13,10,5,12",92898,1,4848,2
"8,1,12,7,4,13,6,3,0,9,2,11,8,5,12",92898,1,4848,2
"8,1,12,9,2,13,6,3,0,7,4,11,8,5,12",92898,1,4848,2
"8,1,12,9,4,11,6,3,0,7,2,13,8,5,12",92898,1,4848,2
"8,1,12,9,4,11,6,3,0,7,2,13,10,5,12",92898,1,4848,2
"8,1,12,9,6,3,10,7,4,1,12,5,0,13,10",92898,1,4848,2
"8,1,12,9,6,3,10,7,4,1,12,5,2,13,10",92898,1,4848,2
"8,3,0,7,2,11,6,13,10,5,0,9,4,1,8",92898,1,4848,2
"8,3,0,7,2,11,6,13,10,5,0,9,4,1,12",92898,1,4848,2
"8,3,0,7,2,13,6,9,12,5,0,11,4,1,10",92898,1,4848,2
"8,3,0,7,2,13,10,5,12,9,4,1,8,3,0",92898,1,4848,2
"8,3,0,7,2,13,10,5,12,9,6,1,8,3,0",92898,1,4848,2
"8,3,0,7,4,13,10,5,12,9,6,1,8,3,0",92898,1,4848,2
"8,3,0,7,10,1,6,11,2,5,12,9,4,13,8",93360,1,14,14
"8,3,0,7,10,5,12,9,2,13,0,7,4,11,6",92898,1,4848,2
"8,3,0,7,10,5,12,9,2,13,0,7,4,11,8",92898,1,4848,2
"8,3,0,7,10,5,12,9,4,13,0,7,2,11,6",92898,1,4848,2
"8,3,0,7,10,5,12,9,4,13,0,7,2,11,8",92898,1,4848,2
"8,3,0,9,2,5,10,13,6,11,0,7,4,1,8",92898,1,4848,2
"8,3,0,9,2,13,10,5,12,7,4,1,8,3,0",92898,1,4848,2
"8,3,0,9,6,1,12,7,4,13,10,5,2,11,8",80834,0,14,14
"8,3,0,9,6,13,10,5,2,11,4,1,8,13,0",92898,1,4848,2
"8,3,0,9,6,13,10,5,2,11,4,1,12,7,0",92898,1,4848,2
"8,3,0,11,4,13,10,5,2,9,6,1,12,7,0",92898,1,4848,2
"8,3,0,11,4,13,10,7,2,9,6,1,12,5,0",92898,1,4848,2
"8,3,0,11,6,1,10,5,8,3,12,7,2,13,10",92898,1,4848,2
"8,3,0,11,6,1,10,13,8,3,12,7,4,1,10",92898,1,4848,2
"8,3,0,11,6,13,10,5,2,9,4,1,8,13,0",92898,1,4848,2
"8,3,0,11,6,13,10,5,2,9,4,1,12,7,0",92898,1,4848,2
"8,3,0,11,6,13,10,5,8,3,0,7,2,13,10",92898,1,4848,2
"8,3,0,11,6,13,10,7,2,9,4,1,12,5,0",92898,1,4848,2
"8,3,0,13,10,5,12,9,6,3,0,7,4,1,12",92898,1,4848,2
"8,3,6,1,10,5,0,11,8,3,12,7,2,5,0",92898,1,4848,2
"8,3,6,1,10,5,0,11,8,3,12,7,2,13,6",92898,1,4848,2
"8,3,6,1,10,5,0,13,8,3,12,7,2,11,6",92898,1,4848,2
"8,3,6,1,10,5,0,13,8,3,12,7,10,5,0",92898,1,4848,2
"8,3,6,9,4,1,10,13,0,7,12,5,8,11,2",92898,1,4848,2
"8,3,6,13,10,5,12,1,8,3,0,7,10,5,12",92898,1,4848,2
"8,3,10,5,0,11,6,1,12,7,2,13,8,3,10",92898,1,4848,2
"8,3,10,5,0,11,6,1,12,9,4,13,8,3,6",92898,1,4848,2
"8,3,10,5,0,13,6,1,12,7,2,11,8,3,10",101385,1,12,12
"8,3,10,5,2,11,6,1,12,7,0,13,8,3,10",59624,0,12,12
"8,3,10,5,2,13,6,1,12,7,0,11,8,3,10",92898,1,4848,2
"8,3,10,5,2,13,6,1,12,7,4,11,8,3,0",92898,1,4848,2
"8,3,10,5,2,13,6,1,12,9,4,11,8,3,0",92898,1,4848,2
"8,3,10,7,0,11,6,1,12,5,2,13,8,3,10",83663,1,12,12
"8,3,10,7,0,13,6,1,12,5,2,11,8,3,10",92898,1,4848,2
"8,3,10,7,2,5,0,13,4,9,12,7,2,11,6",92898,1,4848,2
"8,3,10,7,2,11,6,1,12,5,0,13,8,3,10",59549,0,12,12
"8,3,10,7,2,13,6,1,12,5,0,11,8,3,10",92898,1,4848,2
"8,3,10,7,2,13,6,1,12,9,4,11,8,3,0",92898,1,4848,2
"8,3,10,7,2,13,6,1,12,9,4,11,8,5,0",92898,1,4848,2
"8,3,10,7,4,13,6,1,12,9,2,11,8,3,0",92898,1,4848,2
"8,3,10,7,4,13,6,1,12,9,2,11,8,5,0",92898,1,4848,2
"8,3,10,13,6,1,12,5,0,3,10,7,2,9,12",92898,1,4848,2
"8,3,10,13,6,1,12,5,0,3,10,7,2,11,8",92898,1,4848,2
"8,3,10,13,6,1,12,7,0,3,10,5,2,9,12",92898,1,4848,2
"8,3,12,1,10,5,0,9,6,3,12,7,2,11,0",92898,1,4848,2
"8,3,12,1,10,5,0,9,6,3,12,7,2,13,8",92898,1,4848,2
"8,3,12,5,0,11,6,1,10,7,2,13,8,3,12",92898,1,4848,2
"8,3,12,5,0,11,6,1,10,7,4,13,8,3,12",92898,1,4848,2
"8,3,12,5,0,13,6,1,10,7,2,11,8,3,12",92898,1,4848,2
"8,3,12,5,0,13,6,1,10,7,2,11,8,13,4",92898,1,4848,2
"8,3,12,5,2,11,6,1,10,7,0,13,8,3,12",90874,0,12,12
"8,3,12,5,2,13,6,1,10,7,0,11,8,3,12",90777,0,12,12
"8,3,12,7,0,11,6,1,10,5,2,13,8,3,12",92898,1,4848,2
"8,3,12,7,0,13,6,1,10,5,2,11,8,3,12",84454,0,12,12
"8,3,12,7,0,13,6,9,2,5,10,1,4,11,8",60140,0,14,14
"8,3,12,7,2,5,0,9,4,13,10,7,2,11,6",92898,1,4848,2
"8,3,12,7,2,11,6,1,4,9,0,13,8,11,6",92898,1,4848,2
"8,3,12,7,2,11,6,1,10,5,0,9,4,13,8",92898,1,4848,2
"8,3,12,7,2,11,6,1,10,5,0,13,8,3,12",92898,1,4848,2
"8,3,12,7,2,13,6,1,10,5,0,9,4,13,8",92898,1,4848,2
"8,3,12,7,2,13,6,1,10,5,0,11,8,3,12",92898,1,4848,2
"8,3,12,7,2,13,6,9,0,5,10,1,4,11,8",87938,1,14,14
"8,3,12,7,2,13,10,5,0,9,4,7,2,11,6",92898,1,4848,2
"8,3,12,7,2,13,10,5,0,9,4,7,2,13,6",92898,1,4848,2
"8,3,12,7,4,1,10,5,0,9,12,7,2,11,6",92898,1,4848,2
"8,3,12,7,4,1,10,5,0,9,12,7,2,13,6",92898,1,4848,2
"8,3,12,7,4,11,0,5,10,1,6,9,2,13,8",81900,0,14,14
"8,3,12,7,10,5,0,9,4,1,12,7,2,11,6",92898,1,4848,2
"8,3,12,7,10,5,0,9,4,1,12,7,2,13,8",92898,1,4848,2
"8,3,12,9,2,5,10,1,6,11,0,7,4,13,8",82929,0,14,14
"8,3,12,9,2,5,10,1,6,13,0,7,4,11,8",74951,0,14,14
"8,3,12,9,6,1,10,5,0,3,12,7,2,11,8",92898,1,4848,2
"8,3,12,9,6,1,10,5,0,3,12,7,2,13,8",92898,1,4848,2
"8,3,12,9,6,1,10,5,0,3,12,7,2,13,10",92898,1,4848,2
"8,3,12,9,6,1,10,7,0,3,12,5,2,13,10",92898,1,4848,2
"8,3,12,9,6,13,0,7,4,1,10,5,2,11,8",84242,0,14,14
"8,5,0,7,2,13,10,3,12,9,4,1,8,5,0",92898,1,4848,2
"8,5,0,7,2,13,10,3,12,9,6,1,8,5,0",92898,1,4848,2
"8,5,0,7,4,1,10,3,12,9,6,13,8,5,0",92898,1,4848,2
"8,5,0,7,4,1,10,3,12,9,6,13,8,5,2",92898,1,4848,2
"8,5,0,7,4,13,10,3,12,9,6,1,8,5,0",92898,1,4848,2
"8,5,0,7,4,13,10,3,12,9,6,1,8,5,2",92898,1,4848,2
"8,5,0,9,4,13,2,11,6,1,10,7,4,13,8",92898,1,4848,2
"8,5,0,9,4,13,10,3,6,11,2,7,12,1,8",69619,0,14,14
"8,5,0,9,6,3,10,13,4,1,12,7,2,11,8",69258,0,14,14
"8,5,0,11,4,1,10,7,2,9,6,3,12,5,0",92898,1,4848,2
"8,5,0,11,4,13,10,7,2,9,6,1,12,5,0",92898,1,4848,2
"8,5,0,11,4,13,10,7,2,9,6,3,12,5,0",92898,1,4848,2
"8,5,0,11,6,1,10,13,8,3,12,7,4,1,10",92898,1,4848,2
"8,5,0,11,6,3,12,9,4,1,10,7,2,13,8",64372,0,14,14
"8,5,0,11,6,13,10,7,2,9,4,1,12,5,0",92898,1,4848,2
"8,5,0,13,6,3,12,9,4,1,10,7,2,11,8",98837,0,14,14
"8,5,2,9,4,1,10,7,0,11,6,3,12,5,2",92898,1,4848,2
"8,5,2,9,4,1,10,13,0,7,12,3,6,11,2",92898,1,4848,2
"8,5,2,9,4,1,12,7,0,11,6,3,10,5,2",92898,1,4848,2
"8,5,2,9,4,1,12,7,0,11,6,9,4,13,8",92898,1,4848,2
"8,5,2,9,6,1,10,13,0,3,12,7,4,11,8",87834,0,14,14
"8,5,2,9,6,3,0,11,4,1,12,9,6,13,10",92898,1,4848,2
"8,5,2,9,6,3,10,13,4,1,12,7,0,11,8",85064,1,14,14
"8,5,2,9,6,13,10,7,0,11,4,1,12,5,2",92898,1,4848,2
"8,5,2,11,4,1,10,7,0,9,6,3,12,5,2",92898,1,4848,2
"8,5,2,11,4,1,12,7,0,9,6,3,10,5,2",92898,1,4848,2
"8,5,2,11,4,1,12,7,0,9,6,3,10,13,2",92898,1,4848,2
"8,5,2,11,4,13,10,7,0,9,6,1,12,5,2",92898,1,4848,2
"8,5,2,11,4,13,10,7,0,9,6,3,12,5,2",92898,1,4848,2
"8,5,2,11,6,1,10,13,8,3,12,7,4,1,10",92898,1,4848,2
"8,5,2,11,6,1,12,9,0,3,10,7,4,13,8",88957,0,14,14
"8,5,2,11,6,3,10,13,8,1,12,7,0,3,10",92898,1,4848,2
"8,5,2,11,6,3,12,9,4,1,10,7,0,13,8",84311,1,14,14
"8,5,2,13,6,1,12,9,0,3,10,7,4,11,8",98497,0,14,14
"8,5,2,13,6,3,0,11,8,1,10,13,6,3,12",92898,1,4848,2
"8,5,2,13,6,3,0,11,8,1,12,9,6,3,10",92898,1,4848,2
"8,5,2,13,6,3,12,9,4,1,10,7,0,11,8",92898,1,4848,2
"8,5,2,13,10,3,0,11,8,5,12,9,6,3,0",92898,1,4848,2
"8,5,10,1,6,11,0,3,8,13,4,9,6,11,0",92898,1,4848,2
"8,5,10,1,6,11,0,3,8,13,4,9,6,11,2",92898,1,4848,2
"8,5,10,13,6,11,0,3,8,1,4,7,12,5,10",92898,1,4848,2
"8,5,10,13,6,11,0,3,8,1,4,9,12,5,10",92898,1,4848,2
"8,5,12,1,6,11,2,7,10,3,0,9,4,13,8",69780,0,14,14
"8,5,12,3,6,13,10,1,8,11,0,3,6,13,2",92898,1,4848,2
"8,5,12,3,6,13,10,1,8,11,0,7,4,13,2",92898,1,4848,2
"8,5,12,3,6,13,10,1,8,11,2,7,4,13,0",92898,1,4848,2
"8,5,12,7,0,13,10,1,4,9,6,3,8,13,2",92898,1,4848,2
"8,5,12,7,4,1,10,3,0,9,6,13,8,5,2",92898,1,4848,2
"8,5,12,7,4,1,10,3,0,11,6,13,8,5,2",92898,1,4848,2
"8,5,12,7,4,13,10,3,0,9,6,1,8,5,2",92898,1,4848,2
"8,5,12,9,2,13,10,3,0,7,4,1,8,5,12",92898,1,4848,2
"8,5,12,9,4,1,10,3,0,11,6,13,8,5,2",92898,1,4848,2
"8,5,12,9,6,3,0,7,4,1,12,9,2,13,10",92898,1,4848,2
"8,5,12,9,6,13,10,3,0,11,4,1,8,5,2",92898,1,4848,2
"8,5,12,9,6,13,10,3,0,11,4,1,8,13,2",92898,1,4848,2
"8,11,0,3,6,13,2,5,8,11,0,7,10,1,4",92898,1,4848,2
"8,11,0,3,6,13,2,5,8,11,0,7,10,13,2",92898,1,4848,2
"8,11,0,3,6,13,2,5,8,11,4,7,10,13,2",92898,1,4848,2
"8,11,0,3,6,13,2,7,12,9,0,5,10,1,4",92898,1,4848,2
"8,11,0,3,10,13,2,5,8,1,4,7,10,13,6",92898,1,4848,2
"8,11,0,5,10,1,4,7,12,3,6,13,10,1,8",92898,1,4848,2
"8,11,0,5,10,1,6,3,8,13,4,9,12,1,6",92898,1,4848,2
"8,11,0,5,10,1,6,13,2,7,12,3,8,11,0",92898,1,4848,2
"8,11,0,5,10,3,6,13,2,7,12,1,8,11,0",81381,0,12,12
"8,11,0,5,12,1,4,9,2,7,10,13,6,11,0",92898,1,4848,2
"8,11,0,5,12,1,6,9,2,7,10,13,4,11,0",92898,1,4848,2
"8,11,0,5,12,1,6,13,2,7,10,3,8,11,0",92898,1,4848,2
"8,11,0,5,12,3,6,9,2,7,10,1,4,11,0",92898,1,4848,2
"8,11,0,5,12,3,6,9,2,7,10,13,4,11,0",92898,1,4848,2
"8,11,0,5,12,3,6,13,2,7,10,1,4,11,0",92898,1,4848,2
"8,11,0,5,12,3,6,13,2,7,10,1,8,11,0",92898,1,4848,2
"8,11,0,7,4,13,2,5,12,9,0,7,10,3,6",92898,1,4848,2
"8,11,0,7,10,1,4,9,12,3,6,13,2,5,8",92898,1,4848,2
"8,11,0,7,10,1,6,13,2,5,12,3,8,11,0",91046,1,12,12
"8,11,0,7,10,3,6,9,2,5,12,1,4,11,0",92898,1,4848,2
"8,11,0,7,10,3,6,13,2,5,12,1,8,11,0",92898,1,4848,2
"8,11,0,7,10,13,2,5,12,1,4,7,10,3,6",92898,1,4848,2
"8,11,0,7,10,13,2,5,12,3,0,7,10,1,6",92898,1,4848,2
"8,11,0,7,10,13,2,5,12,3,0,7,10,1,8",92898,1,4848,2
"8,11,0,7,12,1,4,9,2,5,10,13,6,11,0",92898,1,4848,2
"8,11,0,7,12,1,4,13,10,3,6,9,2,5,8",94528,1,14,14
"8,11,0,7,12,1,6,9,2,5,10,13,4,11,0",92898,1,4848,2
"8,11,0,7,12,1,6,13,2,5,10,3,8,11,0",92898,1,4848,2
"8,11,0,7,12,3,6,13,2,5,10,1,8,11,0",73677,0,12,12
"8,11,0,9,6,13,2,5,12,3,0,7,10,1,8",92898,1,4848,2
"8,11,2,5,10,1,4,7,0,13,6,9,12,3,8",80415,1,14,14
"8,11,2,5,10,1,6,13,0,7,12,3,8,11,2",80357,0,12,12
"8,11,2,5,10,3,6,9,0,7,12,1,4,11,2",92898,1,4848,2
"8,11,2,5,10,3,6,13,0,7,12,1,8,11,2",92898,1,4848,2
"8,11,2,5,10,13,4,7,12,1,6,9,0,3,8",91327,0,14,14
"8,11,2,5,12,1,6,9,0,7,10,13,4,11,2",92898,1,4848,2
"8,11,2,5,12,1,6,13,0,7,10,3,8,11,2",92898,1,4848,2
"8,11,2,5,12,3,6,9,0,7,10,1,4,11,2",92898,1,4848,2
"8,11,2,5,12,3,6,9,0,7,10,13,4,11,2",92898,1,4848,2
"8,11,2,5,12,3,6,13,0,7,10,1,8,11,2",92898,1,4848,2
"8,11,2,7,0,13,4,9,12,5,10,7,0,3,8",92898,1,4848,2
"8,11,2,7,4,13,0,5,12,9,2,7,10,1,6",92898,1,4848,2
"8,11,2,7,4,13,0,5,12,9,2,7,10,3,0",92898,1,4848,2
"8,11,2,7,4,13,0,5,12,9,2,7,10,3,6",92898,1,4848,2
"8,11,2,7,10,1,4,9,12,3,6,13,0,5,8",82832,0,14,14
"8,11,2,7,10,1,6,13,0,3,12,9,4,11,8",92898,1,4848,2
"8,11,2,7,10,1,6,13,0,5,12,3,8,11,2",92898,1,4848,2
"8,11,2,7,10,1,6,13,0,5,12,9,4,11,8",92898,1,4848,2
"8,11,2,7,10,3,0,5,12,1,6,13,10,3,8",92898,1,4848,2
"8,11,2,7,10,3,6,9,12,5,0,13,4,1,8",74387,1,14,14
"8,11,2,7,10,3,6,13,0,5,12,1,8,11,2",102268,1,12,12
"8,11,2,7,12,1,4,13,10,3,6,9,0,5,8",82816,0,14,14
"8,11,2,7,12,1,6,13,0,5,10,3,8,11,2",81309,0,12,12
"8,11,2,7,12,3,0,5,10,1,6,9,12,3,8",92898,1,4848,2
"8,11,2,7,12,3,6,13,0,5,10,1,8,11,2",81839,0,12,12
"8,11,2,7,12,3,6,13,10,5,0,9,4,1,8",73650,1,14,14
"8,11,2,9,0,3,6,13,4,7,10,1,8,11,2",92898,1,4848,2
"8,11,2,9,0,3,6,13,4,7,12,1,8,11,2",92898,1,4848,2
"8,11,2,9,12,1,6,13,4,7,10,3,0,11,2",92898,1,4848,2
"8,11,2,9,12,1,6,13,4,7,10,3,8,11,0",92898,1,4848,2
"8,11,2,9,12,1,6,13,4,7,10,3,8,11,2",92898,1,4848,2
"8,11,2,9,12,3,6,13,4,7,10,1,8,11,0",92898,1,4848,2
"8,11,2,9,12,3,6,13,4,7,10,1,8,11,2",92898,1,4848,2
"8,11,2,9,12,5,0,13,4,7,2,9,6,1,10",92898,1,4848,2
"8,11,2,13,10,3,6,9,0,7,12,1,4,11,2",92898,1,4848,2
"8,11,4,1,6,13,0,7,12,9,2,5,10,3,0",92898,1,4848,2
"8,11,4,1,10,5,0,9,6,13,2,7,12,3,8",69489,0,14,14
"8,11,4,1,10,5,2,9,6,13,0,7,12,3,8",73628,0,14,14
"8,11,4,7,0,3,6,13,2,9,12,1,8,11,4",92898,1,4848,2
"8,11,4,7,0,13,2,9,12,5,10,7,0,3,8",92898,1,4848,2
"8,11,4,7,0,13,6,1,10,5,2,9,12,3,8",68349,1,14,14
"8,11,4,7,10,3,0,9,12,1,6,13,2,5,8",82611,1,14,14
"8,11,4,7,10,3,6,13,2,5,12,1,8,11,0",92898,1,4848,2
"8,11,4,7,10,13,2,9,12,1,4,7,0,3,6",92898,1,4848,2
"8,11,4,7,12,1,6,13,2,5,10,3,8,11,0",92898,1,4848,2
"8,11,4,7,12,3,0,13,10,1,6,9,2,5,8",83456,1,14,14
"8,11,4,9,12,1,6,13,2,5,10,3,8,11,0",92898,1,4848,2
"8,11,4,9,12,1,6,13,2,7,4,9,0,5,10",92898,1,4848,2
"8,11,4,9,12,1,6,13,2,7,10,3,8,11,0",92898,1,4848,2
"8,11,4,9,12,3,0,13,6,1,10,7,2,11,8",92898,1,4848,2
"8,11,4,9,12,3,6,13,2,7,10,1,8,11,0",92898,1,4848,2
"8,11,4,9,12,5,0,13,2,7,10,3,6,11,0",92898,1,4848,2
"8,11,4,9,12,5,0,13,6,1,10,7,2,11,8",92898,1,4848,2
"8,11,4,13,10,1,6,9,2,7,4,13,0,5,12",92898,1,4848,2
"8,11,4,13,10,5,0,9,2,7,12,3,6,11,4",92898,1,4848,2
"8,11,6,1,10,5,2,13,8,3,12,7,0,11,6",92898,1,4848,2
"8,11,6,1,10,5,2,13,8,3,12,7,10,5,0",92898,1,4848,2
"8,11,6,3,10,5,2,13,8,1,12,7,0,11,6",92898,1,4848,2
"8,11,6,3,10,5,2,13,8,1,12,7,4,11,6",92898,1,4848,2
"8,11,6,3,10,5,2,13,8,1,12,9,4,11,6",92898,1,4848,2
"8,13,0,3,6,11,2,7,10,13,0,5,12,1,4",92898,1,4848,2
"8,13,0,3,6,11,4,7,10,13,2,9,12,1,4",92898,1,4848,2
"8,13,0,5,10,1,6,3,8,13,4,9,12,1,6",92898,1,4848,2
"8,13,0,5,10,1,6,11,2,7,12,3,8,13,0",92898,1,4848,2
"8,13,0,5,10,1,6,11,2,7,12,3,8,13,4",92898,1,4848,2
"8,13,0,5,10,1,6,11,2,7,12,9,4,13,0",92898,1,4848,2
"8,13,0,5,10,3,6,11,2,7,12,1,8,13,0",81498,0,12,12
"8,13,0,5,12,1,6,11,2,7,10,3,8,13,0",104470,1,12,12
"8,13,0,5,12,3,6,9,2,7,10,1,4,11,0",92898,1,4848,2
"8,13,0,5,12,3,6,11,2,7,10,1,8,13,0",92898,1,4848,2
"8,13,0,7,10,1,4,9,12,3,6,11,2,5,8",94783,1,14,14
"8,13,0,7,10,1,6,11,2,5,12,3,8,13,0",93214,1,12,12
"8,13,0,7,10,3,6,11,2,5,12,1,8,13,0",92370,1,12,12
"8,13,0,7,12,1,6,11,2,5,10,3,8,13,0",102581,1,12,12
"8,13,0,7,12,3,6,11,2,5,0,9,4,13,8",92898,1,4848,2
"8,13,0,7,12,3,6,11,2,5,10,1,8,13,0",92898,1,4848,2
"8,13,0,9,4,1,6,11,2,7,12,3,8,13,0",92898,1,4848,2
"8,13,0,9,4,1,6,11,2,7,12,9,4,13,0",92898,1,4848,2
"8,13,0,9,6,11,2,5,12,3,0,7,10,1,8",92898,1,4848,2
"8,13,0,9,6,11,4,7,12,3,0,9,2,5,10",92898,1,4848,2
"8,13,0,9,12,5,2,11,6,3,10,7,4,1,8",84366,1,14,14
"8,13,0,11,6,3,10,7,2,13,0,5,12,9,4",92898,1,4848,2
"8,13,2,5,0,11,4,7,10,13,2,9,12,1,4",92898,1,4848,2
"8,13,2,5,10,1,6,11,0,7,12,3,8,13,2",92898,1,4848,2
"8,13,2,5,10,1,6,11,0,7,12,3,8,13,4",92898,1,4848,2
"8,13,2,5,10,1,6,11,8,13,4,9,0,3,6",92898,1,4848,2
"8,13,2,5,10,3,6,9,0,7,12,1,4,11,2",92898,1,4848,2
"8,13,2,5,10,3,6,11,0,7,12,1,4,9,2",92898,1,4848,2
"8,13,2,5,10,3,6,11,0,7,12,1,8,13,2",92898,1,4848,2
"8,13,2,5,10,3,6,11,8,13,0,9,4,1,6",92898,1,4848,2
"8,13,2,5,12,1,6,11,0,7,10,3,8,13,2",93709,0,12,12
"8,13,2,5,12,3,6,9,0,7,10,1,4,11,2",92898,1,4848,2
"8,13,2,5,12,3,6,11,0,7,10,1,4,9,2",92898,1,4848,2
"8,13,2,5,12,3,6,11,0,7,10,1,8,13,2",92898,1,4848,2
"8,13,2,7,0,3,6,11,4,9,12,1,8,13,2",92898,1,4848,2
"8,13,2,7,10,1,4,9,12,3,6,11,0,5,8",82354,0,14,14
"8,13,2,7,10,1,4,11,0,5,12,9,6,13,2",92898,1,4848,2
"8,13,2,7,10,1,6,11,0,5,12,3,8,13,2",92898,1,4848,2
"8,13,2,7,10,1,6,11,0,5,12,9,4,13,8",92898,1,4848,2
"8,13,2,7,10,3,6,9,12,5,0,11,4,1,8",74436,1,14,14
"8,13,2,7,10,3,6,11,0,5,12,1,4,9,2",92898,1,4848,2
"8,13,2,7,10,3,6,11,0,5,12,1,8,13,2",92898,1,4848,2
"8,13,2,7,12,1,4,9,0,5,10,7,12,3,8",92898,1,4848,2
"8,13,2,7,12,1,6,11,0,5,10,3,8,13,2",92898,1,4848,2
"8,13,2,7,12,3,0,5,10,1,6,9,12,3,8",92898,1,4848,2
"8,13,2,7,12,3,6,9,0,5,10,1,12,3,8",92898,1,4848,2
"8,13,2,7,12,3,6,11,0,5,10,1,8,13,2",92898,1,4848,2
"8,13,2,9,0,3,6,11,4,7,10,1,8,13,2",92898,1,4848,2
"8,13,2,9,0,3,6,11,4,7,12,1,8,13,2",92898,1,4848,2
"8,13,2,9,6,1,10,5,0,11,4,7,12,3,8",73616,1,14,14
"8,13,2,9,6,3,0,11,4,1,12,9,6,13,10",92898,1,4848,2
"8,13,2,9,6,3,10,7,4,11,0,5,12,1,8",79966,0,14,14
"8,13,2,9,6,11,4,7,0,13,2,9,12,5,10",92898,1,4848,2
"8,13,2,9,12,3,6,11,0,5,10,1,8,13,2",92898,1,4848,2
"8,13,2,9,12,3,6,11,0,7,10,1,8,13,2",92898,1,4848,2
"8,13,2,9,12,3,6,11,4,7,10,1,8,13,0",92898,1,4848,2
"8,13,2,9,12,3,6,11,4,7,10,1,8,13,2",92898,1,4848,2
"8,13,2,9,12,5,0,11,6,3,10,7,4,1,8",64448,0,14,14
"8,13,2,11,0,5,10,7,4,9,12,3,0,13,6",92898,1,4848,2
"8,13,4,1,6,11,0,7,10,13,2,5,12,3,0",92898,1,4848,2
"8,13,4,1,6,11,2,7,10,13,4,9,0,5,2",92898,1,4848,2
"8,13,4,7,0,11,6,1,10,5,2,9,12,3,8",68285,1,14,14
"8,13,4,7,10,1,6,11,0,5,12,3,8,13,2",92898,1,4848,2
"8,13,4,7,10,1,6,11,2,13,4,9,0,5,8",92898,1,4848,2
"8,13,4,7,10,3,0,9,12,1,6,11,2,5,8",82259,1,14,14
"8,13,4,9,0,3,6,11,2,7,12,9,0,5,10",92898,1,4848,2
"8,13,4,9,0,3,10,7,2,11,6,1,12,5,8",89128,0,14,14
"8,13,4,9,0,5,2,11,6,3,12,7,0,13,8",92898,1,4848,2
"8,13,4,9,0,5,2,11,6,3,12,7,0,13,10",92898,1,4848,2
"8,13,4,9,0,5,10,1,6,11,2,7,12,3,8",92898,1,4848,2
"8,13,4,9,0,5,10,1,6,13,2,7,12,3,8",92898,1,4848,2
"8,13,4,9,0,11,2,7,12,3,6,9,0,5,10",92898,1,4848,2
"8,13,4,9,6,11,0,7,12,1,4,9,2,5,8",92898,1,4848,2
"8,13,4,9,6,11,0,7,12,1,4,9,2,5,10",92898,1,4848,2
"8,13,4,9,6,11,2,7,12,1,4,9,0,5,10",92898,1,4848,2
"8,13,4,9,12,1,6,11,0,5,10,3,8,13,2",92898,1,4848,2
"8,13,4,9,12,1,6,11,2,7,4,9,0,5,10",92898,1,4848,2
"8,13,4,9,12,5,0,11,6,1,10,7,2,13,8",92898,1,4848,2
"8,13,4,9,12,5,2,11,6,1,10,7,0,3,8",90867,0,14,14
"8,13,4,11,6,1,10,7,2,9,12,5,0,13,4",92898,1,4848,2
"8,13,6,9,0,3,10,1,4,7,12,5,8,11,2",92898,1,4848,2
"8,13,6,9,0,3,10,1,4,7,12,5,8,13,2",92898,1,4848,2
"8,13,6,9,12,3,10,1,4,7,0,5,8,11,2",92898,1,4848,2
"8,13,6,9,12,3,10,1,4,7,0,5,8,13,2",92898,1,4848,2
"8,13,6,11,0,3,10,1,4,7,12,5,8,13,2",92898,1,4848,2
"8,13,6,11,0,3,10,1,4,9,12,5,8,13,2",92898,1,4848,2
"8,13,10,1,6,11,0,3,8,13,4,9,6,11,0",92898,1,4848,2
"8,13,10,1,6,11,0,3,8,13,4,9,6,11,2",92898,1,4848,2
"8,13,10,1,6,11,0,5,8,13,2,7,12,3,0",92898,1,4848,2
"8,13,10,1,6,11,2,5,8,13,4,9,0,11,2",92898,1,4848,2
"8,13,10,3,6,11,2,5,8,13,4,9,0,11,2",92898,1,4848,2
"8,13,10,3,6,11,2,7,0,13,4,9,12,5,10",92898,1,4848,2
"8,13,10,3,6,11,4,1,8,13,0,9,6,11,2",92898,1,4848,2
"8,13,10,3,6,11,4,1,8,13,0,9,6,11,4",92898,1,4848,2
"8,13,10,3,6,11,4,1,8,13,2,9,6,11,4",92898,1,4848,2
"8,13,10,3,6,11,4,7,0,13,2,9,12,5,10",92898,1,4848,2
"9,0,3,6,11,2,7,12,9,0,5,10,1,4,7",92898,0,4848,2
"9,0,3,6,11,4,7,10,1,8,13,2,5,12,3",92898,0,4848,2
"9,0,3,6,11,4,7,12,1,8,13,2,5,10,3",92898,0,4848,2
"9,0,3,6,13,4,7,10,1,8,11,2,5,12,3",92898,0,4848,2
"9,0,3,6,13,4,7,12,1,8,11,2,5,10,3",92898,0,4848,2
"9,0,3,8,1,4,7,12,5,10,13,2,9,0,3",92898,0,4848,2
"9,0,3,8,11,2,5,10,13,4,7,12,1,6,9",91327,1,14,14
"9,0,3,8,11,4,7,12,1,6,13,2,5,10,3",92898,0,4848,2
"9,0,3,8,13,4,11,6,1,10,7,2,9,12,5",92898,0,4848,2
"9,0,3,10,1,4,7,12,5,8,11,2,9,0,3",92898,0,4848,2
"9,0,3,10,1,4,7,12,5,8,13,2,9,0,3",92898,0,4848,2
"9,0,3,10,7,2,11,6,1,12,5,8,13,4,9",89128,1,14,14
"9,0,3,10,7,4,11,8,5,2,13,6,1,12,9",98497,1,14,14
"9,0,3,10,7,4,13,8,5,2,11,6,1,12,9",88957,1,14,14
"9,0,3,10,13,4,7,12,5,8,11,2,9,0,3",92898,0,4848,2
"9,0,3,12,7,4,11,6,9,0,13,8,1,4,11",92898,0,4848,2
"9,0,5,2,7,12,3,8,11,0,5,10,1,6,3",92898,0,4848,2
"9,0,5,2,7,12,3,8,11,0,5,10,1,6,13",92898,0,4848,2
"9,0,5,2,11,6,3,12,7,0,13,8,1,4,9",92898,0,4848,2
"9,0,5,2,11,6,3,12,7,0,13,8,1,10,5",92898,0,4848,2
"9,0,5,2,11,6,3,12,7,0,13,10,1,4,9",92898,0,4848,2
"9,0,5,8,1,12,7,2,11,6,3,10,13,4,9",83352,1,14,14
"9,0,5,8,11,2,7,10,3,0,5,12,1,6,13",92898,0,4848,2
"9,0,5,8,11,2,7,12,1,4,13,10,3,6,9",82816,1,14,14
"9,0,5,8,11,2,7,12,3,0,5,10,1,6,9",92898,0,4848,2
"9,0,5,10,1,4,7,12,3,6,13,10,1,8,11",92898,0,4848,2
"9,0,5,10,1,4,7,12,3,8,13,10,1,6,11",92898,0,4848,2
"9,0,5,10,1,4,11,8,3,12,7,2,13,6,9",87938,0,14,14
"9,0,5,10,1,6,11,2,7,12,3,8,13,0,5",92898,0,4848,2
"9,0,5,10,1,6,11,2,7,12,3,8,13,4,9",92898,0,4848,2
"9,0,5,10,1,6,13,2,7,12,3,8,11,0,5",92898,0,4848,2
"9,0,5,10,1,12,3,8,13,4,7,10,1,6,11",92898,0,4848,2
"9,0,5,10,7,12,3,8,13,0,5,10,1,6,3",92898,0,4848,2
"9,0,5,10,7,12,3,8,13,0,5,10,1,6,11",92898,0,4848,2
"9,0,5,10,7,12,3,8,13,2,5,10,1,6,11",92898,0,4848,2
"9,0,5,10,13,2,7,12,3,0,5,10,1,6,9",92898,0,4848,2
"9,0,5,10,13,2,7,12,3,8,5,10,1,6,11",92898,0,4848,2
"9,0,5,10,13,4,11,8,3,0,7,2,13,6,9",92898,0,4848,2
"9,0,5,10,13,6,3,12,7,2,11,8,1,4,9",97942,0,14,14
"9,0,5,10,13,6,11,2,7,0,3,8,13,4,9",92898,0,4848,2
"9,0,7,10,1,4,11,2,5,8,13,6,9,0,3",92898,0,4848,2
"9,0,7,10,1,4,11,2,5,8,13,6,9,12,3",92898,0,4848,2
"9,0,7,10,3,6,11,4,1,8,13,2,9,6,11",92898,0,4848,2
"9,0,7,10,13,4,11,2,5,8,1,6,9,0,3",92898,0,4848,2
"9,0,7,10,13,4,11,2,5,8,1,6,9,12,3",92898,0,4848,2
"9,0,7,10,13,4,11,2,5,8,1,6,13,0,3",92898,0,4848,2
"9,0,7,12,1,4,11,2,5,8,13,6,9,0,3",92898,0,4848,2
"9,0,7,12,1,4,11,2,5,10,13,6,9,0,3",92898,0,4848,2
"9,0,11,2,7,12,3,6,9,0,5,10,1,12,3",92898,0,4848,2
"9,0,11,8,1,4,13,6,3,10,7,2,9,12,5",92898,0,4848,2
"9,0,13,6,11,2,5,10,3,0,7,12,1,8,13",92898,0,4848,2
"9,0,13,6,11,2,7,10,3,0,5,12,1,8,13",92898,0,4848,2
"9,0,13,8,1,4,7,10,3,6,11,2,5,12,9",97572,0,14,14
"9,0,13,8,1,4,11,2,5,10,13,6,9,0,3",92898,0,4848,2
"9,0,13,8,1,4,11,6,3,10,7,2,9,12,5",92898,0,4848,2
"9,0,13,8,1,4,11,6,3,10,13,8,1,12,5",92898,0,4848,2
"9,0,13,8,1,4,11,6,3,10,13,8,1,12,7",92898,0,4848,2
"9,0,13,8,1,4,11,6,3,12,7,2,9,0,5",92898,0,4848,2
"9,0,13,8,11,6,3,10,5,2,13,8,1,12,7",92898,0,4848,2
"9,0,13,8,11,6,3,10,5,2,13,8,1,12,9",92898,0,4848,2
"9,2,5,8,1,4,11,0,3,10,13,6,9,12,5",92898,0,4848,2
"9,2,5,8,11,0,7,10,13,2,5,12,1,4,7",92898,0,4848,2
"9,2,5,8,11,0,7,10,13,2,5,12,3,0,7",92898,0,4848,2
"9,2,5,8,11,0,7,12,1,4,13,10,3,6,9",94528,0,14,14
"9,2,5,8,11,4,7,12,3,0,13,10,1,6,9",83456,0,14,14
"9,2,5,8,13,6,11,0,3,10,1,4,7,12,5",92898,0,4848,2
"9,2,5,8,13,6,11,0,3,10,1,4,9,12,5",92898,0,4848,2
"9,2,5,10,1,4,11,8,3,12,7,0,13,6,9",60140,1,14,14
"9,2,5,10,1,6,11,0,7,4,13,8,3,12,9",82929,1,14,14
"9,2,5,10,1,6,13,0,7,4,11,8,3,12,9",74951,1,14,14
"9,2,5,10,3,0,7,12,1,6,13,10,3,8,11",92898,0,4848,2
"9,2,5,10,3,0,7,12,1,8,13,10,3,6,11",92898,0,4848,2
"9,2,5,10,13,4,11,0,3,8,1,6,9,12,5",92898,0,4848,2
"9,2,5,10,13,6,11,0,3,8,1,4,7,12,5",92898,0,4848,2
"9,2,5,10,13,6,11,0,3,8,1,4,9,12,5",92898,0,4848,2
"9,2,5,10,13,6,11,0,7,4,1,8,13,2,9",92898,0,4848,2
"9,2,5,12,1,4,11,0,7,10,13,6,9,2,5",92898,0,4848,2
"9,2,7,4,11,0,5,12,9,2,7,10,3,0,5",92898,0,4848,2
"9,2,7,4,11,0,5,12,9,2,7,10,3,6,13",92898,0,4848,2
"9,2,7,4,11,0,5,12,9,2,13,10,3,0,7",92898,0,4848,2
"9,2,7,4,13,0,5,12,9,2,7,10,1,6,11",92898,0,4848,2
"9,2,7,4,13,0,5,12,9,2,7,10,3,0,5",92898,0,4848,2
"9,2,7,4,13,0,5,12,9,2,7,10,3,6,11",92898,0,4848,2
"9,2,7,4,13,0,5,12,9,2,11,8,3,0,7",92898,0,4848,2
"9,2,7,10,1,4,11,0,5,8,13,6,9,12,3",92898,0,4848,2
"9,2,7,10,1,6,11,4,13,8,3,0,9,2,5",92898,0,4848,2
"9,2,7,10,3,0,5,12,1,6,13,10,3,8,11",92898,0,4848,2
"9,2,7,10,3,0,5,12,1,8,13,10,3,6,11",92898,0,4848,2
"9,2,7,10,3,6,11,4,1,8,13,0,9,6,11",92898,0,4848,2
"9,2,7,10,3,6,13,4,1,8,11,0,9,6,13",92898,0,4848,2
"9,2,7,10,13,0,5,12,1,4,7,10,3,6,9",92898,0,4848,2
"9,2,7,10,13,4,11,0,3,8,1,6,9,12,5",92898,0,4848,2
"9,2,7,10,13,4,11,0,5,8,1,6,9,12,3",92898,0,4848,2
"9,2,7,10,13,6,11,0,3,8,1,4,9,12,5",92898,0,4848,2
"9,2,7,10,13,6,11,0,5,8,1,4,9,12,3",92898,0,4848,2
"9,2,7,12,3,6,11,4,1,8,13,0,9,6,11",92898,0,4848,2
"9,2,11,8,3,0,7,4,13,10,5,12,9,6,1",92898,0,4848,2
"9,2,11,8,5,0,7,4,1,10,3,12,9,6,13",92898,0,4848,2
"9,2,11,8,5,0,7,4,13,10,3,12,9,6,1",92898,0,4848,2
"9,2,11,8,5,12,7,0,13,10,1,4,9,6,3",92898,0,4848,2
"9,2,11,8,5,12,7,4,1,10,3,0,9,6,13",92898,0,4848,2
"9,2,11,8,5,12,7,4,13,10,3,0,9,6,1",92898,0,4848,2
"9,2,13,0,7,4,11,6,3,10,13,8,1,12,5",92898,0,4848,2
"9,2,13,0,7,4,11,6,9,2,13,8,1,4,11",92898,0,4848,2
"9,2,13,0,7,4,11,8,3,10,13,6,1,12,5",92898,0,4848,2
"9,2,13,6,3,0,7,4,11,8,5,12,9,2,13",92898,0,4848,2
"9,2,13,8,1,4,7,0,11,6,13,10,5,2,9",92898,0,4848,2
"9,2,13,8,1,4,7,10,3,6,11,0,5,12,9",92466,1,14,14
"9,2,13,8,1,4,11,0,3,10,13,6,9,12,5",92898,0,4848,2
"9,2,13,8,1,4,11,6,3,10,7,0,9,12,5",92898,0,4848,2
"9,2,13,8,1,4,11,6,3,10,13,8,1,12,5",92898,0,4848,2
"9,2,13,8,1,4,11,6,3,10,13,8,1,12,7",92898,0,4848,2
"9,2,13,8,1,12,5,0,11,4,7,10,3,6,9",74444,0,14,14
"9,2,13,8,3,12,7,4,11,0,5,10,1,6,9",81900,1,14,14
"9,2,13,8,5,0,7,4,1,10,3,12,9,6,13",92898,0,4848,2
"9,2,13,8,5,12,7,4,1,10,3,0,9,6,13",92898,0,4848,2
"9,2,13,8,5,12,7,4,1,10,3,0,11,6,13",92898,0,4848,2
"9,2,13,8,11,0,5,10,1,4,7,12,3,6,13",92898,0,4848,2
"9,2,13,10,3,0,7,4,1,8,5,12,9,6,13",92898,0,4848,2
"9,2,13,10,5,12,7,4,1,8,3,0,9,6,13",92898,0,4848,2
"9,2,13,10,5,12,7,4,1,8,3,0,11,6,13",92898,0,4848,2
"9,2,13,10,7,4,11,0,5,2,13,8,3,12,9",92898,0,4848,2
"9,2,13,10,7,4,11,6,3,0,13,8,1,12,9",92898,0,4848,2
"9,2,13,10,7,4,11,8,5,2,13,6,3,0,11",92898,0,4848,2
"9,4,1,6,11,2,7,12,3,8,13,0,5,10,1",92898,0,4848,2
"9,4,1,6,11,2,7,12,9,4,13,0,5,2,7",92898,0,4848,2
"9,4,1,8,3,0,11,6,13,10,5,2,9,4,1",92898,0,4848,2
"9,4,1,8,3,0,11,6,13,10,5,8,3,0,7",92898,0,4848,2
"9,4,1,8,3,0,11,6,13,10,7,2,9,4,1",92898,0,4848,2
"9,4,1,8,3,6,13,10,5,12,1,8,3,0,7",92898,0,4848,2
"9,4,1,8,5,0,11,6,13,10,7,2,9,4,1",92898,0,4848,2
"9,4,1,8,11,2,7,12,3,6,13,10,5,0,9",73650,0,14,14
"9,4,1,8,13,0,7,12,3,6,11,2,5,0,9",92898,0,4848,2
"9,4,1,8,13,0,7,12,3,6,11,2,5,10,1",92898,0,4848,2
"9,4,1,8,13,0,11,6,3,10,7,2,13,0,5",92898,0,4848,2
"9,4,1,8,13,2,7,12,3,6,11,0,5,10,1",92898,0,4848,2
"9,4,1,10,3,0,11,6,13,8,5,2,9,4,1",92898,0,4848,2
"9,4,1,10,7,0,11,6,3,12,5,2,13,8,1",92898,0,4848,2
"9,4,1,10,7,0,11,8,5,2,13,6,3,0,11",92898,0,4848,2
"9,4,1,10,7,0,11,8,5,2,13,6,3,12,9",92898,0,4848,2
"9,4,1,10,7,0,13,8,5,2,11,6,3,12,9",84311,0,14,14
"9,4,1,10,7,2,11,8,5,0,13,6,3,12,9",98837,1,14,14
"9,4,1,10,7,2,13,8,5,0,11,6,3,12,9",64372,1,14,14
"9,4,1,10,13,0,7,12,3,6,11,2,5,0,9",92898,0,4848,2
"9,4,1,10,13,0,7,12,5,8,11,2,9,0,3",92898,0,4848,2
"9,4,1,12,5,0,11,6,3,10,7,2,13,8,1",92898,0,4848,2
"9,4,1,12,5,0,11,8,3,10,7,2,5,0,13",92898,0,4848,2
"9,4,1,12,5,0,11,8,3,10,7,2,13,6,1",92898,0,4848,2
"9,4,1,12,7,0,11,6,3,10,5,2,13,8,1",92898,0,4848,2
"9,4,1,12,7,0,11,6,9,4,13,8,3,0,11",92898,0,4848,2
"9,4,1,12,7,0,11,8,3,10,5,2,13,6,1",92898,0,4848,2
"9,4,1,12,7,2,11,6,9,4,13,8,3,0,11",92898,0,4848,2
"9,4,1,12,7,2,13,8,3,10,5,0,11,6,1",92898,0,4848,2
"9,4,7,2,11,6,1,12,9,4,13,8,3,0,7",92898,0,4848,2
"9,4,7,2,11,6,1,12,9,4,13,8,3,6,1",92898,0,4848,2
"9,4,7,2,13,6,1,12,9,4,11,8,3,0,7",92898,0,4848,2
"9,4,7,2,13,6,1,12,9,4,11,8,5,0,7",92898,0,4848,2
"9,4,7,10,5,0,11,2,13,8,3,6,9,4,1",92898,0,4848,2
"9,4,11,6,3,0,7,2,13,8,5,12,9,4,1",92898,0,4848,2
"9,4,11,6,3,0,7,2,13,10,5,12,9,4,1",92898,0,4848,2
"9,4,11,8,3,0,7,2,13,10,5,12,9,4,1",92898,0,4848,2
"9,4,11,8,3,0,7,2,13,10,5,12,9,6,1",92898,0,4848,2
"9,4,11,8,5,0,7,2,13,10,3,12,9,4,1",92898,0,4848,2
"9,4,11,8,5,0,7,2,13,10,3,12,9,6,1",92898,0,4848,2
"9,4,13,0,5,2,7,10,3,8,11,0,5,12,1",92898,0,4848,2
"9,4,13,0,7,2,11,6,3,10,13,8,1,12,5",92898,0,4848,2
"9,4,13,0,7,2,11,8,3,10,13,6,1,12,5",92898,0,4848,2
"9,4,13,2,11,6,1,10,7,4,13,8,3,12,1",92898,0,4848,2
"9,4,13,8,3,0,7,2,11,6,13,10,5,0,9",92898,0,4848,2
"9,4,13,8,3,0,7,10,1,6,11,2,5,12,9",93360,0,14,14
"9,4,13,8,3,0,11,6,1,10,5,8,3,12,7",92898,0,4848,2
"9,4,13,8,3,0,11,6,1,10,13,8,3,12,7",92898,0,4848,2
"9,4,13,8,3,6,1,10,5,0,11,8,3,12,7",92898,0,4848,2
"9,4,13,8,3,6,1,10,5,0,13,8,3,12,7",92898,0,4848,2
"9,4,13,8,3,12,7,0,11,6,1,10,5,2,13",92898,0,4848,2
"9,4,13,8,3,12,7,2,11,6,1,10,5,0,9",92898,0,4848,2
"9,4,13,8,3,12,7,2,11,6,1,10,5,0,13",92898,0,4848,2
"9,4,13,8,5,2,11,6,1,10,13,8,3,12,7",92898,0,4848,2
"9,4,13,8,5,2,11,6,3,10,13,8,1,12,7",92898,0,4848,2
"9,4,13,8,5,12,1,6,11,2,7,10,3,0,9",69780,1,14,14
"9,4,13,8,11,2,7,10,1,6,13,0,3,12,9",92898,0,4848,2
"9,4,13,8,11,2,7,10,1,6,13,0,5,12,3",92898,0,4848,2
"9,4,13,8,11,2,7,10,1,6,13,0,5,12,9",92898,0,4848,2
"9,4,13,8,11,6,1,10,5,2,13,8,3,12,7",92898,0,4848,2
"9,4,13,10,3,6,11,2,7,12,1,8,5,0,9",69619,1,14,14
"9,4,13,10,7,2,11,6,1,4,13,8,3,12,9",92898,0,4848,2
"9,6,1,8,3,0,11,4,13,10,5,2,9,6,1",92898,0,4848,2
"9,6,1,8,3,0,11,4,13,10,7,2,9,6,1",92898,0,4848,2
"9,6,1,8,5,0,11,4,13,10,7,2,9,6,1",92898,0,4848,2
"9,6,1,8,5,0,11,4,13,10,7,2,9,6,3",92898,0,4848,2
"9,6,1,8,5,2,11,4,13,10,7,0,9,6,1",92898,0,4848,2
"9,6,1,8,5,2,11,4,13,10,7,0,9,6,3",92898,0,4848,2
"9,6,1,10,5,0,3,12,7,2,11,8,5,0,9",92898,0,4848,2
"9,6,1,10,5,0,3,12,7,2,13,8,5,0,11",92898,0,4848,2
"9,6,1,10,5,0,3,12,7,2,13,10,5,0,9",92898,0,4848,2
"9,6,1,10,5,0,11,4,7,12,3,8,13,2,9",73616,0,14,14
"9,6,1,10,7,0,3,12,5,2,13,10,7,0,11",92898,0,4848,2
"9,6,1,10,13,0,3,12,7,4,11,8,5,2,9",87834,1,14,14
"9,6,1,10,13,4,11,8,3,0,7,2,13,6,9",92898,0,4848,2
"9,6,1,12,5,0,11,8,3,10,7,2,5,0,13",92898,0,4848,2
"9,6,1,12,5,0,11,8,3,10,7,2,13,6,1",92898,0,4848,2
"9,6,1,12,5,0,11,8,3,10,7,4,13,6,1",92898,0,4848,2
"9,6,1,12,5,2,11,8,3,10,7,0,13,6,1",92898,0,4848,2
"9,6,1,12,5,2,11,8,3,10,7,4,13,6,1",92898,0,4848,2
"9,6,1,12,7,0,11,8,3,10,5,2,13,6,1",92898,0,4848,2
"9,6,1,12,7,4,13,10,5,2,11,8,3,0,9",80834,1,14,14
"9,6,3,0,7,4,1,12,9,2,13,10,7,4,11",92898,0,4848,2
"9,6,3,0,11,4,1,12,9,6,13,10,7,4,1",92898,0,4848,2
"9,6,3,8,13,2,11,0,5,10,7,4,9,12,3",92898,0,4848,2
"9,6,3,10,5,2,11,8,1,12,7,0,13,6,3",92898,0,4848,2
"9,6,3,10,5,2,11,8,1,12,7,4,13,6,3",92898,0,4848,2
"9,6,3,10,5,2,13,8,1,12,7,0,11,6,3",92898,0,4848,2
"9,6,3,10,5,2,13,8,1,12,7,4,11,6,3",92898,0,4848,2
"9,6,3,10,7,0,11,8,1,12,5,2,13,6,3",92898,0,4848,2
"9,6,3,10,7,2,11,8,1,4,13,0,5,12,9",98275,1,14,14
"9,6,3,10,7,2,13,8,1,4,11,0,5,12,9",79228,1,14,14
"9,6,3,10,7,4,1,12,5,0,13,10,7,2,9",92898,0,4848,2
"9,6,3,10,7,4,1,12,5,0,13,10,7,2,11",92898,0,4848,2
"9,6,3,10,7,4,1,12,5,2,13,10,7,0,11",92898,0,4848,2
"9,6,3,10,7,4,11,0,5,12,1,8,13,2,9",79966,1,14,14
"9,6,3,10,13,2,11,8,1,4,7,0,13,6,9",92898,0,4848,2
"9,6,3,10,13,4,1,12,7,0,11,8,5,2,9",85064,0,14,14
"9,6,3,10,13,4,1,12,7,2,11,8,5,0,9",69258,1,14,14
"9,6,3,12,5,0,11,8,1,10,7,2,13,6,3",92898,0,4848,2
"9,6,3,12,5,0,11,8,1,10,7,4,13,6,3",92898,0,4848,2
"9,6,3,12,5,0,13,8,1,10,7,2,11,6,3",92898,0,4848,2
"9,6,3,12,5,0,13,8,1,10,7,4,11,6,3",92898,0,4848,2
"9,6,3,12,5,2,11,8,1,10,7,0,13,6,3",92898,0,4848,2
"9,6,3,12,5,2,11,8,1,10,7,4,13,6,3",92898,0,4848,2
"9,6,3,12,5,2,13,8,1,10,7,0,11,6,3",92898,0,4848,2
"9,6,3,12,5,2,13,8,1,10,7,4,11,6,3",92898,0,4848,2
"9,6,3,12,7,2,11,0,9,4,13,8,5,2,11",92898,0,4848,2
"9,6,3,12,7,2,13,8,1,10,5,0,11,6,3",92898,0,4848,2
"9,6,11,0,7,12,1,4,9,2,5,8,13,6,11",92898,0,4848,2
"9,6,11,0,7,12,1,4,9,2,5,10,13,6,11",92898,0,4848,2
"9,6,11,2,5,12,3,0,7,10,1,8,5,12,3",92898,0,4848,2
"9,6,11,2,7,12,1,4,9,0,5,10,7,12,3",92898,0,4848,2
"9,6,11,2,7,12,1,4,9,0,5,10,13,6,11",92898,0,4848,2
"9,6,11,4,7,0,13,2,9,12,5,10,7,0,3",92898,0,4848,2
"9,6,11,4,7,12,3,0,9,2,5,10,13,6,11",92898,0,4848,2
"9,6,13,0,7,4,1,8,11,2,13,10,3,6,9",92898,0,4848,2
"9,6,13,0,7,4,1,10,5,2,11,8,3,12,9",84242,1,14,14
"9,6,13,0,7,12,3,8,11,4,1,10,5,2,9",73628,1,14,14
"9,6,13,0,11,4,1,8,3,6,13,10,5,12,1",92898,0,4848,2
"9,6,13,2,5,12,3,0,7,10,1,8,5,12,3",92898,0,4848,2
"9,6,13,2,7,0,3,8,11,4,13,10,1,6,9",92898,0,4848,2
"9,6,13,2,7,0,3,8,11,4,13,10,5,0,9",92898,0,4848,2
"9,6,13,2,7,12,3,8,11,4,1,10,5,0,9",69489,1,14,14
"9,6,13,8,5,0,11,4,1,10,7,2,9,6,3",92898,0,4848,2
"9,6,13,8,5,2,11,4,1,10,7,0,9,6,3",92898,0,4848,2
"9,6,13,8,5,2,11,4,1,12,7,0,9,6,3",92898,0,4848,2
"9,6,13,10,3,0,11,4,1,8,5,2,9,6,13",92898,0,4848,2
"9,6,13,10,3,0,11,4,1,8,13,2,9,6,11",92898,0,4848,2
"9,6,13,10,5,2,11,4,1,8,13,0,9,6,11",92898,0,4848,2
"9,6,13,10,5,2,11,4,1,12,7,0,9,6,3",92898,0,4848,2
"9,6,13,10,7,0,11,4,1,12,5,2,9,6,3",92898,0,4848,2
"9,6,13,10,7,4,1,8,3,0,13,10,5,12,9",92898,0,4848,2
"9,6,13,10,7,4,1,8,5,2,13,10,3,0,11",92898,0,4848,2
"9,12,1,4,7,0,3,6,9,12,5,8,11,0,3",92898,0,4848,2
"9,12,1,4,7,0,3,6,9,12,5,10,13,0,3",92898,0,4848,2
"9,12,1,4,11,0,3,6,9,2,5,8,11,0,7",92898,0,4848,2
"9,12,1,4,11,0,3,6,9,2,7,10,13,0,5",92898,0,4848,2
"9,12,1,4,11,0,3,6,9,2,13,8,11,0,5",92898,0,4848,2
"9,12,1,6,11,0,5,10,3,8,13,2,7,12,1",92898,0,4848,2
"9,12,1,6,11,2,5,8,13,4,7,10,3,0,9",82259,0,14,14
"9,12,1,6,11,2,7,4,9,0,5,10,13,2,7",92898,0,4848,2
"9,12,1,6,13,2,5,8,11,4,7,10,3,0,9",82611,0,14,14
"9,12,1,6,13,2,5,10,3,8,11,0,7,12,1",92898,0,4848,2
"9,12,1,6,13,2,7,4,9,0,5,10,13,2,7",92898,0,4848,2
"9,12,1,6,13,2,7,10,3,8,11,0,5,12,1",92898,0,4848,2
"9,12,1,6,13,4,7,10,3,0,11,2,5,12,9",92898,0,4848,2
"9,12,1,6,13,4,7,10,3,8,11,0,5,12,1",92898,0,4848,2
"9,12,1,6,13,4,7,10,3,8,11,2,5,12,1",92898,0,4848,2
"9,12,1,8,11,0,3,6,13,2,5,8,11,0,7",92898,0,4848,2
"9,12,1,8,11,0,3,6,13,2,5,8,11,4,7",92898,0,4848,2
"9,12,1,8,11,4,7,10,3,6,13,2,5,12,1",92898,0,4848,2
"9,12,1,8,13,0,3,6,11,2,7,10,13,0,5",92898,0,4848,2
"9,12,1,8,13,0,3,6,11,4,7,10,13,2,9",92898,0,4848,2
"9,12,1,8,13,2,5,10,3,6,11,0,7,12,1",92898,0,4848,2
"9,12,1,8,13,2,5,10,3,6,11,8,13,0,9",92898,0,4848,2
"9,12,1,8,13,2,7,10,3,6,11,0,5,12,1",92898,0,4848,2
"9,12,3,0,13,6,1,8,5,2,11,4,13,10,7",92898,0,4848,2
"9,12,3,0,13,6,1,10,7,2,11,8,13,4,9",92898,0,4848,2
"9,12,3,6,11,0,5,8,13,2,7,10,1,4,9",82354,1,14,14
"9,12,3,6,11,0,5,10,1,8,13,2,7,12,3",92898,0,4848,2
"9,12,3,6,11,0,7,10,1,8,13,2,5,12,3",92898,0,4848,2
"9,12,3,6,11,2,5,8,13,0,7,10,1,4,9",94783,0,14,14
"9,12,3,6,11,4,7,10,1,8,13,0,5,12,3",92898,0,4848,2
"9,12,3,6,11,4,7,10,1,8,13,2,5,12,3",92898,0,4848,2
"9,12,3,6,13,0,5,8,11,2,7,10,1,4,9",82832,1,14,14
"9,12,3,6,13,2,5,8,11,0,7,10,1,4,9",92898,0,4848,2
"9,12,3,6,13,2,5,8,11,0,7,10,13,2,5",92898,0,4848,2
"9,12,3,6,13,2,7,10,1,8,11,0,5,12,3",92898,0,4848,2
"9,12,3,6,13,4,7,10,1,8,11,0,5,12,3",92898,0,4848,2
"9,12,3,6,13,4,7,10,1,8,11,2,5,12,3",92898,0,4848,2
"9,12,3,8,11,2,5,10,1,4,7,0,13,6,9",80415,0,14,14
"9,12,3,8,11,4,7,0,13,6,1,10,5,2,9",68349,0,14,14
"9,12,3,8,13,2,5,0,11,4,7,10,13,2,9",92898,0,4848,2
"9,12,3,8,13,4,1,6,11,0,7,10,13,2,5",92898,0,4848,2
"9,12,3,8,13,4,1,6,11,2,7,10,13,4,9",92898,0,4848,2
"9,12,3,8,13,4,7,0,11,6,1,10,5,2,9",68285,0,14,14
"9,12,3,10,1,4,7,0,5,8,11,2,9,12,3",92898,0,4848,2
"9,12,3,10,1,4,7,0,5,8,13,2,9,12,3",92898,0,4848,2
"9,12,3,10,13,2,7,0,5,8,11,4,9,12,1",92898,0,4848,2
"9,12,3,10,13,2,7,0,5,8,11,4,9,12,3",92898,0,4848,2
"9,12,3,10,13,4,7,0,5,8,11,2,9,12,1",92898,0,4848,2
"9,12,3,10,13,4,7,0,5,8,11,2,9,12,3",92898,0,4848,2
"9,12,5,0,11,4,1,8,13,2,7,10,3,6,9",74436,0,14,14
"9,12,5,0,11,4,1,10,7,2,13,6,3,12,5",92898,0,4848,2
"9,12,5,0,11,4,1,10,7,2,13,8,3,12,5",92898,0,4848,2
"9,12,5,0,11,4,7,2,9,6,13,0,11,4,1",92898,0,4848,2
"9,12,5,0,11,6,1,10,7,2,13,8,3,12,5",92898,0,4848,2
"9,12,5,0,11,6,3,10,7,4,1,8,13,2,9",64448,1,14,14
"9,12,5,0,13,2,7,10,3,6,11,0,13,8,1",92898,0,4848,2
"9,12,5,0,13,4,1,8,11,2,7,10,3,6,9",74387,0,14,14
"9,12,5,0,13,4,7,2,9,6,1,10,13,4,11",92898,0,4848,2
"9,12,5,0,13,4,7,2,11,8,1,10,13,6,3",92898,0,4848,2
"9,12,5,0,13,6,1,10,7,2,11,8,3,12,5",92898,0,4848,2
"9,12,5,0,13,6,1,10,7,2,11,8,13,4,9",92898,0,4848,2
"9,12,5,2,11,0,3,10,7,4,13,6,1,12,9",92898,0,4848,2
"9,12,5,2,11,6,1,10,7,0,3,8,13,4,9",90867,1,14,14
"9,12,5,2,11,6,3,10,7,4,1,8,13,0,9",84366,0,14,14
"9,12,5,2,13,4,7,0,11,8,1,10,13,6,3",92898,0,4848,2
"9,12,5,8,1,4,7,0,3,10,13,2,9,12,5",92898,0,4848,2
"9,12,5,8,11,0,3,10,13,2,5,8,1,4,7",92898,0,4848,2
"9,12,5,8,11,4,7,0,3,6,13,2,9,12,1",92898,0,4848,2
"9,12,5,8,13,2,7,0,3,6,11,4,9,12,1",92898,0,4848,2
"9,12,5,10,7,0,3,8,1,12,5,10,13,6,3",92898,0,4848,2
"9,12,5,10,13,0,3,8,1,4,7,10,13,6,9",92898,0,4848,2
"9,12,5,10,13,2,7,0,3,6,11,4,9,12,1",92898,0,4848,2
"9,12,5,10,13,2,7,0,3,8,5,10,13,6,11",92898,0,4848,2
"9,12,5,10,13,2,7,0,3,8,11,4,9,12,1",92898,0,4848,2
"9,12,5,10,13,2,7,0,3,8,11,4,9,12,5",92898,0,4848,2
"9,12,5,10,13,4,7,0,3,8,11,2,9,12,1",92898,0,4848,2
"9,12,5,10,13,4,7,0,3,8,11,2,9,12,5",92898,0,4848,2
"9,12,7,0,13,6,1,4,11,8,3,10,13,6,1",92898,0,4848,2
"9,12,7,2,11,6,1,4,9,0,13,8,11,6,3",92898,0,4848,2
"9,12,7,2,11,6,1,10,5,0,13,8,3,12,7",92898,0,4848,2
"9,12,7,2,11,6,3,0,9,4,13,8,11,6,1",92898,0,4848,2
"9,12,7,2,13,6,3,0,11,8,1,10,13,6,3",92898,0,4848,2
"10,1,4,7,0,5,8,11,2,9,12,3,6,13,4",92898,1,4848,2
"10,1,4,7,0,5,8,13,2,9,12,3,6,11,4",92898,1,4848,2
"10,1,4,7,0,13,6,9,12,3,8,11,2,5,10",80415,1,14,14
"10,1,4,7,12,3,6,13,10,1,8,11,0,3,6",92898,1,4848,2
"10,1,4,7,12,3,8,13,10,1,6,11,0,3,8",92898,1,4848,2
"10,1,4,7,12,3,8,13,10,1,6,11,0,5,8",92898,1,4848,2
"10,1,4,7,12,3,8,13,10,1,6,11,2,5,8",92898,1,4848,2
"10,1,4,7,12,5,8,11,2,9,0,3,6,13,4",92898,1,4848,2
"10,1,4,7,12,5,8,13,2,9,0,3,6,11,4",92898,1,4848,2
"10,1,4,9,2,5,8,13,6,11,0,3,10,1,4",92898,1,4848,2
"10,1,4,9,6,3,8,13,2,11,0,5,10,7,4",92898,1,4848,2
"10,1,4,9,12,3,6,11,0,5,8,13,2,7,10",82354,0,14,14
"10,1,4,9,12,3,6,11,2,5,8,13,0,7,10",94783,1,14,14
"10,1,4,9,12,3,6,13,0,5,8,11,2,7,10",82832,0,14,14
"10,1,4,9,12,3,6,13,2,5,8,11,0,7,10",92898,1,4848,2
"10,1,4,9,12,5,8,13,2,7,0,3,6,11,4",92898,1,4848,2
"10,1,4,11,0,5,8,13,6,9,12,3,10,1,4",92898,1,4848,2
"10,1,4,11,0,5,12,9,6,13,2,7,0,3,8",92898,1,4848,2
"10,1,4,11,2,5,8,13,6,9,0,3,10,1,4",92898,1,4848,2
"10,1,4,11,2,5,8,13,6,9,12,3,10,1,4",92898,1,4848,2
"10,1,4,11,8,3,12,7,0,13,6,9,2,5,10",60140,0,14,14
"10,1,4,11,8,3,12,7,2,13,6,9,0,5,10",87938,1,14,14
"10,1,6,3,8,13,4,9,12,1,6,11,0,5,10",92898,1,4848,2
"10,1,6,3,8,13,4,9,12,1,6,11,2,7,4",92898,1,4848,2
"10,1,6,9,2,5,8,11,4,7,12,3,0,13,10",83456,1,14,14
"10,1,6,9,2,7,4,13,0,5,12,9,2,7,10",92898,1,4848,2
"10,1,6,9,2,7,4,13,0,5,12,9,2,11,8",92898,1,4848,2
"10,1,6,9,2,13,8,3,12,7,4,11,0,5,10",81900,0,14,14
"10,1,6,9,12,3,8,13,2,5,0,11,4,7,10",92898,1,4848,2
"10,1,6,9,12,3,8,13,4,1,6,11,0,7,10",92898,1,4848,2
"10,1,6,9,12,3,8,13,4,1,6,11,2,7,10",92898,1,4848,2
"10,1,6,11,0,3,8,13,4,9,6,11,0,7,12",92898,1,4848,2
"10,1,6,11,0,3,8,13,4,9,6,11,2,7,12",92898,1,4848,2
"10,1,6,11,0,5,8,13,2,7,12,3,0,5,10",92898,1,4848,2
"10,1,6,11,0,5,12,3,8,13,2,7,10,1,4",92898,1,4848,2
"10,1,6,11,0,5,12,3,8,13,2,7,10,1,6",92898,1,4848,2
"10,1,6,11,0,5,12,9,4,13,8,3,0,7,2",92898,1,4848,2
"10,1,6,11,0,7,4,13,8,3,12,9,2,5,10",82929,0,14,14
"10,1,6,11,0,7,12,3,8,13,2,5,10,1,6",92898,1,4848,2
"10,1,6,11,0,7,12,3,8,13,4,9,0,5,10",92898,1,4848,2
"10,1,6,11,2,5,8,13,4,9,0,11,2,7,12",92898,1,4848,2
"10,1,6,11,2,5,12,3,8,13,0,7,10,1,6",93214,1,12,12
"10,1,6,11,2,5,12,9,4,13,8,3,0,7,10",93360,1,14,14
"10,1,6,11,2,7,12,3,8,13,0,5,10,1,6",92898,1,4848,2
"10,1,6,11,2,7,12,3,8,13,4,9,0,5,10",92898,1,4848,2
"10,1,6,11,2,7,12,9,4,13,0,5,2,7,10",92898,1,4848,2
"10,1,6,11,2,13,4,9,0,5,8,11,2,7,10",92898,1,4848,2
"10,1,6,11,2,13,4,9,0,5,8,11,2,7,12",92898,1,4848,2
"10,1,6,11,4,13,8,3,0,9,2,5,10,13,6",92898,1,4848,2
"10,1,6,11,8,13,4,9,0,3,6,11,2,7,12",92898,1,4848,2
"10,1,6,13,0,3,12,9,4,11,8,5,0,7,2",92898,1,4848,2
"10,1,6,13,0,5,12,3,8,11,2,7,10,1,6",92898,1,4848,2
"10,1,6,13,0,5,12,9,4,11,8,3,0,7,2",92898,1,4848,2
"10,1,6,13,0,7,4,11,8,3,12,9,2,5,10",74951,0,14,14
"10,1,6,13,0,7,12,3,8,11,2,5,10,1,6",80357,0,12,12
"10,1,6,13,2,5,12,3,8,11,0,7,10,1,6",91046,1,12,12
"10,1,6,13,2,7,12,3,8,11,0,5,10,1,6",92898,1,4848,2
"10,1,8,5,12,3,6,13,10,1,8,11,0,3,6",92898,1,4848,2
"10,1,8,5,12,3,6,13,10,1,8,11,0,7,4",92898,1,4848,2
"10,1,8,5,12,3,6,13,10,1,8,11,2,7,4",92898,1,4848,2
"10,1,8,11,0,3,6,13,2,5,8,11,0,7,10",92898,1,4848,2
"10,1,8,11,0,3,6,13,2,5,8,11,4,7,10",92898,1,4848,2
"10,1,8,11,0,3,6,13,2,7,12,9,0,5,10",92898,1,4848,2
"10,1,8,11,0,5,12,3,6,9,2,7,10,1,4",92898,1,4848,2
"10,1,8,11,0,5,12,3,6,9,2,7,10,13,4",92898,1,4848,2
"10,1,8,11,0,5,12,3,6,13,2,7,10,1,4",92898,1,4848,2
"10,1,8,11,0,5,12,3,6,13,2,7,10,1,8",92898,1,4848,2
"10,1,8,11,0,7,4,13,2,5,12,9,0,7,10",92898,1,4848,2
"10,1,8,11,0,7,12,3,6,13,2,5,10,1,8",73677,0,12,12
"10,1,8,11,2,5,12,3,6,9,0,7,10,1,4",92898,1,4848,2
"10,1,8,11,2,5,12,3,6,9,0,7,10,13,4",92898,1,4848,2
"10,1,8,11,2,5,12,3,6,13,0,7,10,1,8",92898,1,4848,2
"10,1,8,11,2,7,4,13,0,5,12,9,2,7,10",92898,1,4848,2
"10,1,8,11,2,7,12,3,6,13,0,5,10,1,8",81839,0,12,12
"10,1,8,13,0,5,12,3,6,9,2,7,10,1,4",92898,1,4848,2
"10,1,8,13,0,5,12,3,6,11,2,7,10,1,8",92898,1,4848,2
"10,1,8,13,0,7,12,3,6,11,2,5,0,9,4",92898,1,4848,2
"10,1,8,13,0,7,12,3,6,11,2,5,10,1,8",92898,1,4848,2
"10,1,8,13,2,5,12,3,6,9,0,7,10,1,4",92898,1,4848,2
"10,1,8,13,2,5,12,3,6,11,0,7,10,1,4",92898,1,4848,2
"10,1,8,13,2,5,12,3,6,11,0,7,10,1,8",92898,1,4848,2
"10,1,8,13,2,7,12,3,6,9,0,5,10,1,12",92898,1,4848,2
"10,1,8,13,2,7,12,3,6,11,0,5,10,1,8",92898,1,4848,2
"10,1,12,3,8,13,4,7,10,1,6,11,0,5,12",92898,1,4848,2
"10,1,12,3,8,13,4,7,10,1,6,11,2,13,4",92898,1,4848,2
"10,3,0,5,12,1,6,13,10,3,8,11,2,7,0",92898,1,4848,2
"10,3,0,5,12,1,6,13,10,3,8,11,4,1,6",92898,1,4848,2
"10,3,0,5,12,1,6,13,10,3,8,11,4,7,0",92898,1,4848,2
"10,3,0,5,12,1,8,13,10,3,6,11,2,7,0",92898,1,4848,2
"10,3,0,5,12,1,8,13,10,3,6,11,4,1,8",92898,1,4848,2
"10,3,0,5,12,1,8,13,10,3,6,11,4,7,0",92898,1,4848,2
"10,3,0,7,4,1,8,5,12,9,6,13,10,3,0",92898,1,4848,2
"10,3,0,7,12,1,6,13,10,3,8,11,4,1,6",92898,1,4848,2
"10,3,0,7,12,1,8,13,10,3,6,11,2,5,8",92898,1,4848,2
"10,3,0,7,12,1,8,13,10,3,6,11,4,1,8",92898,1,4848,2
"10,3,0,9,4,13,8,5,12,1,6,11,2,7,10",69780,0,14,14
"10,3,0,9,6,1,8,5,2,11,4,13,10,7,0",92898,1,4848,2
"10,3,0,9,6,13,8,5,2,11,4,1,10,7,0",92898,1,4848,2
"10,3,0,9,6,13,8,5,2,11,4,1,12,7,0",92898,1,4848,2
"10,3,0,9,12,1,6,11,2,5,8,13,4,7,10",82259,1,14,14
"10,3,0,9,12,1,6,13,2,5,8,11,4,7,10",82611,1,14,14
"10,3,0,11,2,5,12,9,6,13,0,7,4,1,8",92898,1,4848,2
"10,3,0,11,4,1,8,5,2,9,6,13,10,7,0",92898,1,4848,2
"10,3,0,11,4,1,8,13,2,9,6,11,4,7,0",92898,1,4848,2
"10,3,0,11,6,13,8,5,2,9,4,1,10,7,0",92898,1,4848,2
"10,3,0,11,6,13,8,5,2,9,4,1,10,13,0",92898,1,4848,2
"10,3,0,11,6,13,8,5,2,9,4,1,12,7,0",92898,1,4848,2
"10,3,0,11,8,5,12,9,6,3,0,7,4,1,12",92898,1,4848,2
"10,3,6,9,0,5,8,11,2,7,12,1,4,13,10",82816,0,14,14
"10,3,6,9,0,7,12,1,4,11,2,5,8,13,6",92898,1,4848,2
"10,3,6,9,0,7,12,1,4,11,2,5,10,13,6",92898,1,4848,2
"10,3,6,9,2,5,8,11,0,7,12,1,4,13,10",94528,1,14,14
"10,3,6,9,2,5,12,1,4,11,0,7,10,13,6",92898,1,4848,2
"10,3,6,9,2,13,8,1,12,5,0,11,4,7,10",74444,1,14,14
"10,3,6,9,12,1,8,11,0,3,6,13,2,5,8",92898,1,4848,2
"10,3,6,9,12,1,8,13,0,3,6,11,2,7,10",92898,1,4848,2
"10,3,6,9,12,1,8,13,0,3,6,11,4,7,10",92898,1,4848,2
"10,3,6,9,12,5,0,11,4,1,8,13,2,7,10",74436,1,14,14
"10,3,6,9,12,5,0,13,4,1,8,11,2,7,10",74387,1,14,14
"10,3,6,11,0,5,12,1,4,9,2,7,10,13,6",92898,1,4848,2
"10,3,6,11,0,5,12,1,8,13,2,7,10,3,6",92898,1,4848,2
"10,3,6,11,0,5,12,9,2,13,8,1,4,7,10",92466,0,14,14
"10,3,6,11,0,7,12,1,4,9,2,5,8,13,6",92898,1,4848,2
"10,3,6,11,0,7,12,1,4,9,2,5,10,13,6",92898,1,4848,2
"10,3,6,11,0,7,12,1,8,13,2,5,10,3,6",92898,1,4848,2
"10,3,6,11,0,13,8,1,4,9,2,5,10,13,6",92898,1,4848,2
"10,3,6,11,2,5,8,13,4,9,0,11,2,7,12",92898,1,4848,2
"10,3,6,11,2,5,12,1,8,13,0,7,10,3,6",92370,1,12,12
"10,3,6,11,2,5,12,9,0,13,8,1,4,7,10",97572,1,14,14
"10,3,6,11,2,7,0,13,4,9,12,5,10,7,0",92898,1,4848,2
"10,3,6,11,2,7,12,1,8,5,0,9,4,13,10",69619,0,14,14
"10,3,6,11,2,7,12,1,8,13,0,5,10,3,6",81498,0,12,12
"10,3,6,11,4,1,8,13,0,9,6,11,2,5,12",92898,1,4848,2
"10,3,6,11,4,1,8,13,0,9,6,11,4,7,12",92898,1,4848,2
"10,3,6,11,4,1,8,13,2,9,6,11,4,7,0",92898,1,4848,2
"10,3,6,11,4,7,0,13,2,9,12,5,10,7,0",92898,1,4848,2
"10,3,6,11,8,13,0,9,4,1,6,11,2,7,12",92898,1,4848,2
"10,3,6,13,0,5,12,1,8,11,2,7,10,3,6",102268,1,12,12
"10,3,6,13,0,7,12,1,8,11,2,5,10,3,6",92898,1,4848,2
"10,3,6,13,2,5,12,1,8,11,0,7,10,3,6",92898,1,4848,2
"10,3,6,13,2,7,12,1,8,11,0,5,10,3,6",81381,0,12,12
"10,3,6,13,4,1,8,11,0,9,6,13,2,5,12",92898,1,4848,2
"10,3,8,11,0,5,12,1,4,9,2,7,10,13,6",92898,1,4848,2
"10,3,8,11,0,5,12,1,6,9,2,7,10,13,4",92898,1,4848,2
"10,3,8,11,0,5,12,1,6,13,2,7,10,3,8",92898,1,4848,2
"10,3,8,11,0,7,12,1,4,9,2,5,10,13,6",92898,1,4848,2
"10,3,8,11,0,7,12,1,6,9,2,5,10,13,4",92898,1,4848,2
"10,3,8,11,0,7,12,1,6,13,2,5,10,3,8",92898,1,4848,2
"10,3,8,11,2,5,12,1,6,9,0,7,10,13,4",92898,1,4848,2
"10,3,8,11,2,5,12,1,6,13,0,7,10,3,8",92898,1,4848,2
"10,3,8,11,2,7,0,13,4,9,12,5,10,7,0",92898,1,4848,2
"10,3,8,11,2,7,12,1,6,13,0,5,10,3,8",81309,0,12,12
"10,3,8,11,4,1,6,13,0,7,12,9,2,5,10",92898,1,4848,2
"10,3,8,11,4,7,0,13,2,9,12,5,10,7,0",92898,1,4848,2
"10,3,8,13,0,5,12,1,6,11,2,7,10,3,8",104470,1,12,12
"10,3,8,13,0,7,12,1,6,11,2,5,10,3,8",102581,1,12,12
"10,3,8,13,2,5,12,1,6,11,0,7,10,3,8",93709,0,12,12
"10,3,8,13,2,7,12,1,4,9,0,5,10,7,12",92898,1,4848,2
"10,3,8,13,2,7,12,1,6,11,0,5,10,3,8",92898,1,4848,2
"10,3,12,9,4,1,8,5,0,11,6,13,10,7,2",92898,1,4848,2
"10,3,12,9,6,1,8,5,0,11,4,13,10,7,2",92898,1,4848,2
"10,3,12,9,6,1,8,5,2,11,4,13,10,7,0",92898,1,4848,2
"10,3,12,9,6,13,8,5,0,11,4,1,10,7,2",92898,1,4848,2
"10,3,12,9,6,13,8,5,2,11,4,1,10,7,0",92898,1,4848,2
"10,5,0,3,12,7,2,11,8,5,0,9,4,13,2",92898,1,4848,2
"10,5,0,3,12,7,2,13,8,5,0,11,6,1,10",92898,1,4848,2
"10,5,0,3,12,7,2,13,10,5,0,9,4,7,2",92898,1,4848,2
"10,5,0,9,2,7,12,3,6,11,4,1,8,13,0",92898,1,4848,2
"10,5,0,9,4,1,8,11,2,7,12,3,6,13,10",73650,1,14,14
"10,5,0,9,4,1,8,13,2,7,12,3,6,11,0",92898,1,4848,2
"10,5,0,9,4,1,12,7,2,11,6,9,4,13,8",92898,1,4848,2
"10,5,0,9,4,1,12,7,2,13,8,3,10,5,0",92898,1,4848,2
"10,5,0,9,4,7,2,11,6,1,12,9,4,13,8",92898,1,4848,2
"10,5,0,9,4,7,2,13,6,1,12,9,4,11,8",92898,1,4848,2
"10,5,0,9,4,13,8,3,12,7,0,11,6,1,10",92898,1,4848,2
"10,5,0,9,4,13,8,3,12,7,2,11,6,1,10",92898,1,4848,2
"10,5,0,9,6,3,12,7,2,11,0,9,4,13,8",92898,1,4848,2
"10,5,0,9,6,3,12,7,2,13,8,1,10,5,0",92898,1,4848,2
"10,5,0,9,6,13,2,7,12,3,8,11,4,1,10",69489,0,14,14
"10,5,0,9,12,7,2,11,6,3,0,9,4,13,8",92898,1,4848,2
"10,5,0,9,12,7,2,13,6,3,0,11,8,1,10",92898,1,4848,2
"10,5,0,11,2,13,8,3,6,9,4,1,10,13,0",92898,1,4848,2
"10,5,0,11,4,7,12,3,8,13,2,9,6,1,10",73616,1,14,14
"10,5,0,11,6,1,12,7,2,13,8,3,10,5,0",92898,1,4848,2
"10,5,0,11,6,1,12,9,4,13,8,3,6,1,10",92898,1,4848,2
"10,5,0,11,6,3,12,7,2,13,8,1,4,9,0",92898,1,4848,2
"10,5,0,11,6,3,12,7,2,13,8,1,10,5,0",92898,1,4848,2
"10,5,0,11,6,3,12,9,2,13,8,1,4,7,0",92898,1,4848,2
"10,5,0,11,8,1,12,7,2,13,6,3,10,5,0",101342,1,12,12
"10,5,0,11,8,3,12,7,2,5,0,9,4,13,10",92898,1,4848,2
"10,5,0,11,8,3,12,7,2,13,6,1,10,5,0",92898,1,4848,2
"10,5,0,11,8,13,2,9,6,3,0,11,4,1,12",92898,1,4848,2
"10,5,0,13,6,1,12,7,2,11,8,3,10,5,0",101385,1,12,12
"10,5,0,13,6,3,12,7,2,11,8,1,10,5,0",97899,0,12,12
"10,5,0,13,8,1,12,7,2,11,6,3,10,5,0",101516,1,12,12
"10,5,0,13,8,3,12,7,2,11,6,1,4,9,0",92898,1,4848,2
"10,5,0,13,8,3,12,7,2,11,6,1,10,5,0",92898,1,4848,2
"10,5,0,13,8,3,12,7,10,5,0,9,4,1,12",92898,1,4848,2
"10,5,2,9,0,3,8,13,4,11,6,1,10,7,2",92898,1,4848,2
"10,5,2,9,0,3,12,7,4,11,6,9,0,13,8",92898,1,4848,2
"10,5,2,9,4,1,8,13,0,7,12,3,6,11,2",92898,1,4848,2
"10,5,2,9,4,1,8,13,0,11,6,3,10,7,2",92898,1,4848,2
"10,5,2,9,4,1,12,7,0,11,6,3,10,5,2",92898,1,4848,2
"10,5,2,9,4,1,12,7,0,11,6,9,4,13,8",92898,1,4848,2
"10,5,2,9,4,1,12,7,0,11,8,3,10,5,2",92898,1,4848,2
"10,5,2,9,6,1,12,7,0,11,8,3,10,5,2",92898,1,4848,2
"10,5,2,9,6,13,0,7,12,3,8,11,4,1,10",73628,0,14,14
"10,5,2,9,6,13,0,11,4,1,8,3,6,13,10",92898,1,4848,2
"10,5,2,9,12,3,8,11,4,7,0,13,6,1,10",68349,1,14,14
"10,5,2,9,12,3,8,13,4,7,0,11,6,1,10",68285,1,14,14
"10,5,2,9,12,7,0,13,6,1,4,11,8,3,10",92898,1,4848,2
"10,5,2,11,4,1,8,13,0,9,6,11,4,7,12",92898,1,4848,2
"10,5,2,11,4,1,12,7,0,9,6,3,10,5,2",92898,1,4848,2
"10,5,2,11,4,1,12,7,0,9,6,3,10,13,2",92898,1,4848,2
"10,5,2,11,6,1,12,7,0,13,8,3,10,5,2",59624,0,12,12
"10,5,2,11,6,3,12,7,0,13,8,1,4,9,2",92898,1,4848,2
"10,5,2,11,6,3,12,7,0,13,8,1,10,5,2",92898,1,4848,2
"10,5,2,11,6,13,0,9,4,1,8,3,6,13,10",92898,1,4848,2
"10,5,2,11,8,1,12,7,0,13,6,3,10,5,2",92898,1,4848,2
"10,5,2,11,8,1,12,7,4,13,6,3,0,9,2",92898,1,4848,2
"10,5,2,11,8,3,0,9,6,1,12,7,4,13,10",80834,0,14,14
"10,5,2,11,8,3,12,7,0,13,6,1,10,5,2",84454,0,12,12
"10,5,2,11,8,3,12,9,6,13,0,7,4,1,10",84242,0,14,14
"10,5,2,13,6,1,12,7,0,11,8,3,10,5,2",92898,1,4848,2
"10,5,2,13,6,1,12,7,4,11,8,3,0,9,2",92898,1,4848,2
"10,5,2,13,6,1,12,9,4,11,8,3,0,7,2",92898,1,4848,2
"10,5,2,13,6,3,12,7,0,11,8,1,10,5,2",85015,0,12,12
"10,5,2,13,8,1,12,7,0,11,6,3,10,5,2",92898,1,4848,2
"10,5,2,13,8,1,12,7,4,11,6,3,0,9,2",92898,1,4848,2
"10,5,2,13,8,1,12,9,4,11,6,3,0,7,2",92898,1,4848,2
"10,5,2,13,8,3,12,7,0,11,6,1,10,5,2",92898,1,4848,2
"10,5,2,13,8,3,12,7,10,5,0,9,4,1,12",92898,1,4848,2
"10,5,8,3,0,7,2,13,10,5,12,9,4,1,8",92898,1,4848,2
"10,5,8,3,0,7,2,13,10,5,12,9,6,1,8",92898,1,4848,2
"10,5,8,3,12,7,2,13,10,5,0,9,4,7,2",92898,1,4848,2
"10,5,12,1,8,3,0,7,10,5,12,9,2,13,0",92898,1,4848,2
"10,5,12,1,8,3,0,7,10,5,12,9,4,13,0",92898,1,4848,2
"10,5,12,7,4,1,8,3,0,9,6,13,10,5,2",92898,1,4848,2
"10,5,12,7,4,1,8,3,0,11,6,13,10,5,2",92898,1,4848,2
"10,5,12,7,4,1,8,3,0,11,6,13,10,5,8",92898,1,4848,2
"10,5,12,9,2,13,0,7,4,11,6,3,10,13,8",92898,1,4848,2
"10,5,12,9,2,13,0,7,4,11,6,9,2,13,8",92898,1,4848,2
"10,5,12,9,2,13,0,7,4,11,8,3,10,13,6",92898,1,4848,2
"10,5,12,9,4,1,8,3,0,11,6,13,10,5,2",92898,1,4848,2
"10,5,12,9,4,1,8,3,0,11,6,13,10,5,8",92898,1,4848,2
"10,5,12,9,4,1,8,3,0,11,6,13,10,7,2",92898,1,4848,2
"10,5,12,9,4,13,0,7,2,11,6,3,10,13,8",92898,1,4848,2
"10,5,12,9,4,13,0,7,2,11,8,3,10,13,6",92898,1,4848,2
"10,5,12,9,6,1,8,3,0,11,4,13,10,5,2",92898,1,4848,2
"10,5,12,9,6,1,8,3,0,11,4,13,10,7,2",92898,1,4848,2
"10,5,12,9,6,3,0,7,4,1,12,9,2,13,10",92898,1,4848,2
"10,7,0,3,8,1,12,5,10,13,6,3,8,1,4",92898,1,4848,2
"10,7,0,3,8,13,4,9,12,5,2,11,6,1,10",90867,0,14,14
"10,7,0,3,12,5,2,11,6,9,0,13,8,1,4",92898,1,4848,2
"10,7,0,3,12,5,2,13,6,9,0,11,8,1,4",92898,1,4848,2
"10,7,0,3,12,5,2,13,10,7,0,11,6,1,4",92898,1,4848,2
"10,7,0,3,12,5,2,13,10,7,0,11,8,5,2",92898,1,4848,2
"10,7,0,9,6,1,12,5,2,11,8,3,10,7,0",92898,1,4848,2
"10,7,0,9,6,1,12,5,2,11,8,3,10,7,4",92898,1,4848,2
"10,7,0,9,6,3,12,5,2,11,8,1,10,7,0",92898,1,4848,2
"10,7,0,9,6,3,12,5,2,11,8,1,10,7,4",92898,1,4848,2
"10,7,0,9,6,3,12,5,2,13,8,1,10,7,0",92898,1,4848,2
"10,7,0,9,6,3,12,5,2,13,8,1,10,7,4",92898,1,4848,2
"10,7,0,9,12,5,2,13,4,7,0,11,8,1,10",92898,1,4848,2
"10,7,0,11,4,1,12,5,2,9,6,3,10,7,0",92898,1,4848,2
"10,7,0,11,6,1,4,13,8,3,12,9,6,1,10",92898,1,4848,2
"10,7,0,11,6,1,12,5,2,13,8,3,10,7,0",83663,1,12,12
"10,7,0,11,6,3,12,5,2,13,8,1,10,7,0",92898,1,4848,2
"10,7,0,11,6,3,12,5,2,13,8,1,10,7,4",92898,1,4848,2
"10,7,0,11,6,3,12,9,2,13,8,1,4,7,0",92898,1,4848,2
"10,7,0,11,8,1,12,5,2,13,6,3,10,7,0",92898,1,4848,2
"10,7,0,11,8,1,12,5,2,13,6,3,10,7,4",92898,1,4848,2
"10,7,0,11,8,3,12,5,2,13,6,1,10,7,0",90777,0,12,12
"10,7,0,11,8,5,2,9,6,3,0,11,4,1,12",92898,1,4848,2
"10,7,0,11,8,5,2,13,6,3,0,11,8,1,10",92898,1,4848,2
"10,7,0,11,8,5,2,13,6,3,0,11,8,1,12",92898,1,4848,2
"10,7,0,11,8,5,2,13,6,3,12,9,4,1,10",92898,1,4848,2
"10,7,0,13,6,1,12,5,2,11,8,3,10,7,0",92898,1,4848,2
"10,7,0,13,6,1,12,5,2,11,8,3,10,7,4",92898,1,4848,2
"10,7,0,13,6,3,12,5,2,11,8,1,10,7,0",92898,1,4848,2
"10,7,0,13,6,3,12,5,2,11,8,1,10,7,4",92898,1,4848,2
"10,7,0,13,8,1,12,5,2,11,6,3,10,7,0",103193,1,12,12
"10,7,0,13,8,3,12,5,2,11,6,1,10,7,0",90874,0,12,12
"10,7,0,13,8,5,2,11,6,3,12,9,4,1,10",84311,1,14,14
"10,7,2,5,0,13,4,9,12,7,2,11,6,1,4",92898,1,4848,2
"10,7,2,5,0,13,4,9,12,7,2,11,6,1,10",92898,1,4848,2
"10,7,2,9,4,1,12,5,0,11,6,3,10,7,2",92898,1,4848,2
"10,7,2,9,4,1,12,5,0,11,8,3,10,7,2",92898,1,4848,2
"10,7,2,9,6,1,12,5,0,11,8,3,10,7,2",92898,1,4848,2
"10,7,2,9,6,1,12,5,0,11,8,3,10,7,4",92898,1,4848,2
"10,7,2,9,6,3,0,11,4,1,12,9,6,13,10",92898,1,4848,2
"10,7,2,9,6,3,12,5,0,11,8,1,10,7,2",92898,1,4848,2
"10,7,2,9,6,3,12,5,0,11,8,1,10,7,4",92898,1,4848,2
"10,7,2,9,6,3,12,5,0,13,8,1,10,7,2",92898,1,4848,2
"10,7,2,9,6,3,12,5,0,13,8,1,10,7,4",92898,1,4848,2
"10,7,2,9,6,13,0,11,4,1,8,3,6,13,10",92898,1,4848,2
"10,7,2,9,12,5,0,11,4,7,2,9,6,13,0",92898,1,4848,2
"10,7,2,9,12,5,0,13,4,7,2,9,6,1,10",92898,1,4848,2
"10,7,2,9,12,5,0,13,4,7,2,11,8,1,10",92898,1,4848,2
"10,7,2,11,6,1,4,13,8,3,12,9,6,1,10",92898,1,4848,2
"10,7,2,11,6,1,12,5,0,13,8,3,10,7,2",59549,0,12,12
"10,7,2,11,6,1,12,5,8,13,4,9,0,3,10",89128,0,14,14
"10,7,2,11,6,3,0,13,8,1,12,9,6,3,10",92898,1,4848,2
"10,7,2,11,6,3,12,5,0,13,8,1,10,7,2",92898,1,4848,2
"10,7,2,11,6,3,12,5,0,13,8,1,10,7,4",92898,1,4848,2
"10,7,2,11,6,13,0,9,4,1,8,3,6,13,10",92898,1,4848,2
"10,7,2,11,8,1,4,13,0,5,12,9,6,3,10",98275,0,14,14
"10,7,2,11,8,1,12,5,0,13,6,3,10,7,2",76343,0,12,12
"10,7,2,11,8,3,12,5,0,13,6,1,10,7,2",92898,1,4848,2
"10,7,2,11,8,5,0,9,4,13,2,11,6,1,10",92898,1,4848,2
"10,7,2,11,8,5,0,13,6,3,12,9,4,1,10",98837,0,14,14
"10,7,2,11,8,13,4,9,0,5,2,11,6,3,12",92898,1,4848,2
"10,7,2,13,0,5,12,9,4,11,8,3,0,7,2",92898,1,4848,2
"10,7,2,13,6,1,12,5,0,11,8,3,10,7,2",92898,1,4848,2
"10,7,2,13,6,1,12,5,0,11,8,3,10,7,4",92898,1,4848,2
"10,7,2,13,6,1,12,9,4,11,8,3,0,7,2",92898,1,4848,2
"10,7,2,13,6,1,12,9,4,11,8,5,0,7,2",92898,1,4848,2
"10,7,2,13,6,3,12,5,0,11,8,1,10,7,2",92898,1,4848,2
"10,7,2,13,6,3,12,5,0,11,8,1,10,7,4",92898,1,4848,2
"10,7,2,13,6,3,12,9,4,11,8,5,0,7,2",92898,1,4848,2
"10,7,2,13,8,1,4,11,0,5,12,9,6,3,10",79228,0,14,14
"10,7,2,13,8,1,12,5,0,11,6,3,10,7,2",92898,1,4848,2
"10,7,2,13,8,1,12,9,4,11,6,3,0,7,2",92898,1,4848,2
"10,7,2,13,8,3,12,5,0,11,6,1,10,7,2",92898,1,4848,2
"10,7,2,13,8,3,12,5,0,11,6,1,10,7,4",92898,1,4848,2
"10,7,2,13,8,5,0,11,6,3,12,9,4,1,10",64372,0,14,14
"10,7,4,1,8,3,0,13,10,5,12,9,6,3,0",92898,1,4848,2
"10,7,4,1,8,5,2,13,10,3,0,11,8,5,12",92898,1,4848,2
"10,7,4,1,8,13,0,9,12,5,2,11,6,3,10",84366,1,14,14
"10,7,4,1,8,13,2,9,12,5,0,11,6,3,10",64448,0,14,14
"10,7,4,1,12,5,0,13,10,7,2,9,6,3,0",92898,1,4848,2
"10,7,4,1,12,5,0,13,10,7,2,11,6,3,0",92898,1,4848,2
"10,7,4,1,12,5,2,13,10,7,0,11,8,5,2",92898,1,4848,2
"10,7,4,9,12,3,0,13,6,1,8,5,2,11,4",92898,1,4848,2
"10,7,4,11,0,5,2,13,8,3,12,9,6,1,10",92898,1,4848,2
"10,7,4,11,0,5,12,1,8,13,2,9,6,3,10",79966,0,14,14
"10,7,4,11,6,3,0,9,2,13,8,5,12,7,4",92898,1,4848,2
"10,7,4,11,6,3,0,13,8,1,12,9,6,3,10",92898,1,4848,2
"10,7,4,11,6,3,12,9,2,13,8,5,0,7,4",92898,1,4848,2
"10,7,4,11,8,1,12,9,2,13,6,3,0,7,4",92898,1,4848,2
"10,7,4,11,8,5,2,13,6,1,12,9,0,3,10",98497,0,14,14
"10,7,4,11,8,5,2,13,6,3,0,11,8,1,10",92898,1,4848,2
"10,7,4,11,8,5,2,13,6,3,0,11,8,1,12",92898,1,4848,2
"10,7,4,13,6,1,12,9,2,11,8,3,0,7,4",92898,1,4848,2
"10,7,4,13,6,1,12,9,2,11,8,5,0,7,4",92898,1,4848,2
"10,7,4,13,6,3,0,9,2,11,8,5,12,7,0",92898,1,4848,2
"10,7,4,13,6,3,0,9,2,11,8,5,12,7,4",92898,1,4848,2
"10,7,4,13,6,3,12,9,2,11,8,5,0,7,4",92898,1,4848,2
"10,7,4,13,8,3,12,1,10,5,0,9,6,3,12",92898,1,4848,2
"10,7,4,13,8,5,2,11,6,1,12,9,0,3,10",88957,0,14,14
"10,7,12,3,8,13,0,5,10,1,6,3,8,13,4",92898,1,4848,2
"10,7,12,3,8,13,0,5,10,1,6,11,2,7,12",92898,1,4848,2
"10,7,12,3,8,13,2,5,10,1,6,11,0,7,12",92898,1,4848,2
"10,7,12,3,8,13,2,5,10,1,6,11,8,13,4",92898,1,4848,2
"10,13,0,3,8,1,4,7,10,13,6,9,12,1,4",92898,1,4848,2
"10,13,0,3,12,7,4,11,8,5,2,9,6,1,10",87834,0,14,14
"10,13,0,5,12,1,4,7,10,3,6,9,12,1,8",92898,1,4848,2
"10,13,0,7,12,3,6,11,2,5,0,9,4,13,8",92898,1,4848,2
"10,13,0,7,12,5,8,11,2,9,0,3,6,13,4",92898,1,4848,2
"10,13,2,5,8,1,4,7,10,13,6,9,12,1,4",92898,1,4848,2
"10,13,2,5,12,1,4,7,10,3,6,9,12,1,8",92898,1,4848,2
"10,13,2,5,12,3,0,7,10,1,6,9,12,3,8",92898,1,4848,2
"10,13,2,5,12,3,0,7,10,1,8,5,12,3,6",92898,1,4848,2
"10,13,2,7,0,3,6,11,4,9,12,1,8,13,2",92898,1,4848,2
"10,13,2,7,0,3,8,5,10,13,6,11,0,3,8",92898,1,4848,2
"10,13,2,7,0,3,8,11,4,9,12,1,6,13,2",92898,1,4848,2
"10,13,2,7,0,3,8,11,4,9,12,5,0,13,2",92898,1,4848,2
"10,13,2,7,0,3,8,11,4,9,12,5,0,13,6",92898,1,4848,2
"10,13,2,7,0,5,8,11,4,9,12,1,6,13,2",92898,1,4848,2
"10,13,2,7,0,5,8,11,4,9,12,3,0,13,6",92898,1,4848,2
"10,13,2,7,0,5,8,11,4,9,12,3,6,13,2",92898,1,4848,2
"10,13,2,7,12,3,0,5,10,1,6,9,12,3,8",92898,1,4848,2
"10,13,2,7,12,3,8,5,10,1,6,11,0,3,8",92898,1,4848,2
"10,13,2,9,0,3,6,11,4,7,12,1,8,13,2",92898,1,4848,2
"10,13,2,9,0,3,8,11,4,7,12,1,6,13,2",92898,1,4848,2
"10,13,2,9,12,1,4,7,0,3,6,9,12,5,8",92898,1,4848,2
"10,13,2,9,12,1,4,7,0,3,6,9,12,5,10",92898,1,4848,2
"10,13,2,9,12,5,0,11,4,7,2,9,6,13,0",92898,1,4848,2
"10,13,2,9,12,5,8,11,4,7,0,3,6,13,2",92898,1,4848,2
"10,13,2,11,8,1,4,7,0,13,6,9,12,5,2",92898,1,4848,2
"10,13,4,1,12,7,0,11,8,5,2,9,6,3,10",85064,1,14,14
"10,13,4,1,12,7,2,11,8,5,0,9,6,3,10",69258,0,14,14
"10,13,4,7,0,3,8,11,2,9,12,1,6,13,4",92898,1,4848,2
"10,13,4,7,0,3,8,11,2,9,12,5,0,13,4",92898,1,4848,2
"10,13,4,7,0,5,8,11,2,9,12,1,6,13,4",92898,1,4848,2
"10,13,4,7,0,5,8,11,2,9,12,3,6,13,4",92898,1,4848,2
"10,13,4,7,12,1,6,9,0,3,8,11,2,5,10",91327,0,14,14
"10,13,4,7,12,5,8,11,2,9,0,3,6,13,4",92898,1,4848,2
"10,13,4,9,0,5,2,7,12,3,8,11,0,5,10",92898,1,4848,2
"10,13,4,9,0,5,8,1,12,7,2,11,6,3,10",83352,0,14,14
"10,13,4,11,0,3,8,1,6,9,12,5,10,13,2",92898,1,4848,2
"10,13,4,11,0,3,8,1,6,9,12,5,10,13,4",92898,1,4848,2
"10,13,4,11,0,5,8,1,6,9,12,3,10,13,2",92898,1,4848,2
"10,13,4,11,0,5,8,1,6,9,12,3,10,13,4",92898,1,4848,2
"10,13,4,11,2,5,8,1,6,9,0,3,10,13,4",92898,1,4848,2
"10,13,4,11,2,5,8,1,6,9,12,3,10,13,4",92898,1,4848,2
"10,13,4,11,2,5,8,1,6,13,0,3,12,9,4",92898,1,4848,2
"10,13,4,11,8,3,0,7,2,13,6,9,12,5,0",92898,1,4848,2
"10,13,6,1,12,5,0,3,10,7,2,9,12,5,0",92898,1,4848,2
"10,13,6,1,12,5,0,3,10,7,2,11,8,5,0",92898,1,4848,2
"10,13,6,1,12,7,0,3,10,5,2,9,12,7,0",92898,1,4848,2
"10,13,6,3,8,1,4,9,0,13,6,11,2,5,10",92898,1,4848,2
"10,13,6,3,8,1,4,9,0,13,6,11,2,7,10",92898,1,4848,2
"10,13,6,3,8,1,4,11,0,13,6,9,2,5,10",92898,1,4848,2
"10,13,6,3,8,1,4,11,0,13,6,9,2,7,4",92898,1,4848,2
"10,13,6,3,8,1,4,11,0,13,6,9,2,7,10",92898,1,4848,2
"10,13,6,3,12,5,8,1,10,7,0,3,12,5,2",92898,1,4848,2
"10,13,6,3,12,7,2,11,8,1,4,9,0,5,10",97942,1,14,14
"10,13,6,3,12,7,4,1,10,5,0,9,12,7,2",92898,1,4848,2
"10,13,6,3,12,7,4,1,10,5,0,11,8,13,2",92898,1,4848,2
"10,13,6,9,0,3,8,1,4,7,12,5,10,13,2",92898,1,4848,2
"10,13,6,9,2,5,8,1,4,11,0,3,10,13,6",92898,1,4848,2
"10,13,6,9,12,1,4,11,0,3,6,9,2,5,8",92898,1,4848,2
"10,13,6,9,12,1,4,11,0,3,6,9,2,7,10",92898,1,4848,2
"10,13,6,9,12,1,4,11,0,3,6,9,2,13,8",92898,1,4848,2
"10,13,6,9,12,5,8,1,4,7,0,3,10,13,2",92898,1,4848,2
"10,13,6,11,0,3,8,1,4,7,12,5,10,13,2",92898,1,4848,2
"10,13,6,11,0,3,8,1,4,9,12,5,10,13,2",92898,1,4848,2
"10,13,6,11,0,5,8,1,4,9,12,3,10,13,2",92898,1,4848,2
"10,13,6,11,0,7,4,1,8,13,2,9,12,3,6",92898,1,4848,2
"10,13,6,11,2,7,0,3,8,13,4,9,12,1,6",92898,1,4848,2
"10,13,6,11,2,7,0,3,8,13,4,9,12,5,0",92898,1,4848,2
"10,13,8,1,12,5,0,3,10,7,2,9,6,13,0",92898,1,4848,2
"10,13,8,1,12,5,0,3,10,7,2,9,12,5,0",92898,1,4848,2
"10,13,8,1,12,5,0,3,10,7,2,11,6,13,0",92898,1,4848,2
"10,13,8,1,12,7,0,3,10,5,2,9,6,13,0",92898,1,4848,2
"10,13,8,1,12,7,0,3,10,5,2,9,12,7,0",92898,1,4848,2
"10,13,8,1,12,7,0,3,10,5,2,11,6,13,0",92898,1,4848,2
"10,13,8,3,12,7,4,1,10,5,0,9,12,7,2",92898,1,4848,2
"11,0,3,6,9,2,5,8,11,0,7,10,13,2,5",92898,0,4848,2
"11,0,3,6,9,2,7,10,13,0,5,12,1,4,7",92898,0,4848,2
"11,0,3,6,9,2,13,8,11,0,5,10,1,4,7",92898,0,4848,2
"11,0,3,6,13,2,5,8,11,0,7,10,1,4,9",92898,0,4848,2
"11,0,3,6,13,2,5,8,11,0,7,10,13,2,5",92898,0,4848,2
"11,0,3,6,13,2,5,8,11,4,7,10,13,2,9",92898,0,4848,2
"11,0,3,6,13,2,7,12,9,0,5,10,1,4,7",92898,0,4848,2
"11,0,3,8,1,4,7,12,5,10,13,2,9,0,3",92898,0,4848,2
"11,0,3,8,1,4,9,12,5,10,13,2,7,0,3",92898,0,4848,2
"11,0,3,8,1,6,9,12,5,10,13,2,7,0,3",92898,0,4848,2
"11,0,3,8,1,6,9,12,5,10,13,4,7,0,3",92898,0,4848,2
"11,0,3,8,13,4,9,6,11,0,7,12,1,4,9",92898,0,4848,2
"11,0,3,8,13,4,9,6,11,2,7,12,1,4,9",92898,0,4848,2
"11,0,3,10,1,4,7,12,5,8,13,2,9,0,3",92898,0,4848,2
"11,0,3,10,1,4,9,12,5,8,13,2,7,0,3",92898,0,4848,2
"11,0,3,10,7,4,13,6,1,12,9,2,11,8,3",92898,0,4848,2
"11,0,3,10,7,4,13,6,1,12,9,2,11,8,5",92898,0,4848,2
"11,0,3,10,13,2,5,8,1,4,7,10,13,6,9",92898,0,4848,2
"11,0,3,10,13,6,9,12,5,8,1,4,7,0,3",92898,0,4848,2
"11,0,5,2,13,8,3,12,9,6,1,10,7,0,3",92898,0,4848,2
"11,0,5,8,1,4,9,12,3,10,13,2,7,0,5",92898,0,4848,2
"11,0,5,8,1,6,9,12,3,10,13,2,7,0,5",92898,0,4848,2
"11,0,5,8,1,6,9,12,3,10,13,4,7,0,5",92898,0,4848,2
"11,0,5,8,13,2,7,10,1,4,9,12,3,6,11",82354,1,14,14
"11,0,5,8,13,2,7,12,3,0,5,10,1,6,9",92898,0,4848,2
"11,0,5,8,13,6,9,12,3,10,1,4,7,0,5",92898,0,4848,2
"11,0,5,10,1,4,7,12,3,6,13,10,1,8,11",92898,0,4848,2
"11,0,5,10,1,6,3,8,13,4,9,12,1,6,11",92898,0,4848,2
"11,0,5,10,1,6,9,2,13,8,3,12,7,4,11",81900,1,14,14
"11,0,5,10,1,6,13,2,7,12,3,8,11,0,5",92898,0,4848,2
"11,0,5,10,1,8,13,2,7,12,3,6,9,0,5",92898,0,4848,2
"11,0,5,10,1,8,13,2,7,12,3,6,11,0,5",92898,0,4848,2
"11,0,5,10,3,6,13,2,7,12,1,8,11,0,5",81381,1,12,12
"11,0,5,10,3,8,13,2,7,12,1,4,9,0,5",92898,0,4848,2
"11,0,5,10,3,8,13,2,7,12,1,6,11,0,5",92898,0,4848,2
"11,0,5,10,7,4,9,12,3,0,13,6,1,8,5",92898,0,4848,2
"11,0,5,12,1,4,9,2,7,10,13,6,11,0,3",92898,0,4848,2
"11,0,5,12,1,4,9,2,7,10,13,6,11,0,5",92898,0,4848,2
"11,0,5,12,1,6,9,2,7,10,13,4,11,0,3",92898,0,4848,2
"11,0,5,12,1,6,9,2,7,10,13,4,11,0,5",92898,0,4848,2
"11,0,5,12,1,6,13,2,7,10,3,8,11,0,5",92898,0,4848,2
"11,0,5,12,1,8,13,2,7,10,3,6,11,0,5",92898,0,4848,2
"11,0,5,12,1,8,13,2,9,6,3,10,7,4,11",79966,1,14,14
"11,0,5,12,3,6,9,2,7,10,1,4,11,0,5",92898,0,4848,2
"11,0,5,12,3,6,9,2,7,10,13,4,11,0,5",92898,0,4848,2
"11,0,5,12,3,6,13,2,7,10,1,4,11,0,5",92898,0,4848,2
"11,0,5,12,3,6,13,2,7,10,1,8,11,0,5",92898,0,4848,2
"11,0,5,12,3,8,13,2,7,10,1,4,11,0,5",92898,0,4848,2
"11,0,5,12,3,8,13,2,7,10,1,6,11,0,5",92898,0,4848,2
"11,0,5,12,9,2,7,10,3,0,5,12,1,6,13",92898,0,4848,2
"11,0,5,12,9,2,7,10,3,0,5,12,1,8,13",92898,0,4848,2
"11,0,5,12,9,2,7,10,3,6,13,4,1,8,11",92898,0,4848,2
"11,0,5,12,9,2,13,8,1,4,7,10,3,6,11",92466,1,14,14
"11,0,5,12,9,2,13,10,3,0,7,4,1,8,5",92898,0,4848,2
"11,0,5,12,9,4,13,8,3,0,7,2,11,6,13",92898,0,4848,2
"11,0,5,12,9,6,3,10,7,2,13,8,1,4,11",79228,1,14,14
"11,0,5,12,9,6,13,2,7,0,3,8,11,4,13",92898,0,4848,2
"11,0,7,4,1,8,13,2,9,12,3,6,11,0,5",92898,0,4848,2
"11,0,7,4,1,8,13,2,9,12,3,6,11,0,7",92898,0,4848,2
"11,0,7,4,13,2,5,12,9,0,7,10,3,6,11",92898,0,4848,2
"11,0,7,4,13,8,3,12,9,2,5,10,1,6,11",82929,1,14,14
"11,0,7,10,1,4,9,2,5,8,13,6,11,0,3",92898,0,4848,2
"11,0,7,10,1,4,9,12,3,6,13,2,5,8,11",92898,0,4848,2
"11,0,7,10,1,6,13,2,5,12,3,8,11,0,7",91046,0,12,12
"11,0,7,10,1,8,13,2,5,12,3,6,9,0,7",92898,0,4848,2
"11,0,7,10,1,8,13,2,5,12,3,6,11,0,7",92898,0,4848,2
"11,0,7,10,3,6,9,2,5,12,1,4,11,0,7",92898,0,4848,2
"11,0,7,10,3,6,13,2,5,12,1,8,11,0,7",92898,0,4848,2
"11,0,7,10,3,8,13,2,5,12,1,6,11,0,7",93709,1,12,12
"11,0,7,10,13,2,5,12,1,4,7,10,3,6,9",92898,0,4848,2
"11,0,7,10,13,2,5,12,3,0,7,10,1,6,9",92898,0,4848,2
"11,0,7,10,13,2,5,12,3,0,7,10,1,8,5",92898,0,4848,2
"11,0,7,10,13,6,9,2,5,8,1,4,11,0,3",92898,0,4848,2
"11,0,7,12,1,4,9,2,5,8,13,6,11,0,3",92898,0,4848,2
"11,0,7,12,1,4,9,2,5,10,13,6,11,0,3",92898,0,4848,2
"11,0,7,12,1,4,13,10,3,6,9,2,5,8,11",94528,0,14,14
"11,0,7,12,1,6,9,2,5,10,13,4,11,0,3",92898,0,4848,2
"11,0,7,12,1,6,13,2,5,10,3,8,11,0,7",92898,0,4848,2
"11,0,7,12,1,8,13,2,5,10,3,6,9,0,7",92898,0,4848,2
"11,0,7,12,1,8,13,2,5,10,3,6,11,0,7",92898,0,4848,2
"11,0,7,12,1,8,13,2,5,10,3,6,11,8,13",92898,0,4848,2
"11,0,7,12,3,6,13,2,5,10,1,8,11,0,7",73677,1,12,12
"11,0,7,12,3,8,13,2,5,10,1,6,11,0,7",92898,0,4848,2
"11,0,7,12,3,8,13,2,5,10,1,6,11,8,13",92898,0,4848,2
"11,0,7,12,3,8,13,4,9,0,5,10,1,6,11",92898,0,4848,2
"11,0,7,12,3,8,13,4,9,0,5,10,1,6,13",92898,0,4848,2
"11,0,9,4,13,8,5,2,11,6,1,10,13,8,3",92898,0,4848,2
"11,0,9,4,13,8,5,2,11,6,3,10,13,8,1",92898,0,4848,2
"11,0,9,6,13,2,5,12,3,0,7,10,1,8,5",92898,0,4848,2
"11,0,13,6,9,2,5,10,3,0,7,12,1,8,13",92898,0,4848,2
"11,0,13,6,9,2,7,4,11,0,5,12,9,2,7",92898,0,4848,2
"11,0,13,6,9,2,7,4,11,0,5,12,9,2,13",92898,0,4848,2
"11,0,13,6,9,2,7,10,3,0,5,12,1,8,13",92898,0,4848,2
"11,0,13,8,1,4,9,2,5,10,13,6,11,0,3",92898,0,4848,2
"11,2,5,0,9,4,13,8,11,2,7,10,1,6,13",92898,0,4848,2
"11,2,5,8,1,6,9,0,3,10,13,4,7,12,5",92898,0,4848,2
"11,2,5,8,1,6,9,12,3,10,13,4,7,0,5",92898,0,4848,2
"11,2,5,8,1,6,13,0,3,12,9,4,7,10,5",92898,0,4848,2
"11,2,5,8,13,0,7,10,1,4,9,12,3,6,11",94783,0,14,14
"11,2,5,8,13,4,7,10,3,0,9,12,1,6,11",82259,0,14,14
"11,2,5,8,13,4,9,0,11,2,7,12,3,6,9",92898,0,4848,2
"11,2,5,8,13,6,9,0,3,10,1,4,7,12,5",92898,0,4848,2
"11,2,5,8,13,6,9,12,3,10,1,4,7,0,5",92898,0,4848,2
"11,2,5,10,1,4,7,0,13,6,9,12,3,8,11",80415,0,14,14
"11,2,5,10,1,6,13,0,7,12,3,8,11,2,5",80357,1,12,12
"11,2,5,10,1,8,13,0,7,12,3,6,11,2,5",92898,0,4848,2
"11,2,5,10,3,0,7,12,1,8,13,10,3,6,11",92898,0,4848,2
"11,2,5,10,3,6,9,0,7,12,1,4,11,2,5",92898,0,4848,2
"11,2,5,10,3,6,13,0,7,12,1,8,11,2,5",92898,0,4848,2
"11,2,5,10,3,8,13,0,7,12,1,6,11,2,5",102581,0,12,12
"11,2,5,10,13,4,7,12,1,6,9,0,3,8,11",91327,1,14,14
"11,2,5,10,13,6,9,0,3,8,1,4,7,12,5",92898,0,4848,2
"11,2,5,12,1,6,9,0,7,10,13,4,11,2,5",92898,0,4848,2
"11,2,5,12,1,6,13,0,7,10,3,8,11,2,5",92898,0,4848,2
"11,2,5,12,1,8,13,0,7,10,3,6,11,2,5",92370,0,12,12
"11,2,5,12,3,0,7,10,1,8,5,12,3,6,13",92898,0,4848,2
"11,2,5,12,3,6,9,0,7,10,1,4,11,2,5",92898,0,4848,2
"11,2,5,12,3,6,9,0,7,10,13,4,11,2,5",92898,0,4848,2
"11,2,5,12,3,6,13,0,7,10,1,8,11,2,5",92898,0,4848,2
"11,2,5,12,3,8,13,0,7,10,1,6,11,2,5",93214,0,12,12
"11,2,5,12,9,0,13,8,1,4,7,10,3,6,11",97572,0,14,14
"11,2,5,12,9,4,13,8,3,0,7,10,1,6,11",93360,0,14,14
"11,2,5,12,9,6,13,0,7,4,1,8,11,2,13",92898,0,4848,2
"11,2,7,0,3,8,13,4,9,12,1,6,11,2,7",92898,0,4848,2
"11,2,7,0,3,8,13,4,9,12,5,0,11,6,1",92898,0,4848,2
"11,2,7,0,13,4,9,12,5,10,7,0,3,8,1",92898,0,4848,2
"11,2,7,4,9,0,5,10,13,2,7,12,3,0,5",92898,0,4848,2
"11,2,7,4,9,0,5,10,13,2,7,12,3,8,5",92898,0,4848,2
"11,2,7,4,13,0,5,12,9,2,7,10,1,6,11",92898,0,4848,2
"11,2,7,4,13,0,5,12,9,2,7,10,3,0,5",92898,0,4848,2
"11,2,7,4,13,0,5,12,9,2,7,10,3,6,11",92898,0,4848,2
"11,2,7,10,1,4,9,12,3,6,13,0,5,8,11",82832,1,14,14
"11,2,7,10,1,6,13,0,3,12,9,4,11,8,5",92898,0,4848,2
"11,2,7,10,1,6,13,0,5,12,3,8,11,2,7",92898,0,4848,2
"11,2,7,10,1,6,13,0,5,12,9,4,11,8,3",92898,0,4848,2
"11,2,7,10,1,8,13,0,5,12,3,6,9,2,7",92898,0,4848,2
"11,2,7,10,1,8,13,0,5,12,3,6,11,2,7",92898,0,4848,2
"11,2,7,10,3,0,5,12,1,6,13,10,3,8,11",92898,0,4848,2
"11,2,7,10,3,0,5,12,1,8,13,10,3,6,11",92898,0,4848,2
"11,2,7,10,3,0,9,4,13,8,5,12,1,6,11",69780,1,14,14
"11,2,7,10,3,6,9,12,5,0,13,4,1,8,11",74387,0,14,14
"11,2,7,10,3,6,13,0,5,12,1,8,11,2,7",102268,0,12,12
"11,2,7,10,3,8,13,0,5,12,1,6,11,2,7",104470,0,12,12
"11,2,7,10,13,0,5,12,1,4,7,10,3,6,9",92898,0,4848,2
"11,2,7,10,13,4,9,0,5,2,7,12,3,8,11",92898,0,4848,2
"11,2,7,12,1,4,9,0,5,10,7,12,3,8,13",92898,0,4848,2
"11,2,7,12,1,4,9,0,5,10,13,6,11,2,7",92898,0,4848,2
"11,2,7,12,1,4,13,10,3,6,9,0,5,8,11",82816,1,14,14
"11,2,7,12,1,6,13,0,5,10,3,8,11,2,7",81309,1,12,12
"11,2,7,12,1,8,5,0,9,4,13,10,3,6,11",69619,1,14,14
"11,2,7,12,1,8,13,0,5,10,3,6,11,2,7",81498,1,12,12
"11,2,7,12,3,0,5,10,1,6,9,12,3,8,13",92898,0,4848,2
"11,2,7,12,3,6,9,0,5,10,1,12,3,8,13",92898,0,4848,2
"11,2,7,12,3,6,13,0,5,10,1,8,11,2,7",81839,1,12,12
"11,2,7,12,3,6,13,10,5,0,9,4,1,8,11",73650,0,14,14
"11,2,7,12,3,8,13,0,5,10,1,6,3,8,13",92898,0,4848,2
"11,2,7,12,3,8,13,0,5,10,1,6,11,2,7",92898,0,4848,2
"11,2,7,12,3,8,13,4,9,0,5,10,1,6,11",92898,0,4848,2
"11,2,7,12,3,8,13,4,9,0,5,10,1,6,13",92898,0,4848,2
"11,2,7,12,9,0,5,10,1,4,7,12,3,6,13",92898,0,4848,2
"11,2,7,12,9,0,5,10,1,4,7,12,3,8,13",92898,0,4848,2
"11,2,7,12,9,4,13,0,5,2,7,10,3,8,11",92898,0,4848,2
"11,2,9,0,3,6,13,4,7,10,1,8,11,2,5",92898,0,4848,2
"11,2,9,0,3,6,13,4,7,12,1,8,11,2,5",92898,0,4848,2
"11,2,9,12,1,6,13,4,7,10,3,0,11,2,5",92898,0,4848,2
"11,2,9,12,1,6,13,4,7,10,3,8,11,0,5",92898,0,4848,2
"11,2,9,12,1,6,13,4,7,10,3,8,11,2,5",92898,0,4848,2
"11,2,9,12,3,6,13,4,7,10,1,8,11,0,5",92898,0,4848,2
"11,2,9,12,3,6,13,4,7,10,1,8,11,2,5",92898,0,4848,2
"11,2,9,12,5,0,13,4,7,2,9,6,1,10,13",92898,0,4848,2
"11,2,13,4,9,0,5,8,11,2,7,10,3,0,5",92898,0,4848,2
"11,2,13,4,9,0,5,8,11,2,7,12,3,0,5",92898,0,4848,2
"11,2,13,8,3,6,9,4,1,10,13,0,7,12,5",92898,0,4848,2
"11,2,13,10,3,6,9,0,7,12,1,4,11,2,5",92898,0,4848,2
"11,4,1,6,13,0,7,12,9,2,5,10,3,0,7",92898,0,4848,2
"11,4,1,8,3,6,13,10,5,12,1,8,3,0,7",92898,0,4848,2
"11,4,1,8,5,2,9,6,13,10,7,0,11,4,1",92898,0,4848,2
"11,4,1,8,13,0,9,6,11,2,5,12,3,0,7",92898,0,4848,2
"11,4,1,8,13,0,9,6,11,4,7,12,3,0,9",92898,0,4848,2
"11,4,1,8,13,2,7,10,3,6,9,12,5,0,11",74436,0,14,14
"11,4,1,8,13,2,9,6,11,4,7,0,13,2,9",92898,0,4848,2
"11,4,1,10,5,0,9,6,13,2,7,12,3,8,11",69489,1,14,14
"11,4,1,10,5,2,9,6,13,0,7,12,3,8,11",73628,1,14,14
"11,4,1,10,7,0,9,6,3,12,5,2,11,8,1",92898,0,4848,2
"11,4,1,10,7,0,9,6,3,12,5,2,13,8,1",92898,0,4848,2
"11,4,1,10,7,2,9,6,3,12,5,0,11,8,1",92898,0,4848,2
"11,4,1,10,7,2,9,6,3,12,5,0,13,8,1",92898,0,4848,2
"11,4,1,10,7,2,13,6,3,12,5,0,11,8,1",92898,0,4848,2
"11,4,1,10,7,2,13,8,3,12,5,0,11,6,1",92898,0,4848,2
"11,4,1,12,5,2,9,6,3,10,7,0,11,8,1",92898,0,4848,2
"11,4,1,12,7,0,9,6,3,10,5,2,11,8,1",92898,0,4848,2
"11,4,1,12,7,0,9,6,3,10,5,2,13,8,1",92898,0,4848,2
"11,4,1,12,7,0,9,6,3,10,13,2,11,8,1",92898,0,4848,2
"11,4,1,12,9,6,13,10,7,4,1,8,3,0,13",92898,0,4848,2
"11,4,1,12,9,6,13,10,7,4,1,8,5,2,13",92898,0,4848,2
"11,4,7,0,3,6,13,2,9,12,1,8,11,4,7",92898,0,4848,2
"11,4,7,0,13,2,9,12,5,10,7,0,3,8,1",92898,0,4848,2
"11,4,7,0,13,6,1,10,5,2,9,12,3,8,11",68349,0,14,14
"11,4,7,2,9,6,13,0,11,4,1,8,3,6,13",92898,0,4848,2
"11,4,7,10,1,8,13,0,5,12,3,6,9,2,7",92898,0,4848,2
"11,4,7,10,1,8,13,0,5,12,3,6,11,2,7",92898,0,4848,2
"11,4,7,10,1,8,13,2,5,12,3,6,9,0,7",92898,0,4848,2
"11,4,7,10,1,8,13,2,5,12,3,6,11,0,7",92898,0,4848,2
"11,4,7,10,3,0,9,12,1,6,13,2,5,8,11",82611,0,14,14
"11,4,7,10,3,6,9,2,13,8,1,12,5,0,11",74444,0,14,14
"11,4,7,10,3,6,13,2,5,12,1,8,11,0,7",92898,0,4848,2
"11,4,7,10,13,2,9,12,1,4,7,0,3,6,9",92898,0,4848,2
"11,4,7,12,1,6,13,2,5,10,3,8,11,0,7",92898,0,4848,2
"11,4,7,12,1,8,13,2,5,10,3,6,9,0,7",92898,0,4848,2
"11,4,7,12,1,8,13,2,5,10,3,6,11,0,7",92898,0,4848,2
"11,4,7,12,1,8,13,2,5,10,3,6,11,8,13",92898,0,4848,2
"11,4,7,12,3,0,9,2,5,10,13,6,11,0,7",92898,0,4848,2
"11,4,7,12,3,0,13,10,1,6,9,2,5,8,11",83456,0,14,14
"11,4,7,12,3,8,13,2,9,6,1,10,5,0,11",73616,0,14,14
"11,4,9,12,1,6,13,2,5,10,3,8,11,0,7",92898,0,4848,2
"11,4,9,12,1,6,13,2,7,4,9,0,5,10,13",92898,0,4848,2
"11,4,9,12,1,6,13,2,7,10,3,8,11,0,5",92898,0,4848,2
"11,4,9,12,1,8,13,2,5,10,3,6,11,0,7",92898,0,4848,2
"11,4,9,12,1,8,13,2,5,10,3,6,11,8,13",92898,0,4848,2
"11,4,9,12,1,8,13,2,7,10,3,6,11,0,5",92898,0,4848,2
"11,4,9,12,3,0,13,6,1,10,7,2,11,8,13",92898,0,4848,2
"11,4,9,12,3,6,13,2,7,10,1,8,11,0,5",92898,0,4848,2
"11,4,9,12,5,0,13,2,7,10,3,6,11,0,13",92898,0,4848,2
"11,4,9,12,5,0,13,6,1,10,7,2,11,8,3",92898,0,4848,2
"11,4,9,12,5,0,13,6,1,10,7,2,11,8,13",92898,0,4848,2
"11,4,13,8,3,0,9,2,5,10,13,6,11,0,7",92898,0,4848,2
"11,4,13,10,1,6,9,2,7,4,13,0,5,12,9",92898,0,4848,2
"11,4,13,10,5,0,9,2,7,12,3,6,11,4,1",92898,0,4848,2
"11,4,13,10,5,2,9,6,1,12,7,0,11,8,3",92898,0,4848,2
"11,4,13,10,7,0,9,6,1,12,5,2,11,8,3",92898,0,4848,2
"11,4,13,10,7,0,9,6,3,12,5,2,11,8,1",92898,0,4848,2
"11,4,13,10,7,2,9,6,1,12,5,0,11,8,3",92898,0,4848,2
"11,4,13,10,7,2,9,6,3,12,5,0,11,8,1",92898,0,4848,2
"11,6,1,4,9,0,13,8,11,6,3,10,5,2,13",92898,0,4848,2
"11,6,1,4,13,8,3,12,9,6,1,10,5,0,3",92898,0,4848,2
"11,6,1,4,13,8,3,12,9,6,1,10,7,0,3",92898,0,4848,2
"11,6,1,10,5,0,9,4,13,8,3,12,7,0,11",92898,0,4848,2
"11,6,1,10,5,0,9,4,13,8,3,12,7,2,11",92898,0,4848,2
"11,6,1,10,5,0,13,8,3,12,7,2,11,6,1",92898,0,4848,2
"11,6,1,10,5,0,13,8,3,12,7,10,5,0,9",92898,0,4848,2
"11,6,1,10,5,2,9,12,3,8,13,4,7,0,11",68285,0,14,14
"11,6,1,10,5,2,13,8,3,12,7,0,11,6,1",92898,0,4848,2
"11,6,1,10,5,2,13,8,3,12,7,10,5,0,9",92898,0,4848,2
"11,6,1,10,5,8,3,12,7,2,13,10,5,0,9",92898,0,4848,2
"11,6,1,10,7,0,3,8,13,4,9,12,5,2,11",90867,1,14,14
"11,6,1,10,7,0,13,8,3,12,5,2,11,6,1",90874,1,12,12
"11,6,1,10,7,2,9,12,5,0,13,4,7,2,9",92898,0,4848,2
"11,6,1,10,7,2,9,12,5,0,13,4,7,2,11",92898,0,4848,2
"11,6,1,10,7,2,13,8,3,12,5,0,11,6,1",92898,0,4848,2
"11,6,1,10,7,4,13,8,3,12,1,10,5,0,9",92898,0,4848,2
"11,6,1,10,13,8,3,12,7,4,1,10,5,0,9",92898,0,4848,2
"11,6,1,12,5,0,13,8,3,10,7,2,11,6,1",59549,1,12,12
"11,6,1,12,5,2,13,8,3,10,7,0,11,6,1",83663,0,12,12
"11,6,1,12,5,8,13,4,9,0,3,10,7,2,11",89128,1,14,14
"11,6,1,12,7,0,13,8,3,10,5,2,11,6,1",59624,1,12,12
"11,6,1,12,7,2,13,8,3,10,5,0,11,6,1",92898,0,4848,2
"11,6,1,12,9,0,3,10,7,4,13,8,5,2,11",88957,1,14,14
"11,6,1,12,9,4,13,8,3,0,7,2,11,6,13",92898,0,4848,2
"11,6,1,12,9,4,13,8,3,6,1,10,5,0,11",92898,0,4848,2
"11,6,1,12,9,4,13,8,3,6,1,10,5,0,13",92898,0,4848,2
"11,6,3,0,7,2,13,8,5,12,9,4,1,10,3",92898,0,4848,2
"11,6,3,0,7,2,13,10,5,12,9,4,1,8,3",92898,0,4848,2
"11,6,3,0,9,2,13,8,5,12,7,4,1,10,3",92898,0,4848,2
"11,6,3,0,9,2,13,10,5,12,7,4,1,8,3",92898,0,4848,2
"11,6,3,0,9,4,13,8,11,6,1,10,5,2,13",92898,0,4848,2
"11,6,3,0,13,8,1,12,9,6,3,10,7,4,1",92898,0,4848,2
"11,6,3,10,5,0,13,8,1,12,7,2,11,6,3",101516,0,12,12
"11,6,3,10,5,2,13,8,1,12,7,0,11,6,3",92898,0,4848,2
"11,6,3,10,5,2,13,8,1,12,7,4,11,6,3",92898,0,4848,2
"11,6,3,10,5,2,13,8,1,12,9,4,11,6,3",92898,0,4848,2
"11,6,3,10,7,0,9,12,5,2,13,4,7,0,11",92898,0,4848,2
"11,6,3,10,7,0,13,8,1,12,5,2,11,6,3",103193,0,12,12
"11,6,3,10,7,2,9,12,5,0,13,4,7,2,9",92898,0,4848,2
"11,6,3,10,7,2,9,12,5,0,13,4,7,2,11",92898,0,4848,2
"11,6,3,10,7,2,13,0,5,12,9,4,11,8,3",92898,0,4848,2
"11,6,3,10,7,2,13,8,1,12,5,0,11,6,3",92898,0,4848,2
"11,6,3,10,7,2,13,8,1,12,9,4,11,6,3",92898,0,4848,2
"11,6,3,10,7,4,1,8,13,0,9,12,5,2,11",84366,0,14,14
"11,6,3,10,7,4,1,8,13,2,9,12,5,0,11",64448,1,14,14
"11,6,3,10,13,4,9,0,5,8,1,12,7,2,11",83352,1,14,14
"11,6,3,10,13,8,1,12,5,0,3,10,7,2,9",92898,0,4848,2
"11,6,3,10,13,8,1,12,5,0,3,10,7,2,11",92898,0,4848,2
"11,6,3,10,13,8,1,12,7,0,3,10,5,2,9",92898,0,4848,2
"11,6,3,10,13,8,1,12,7,0,3,10,5,2,11",92898,0,4848,2
"11,6,3,12,5,0,13,8,1,10,7,2,11,6,3",92898,0,4848,2
"11,6,3,12,5,0,13,8,1,10,7,4,11,6,3",92898,0,4848,2
"11,6,3,12,5,2,13,8,1,10,7,0,11,6,3",92898,0,4848,2
"11,6,3,12,5,2,13,8,1,10,7,4,11,6,3",92898,0,4848,2
"11,6,3,12,7,0,13,8,1,4,9,2,5,10,13",92898,0,4848,2
"11,6,3,12,7,0,13,8,1,10,5,2,11,6,3",92898,0,4848,2
"11,6,3,12,7,0,13,10,1,4,9,2,5,8,13",92898,0,4848,2
"11,6,3,12,7,2,9,0,5,10,13,4,11,8,3",92898,0,4848,2
"11,6,3,12,7,2,13,8,1,4,9,0,5,10,13",92898,0,4848,2
"11,6,3,12,7,2,13,8,1,10,5,0,11,6,3",92898,0,4848,2
"11,6,3,12,9,2,13,8,1,4,7,0,11,6,13",92898,0,4848,2
"11,6,3,12,9,2,13,8,5,0,7,4,1,10,3",92898,0,4848,2
"11,6,3,12,9,4,1,10,7,0,13,8,5,2,11",84311,0,14,14
"11,6,3,12,9,4,1,10,7,2,13,8,5,0,11",64372,1,14,14
"11,6,9,0,13,8,1,4,11,2,5,10,13,6,9",92898,0,4848,2
"11,6,9,0,13,8,1,4,11,6,3,10,7,2,9",92898,0,4848,2
"11,6,9,0,13,8,1,4,11,6,3,10,13,8,1",92898,0,4848,2
"11,6,9,0,13,8,1,4,11,6,3,12,7,2,9",92898,0,4848,2
"11,6,9,2,13,8,1,4,11,0,3,10,13,6,9",92898,0,4848,2
"11,6,9,2,13,8,1,4,11,6,3,10,7,0,9",92898,0,4848,2
"11,6,9,2,13,8,1,4,11,6,3,10,13,8,1",92898,0,4848,2
"11,6,9,4,13,8,3,0,11,6,1,10,5,8,3",92898,0,4848,2
"11,6,9,4,13,8,3,0,11,6,1,10,13,8,3",92898,0,4848,2
"11,6,13,0,9,4,1,8,3,6,13,10,5,12,1",92898,0,4848,2
"11,6,13,8,5,2,9,4,1,10,7,0,11,6,3",92898,0,4848,2
"11,6,13,8,5,2,9,4,1,10,13,0,7,12,3",92898,0,4848,2
"11,6,13,8,5,2,9,4,1,12,7,0,11,6,3",92898,0,4848,2
"11,6,13,8,5,2,9,4,1,12,7,0,11,6,9",92898,0,4848,2
"11,6,13,10,5,0,9,4,1,8,13,2,7,12,3",92898,0,4848,2
"11,6,13,10,5,0,9,4,1,12,7,2,11,6,9",92898,0,4848,2
"11,6,13,10,5,2,9,0,3,8,13,4,11,6,1",92898,0,4848,2
"11,6,13,10,5,2,9,0,3,12,7,4,11,6,9",92898,0,4848,2
"11,6,13,10,5,2,9,4,1,8,13,0,7,12,3",92898,0,4848,2
"11,6,13,10,5,2,9,4,1,8,13,0,11,6,3",92898,0,4848,2
"11,6,13,10,5,2,9,4,1,12,7,0,11,6,3",92898,0,4848,2
"11,6,13,10,5,2,9,4,1,12,7,0,11,6,9",92898,0,4848,2
"11,6,13,10,5,2,9,4,1,12,7,0,11,8,3",92898,0,4848,2
"11,6,13,10,5,8,3,0,7,2,13,10,5,12,9",92898,0,4848,2
"11,6,13,10,7,2,9,4,1,12,5,0,11,6,3",92898,0,4848,2
"11,6,13,10,7,2,9,4,1,12,5,0,11,8,3",92898,0,4848,2
"11,8,1,4,7,0,13,6,9,12,5,2,11,0,3",92898,0,4848,2
"11,8,1,4,9,0,5,10,13,6,3,12,7,2,11",97942,0,14,14
"11,8,1,4,13,0,5,12,9,6,3,10,7,2,11",98275,1,14,14
"11,8,1,4,13,6,3,10,7,2,9,12,5,0,11",92898,0,4848,2
"11,8,1,10,5,0,13,6,3,12,7,2,11,8,1",97899,1,12,12
"11,8,1,10,5,2,13,6,3,12,7,0,11,8,1",85015,1,12,12
"11,8,1,10,7,0,13,6,3,12,5,2,11,8,1",92898,0,4848,2
"11,8,1,10,7,2,13,6,3,12,5,0,11,8,1",92898,0,4848,2
"11,8,1,10,7,2,13,6,3,12,9,4,11,8,5",92898,0,4848,2
"11,8,1,10,7,4,13,6,3,0,9,2,11,8,5",92898,0,4848,2
"11,8,1,10,7,4,13,6,3,12,9,2,11,8,5",92898,0,4848,2
"11,8,1,10,13,6,3,12,5,8,1,10,7,0,3",92898,0,4848,2
"11,8,1,10,13,6,3,12,7,4,1,10,5,0,9",92898,0,4848,2
"11,8,1,10,13,6,3,12,7,4,1,10,5,0,11",92898,0,4848,2
"11,8,1,12,5,0,13,6,3,10,7,2,11,8,1",76343,1,12,12
"11,8,1,12,5,2,13,6,3,10,7,0,11,8,1",92898,0,4848,2
"11,8,1,12,5,2,13,6,3,10,7,4,11,8,1",92898,0,4848,2
"11,8,1,12,7,0,13,6,3,10,5,2,11,8,1",92898,0,4848,2
"11,8,1,12,7,2,13,6,3,10,5,0,11,8,1",101342,0,12,12
"11,8,1,12,7,4,13,6,3,0,9,2,11,8,5",92898,0,4848,2
"11,8,1,12,9,2,13,6,3,0,7,4,11,8,5",92898,0,4848,2
"11,8,1,12,9,6,3,10,7,4,1,12,5,0,13",92898,0,4848,2
"11,8,1,12,9,6,3,10,7,4,1,12,5,2,13",92898,0,4848,2
"11,8,3,0,7,2,13,6,9,12,5,0,11,4,1",92898,0,4848,2
"11,8,3,0,7,2,13,10,5,12,9,4,1,8,3",92898,0,4848,2
"11,8,3,0,7,2,13,10,5,12,9,6,1,8,3",92898,0,4848,2
"11,8,3,0,7,4,13,10,5,12,9,6,1,8,3",92898,0,4848,2
"11,8,3,0,9,2,13,10,5,12,7,4,1,8,3",92898,0,4848,2
"11,8,3,0,9,6,1,12,7,4,13,10,5,2,11",80834,1,14,14
"11,8,3,10,5,0,13,6,1,12,7,2,11,8,3",101385,0,12,12
"11,8,3,10,5,2,13,6,1,12,7,0,11,8,3",92898,0,4848,2
"11,8,3,10,5,2,13,6,1,12,7,4,11,8,3",92898,0,4848,2
"11,8,3,10,5,2,13,6,1,12,9,4,11,8,3",92898,0,4848,2
"11,8,3,10,7,0,13,6,1,12,5,2,11,8,3",92898,0,4848,2
"11,8,3,10,7,2,5,0,13,4,9,12,7,2,11",92898,0,4848,2
"11,8,3,10,7,2,13,6,1,12,5,0,11,8,3",92898,0,4848,2
"11,8,3,10,7,2,13,6,1,12,9,4,11,8,3",92898,0,4848,2
"11,8,3,10,7,2,13,6,1,12,9,4,11,8,5",92898,0,4848,2
"11,8,3,10,7,4,13,6,1,12,9,2,11,8,3",92898,0,4848,2
"11,8,3,10,7,4,13,6,1,12,9,2,11,8,5",92898,0,4848,2
"11,8,3,10,13,6,1,12,5,0,3,10,7,2,9",92898,0,4848,2
"11,8,3,10,13,6,1,12,5,0,3,10,7,2,11",92898,0,4848,2
"11,8,3,10,13,6,1,12,7,0,3,10,5,2,9",92898,0,4848,2
"11,8,3,12,5,0,13,6,1,10,7,2,11,8,3",92898,0,4848,2
"11,8,3,12,5,0,13,6,1,10,7,2,11,8,13",92898,0,4848,2
"11,8,3,12,5,2,13,6,1,10,7,0,11,8,3",90777,1,12,12
"11,8,3,12,7,0,13,6,1,10,5,2,11,8,3",84454,1,12,12
"11,8,3,12,7,0,13,6,9,2,5,10,1,4,11",60140,1,14,14
"11,8,3,12,7,2,5,0,9,4,13,10,7,2,11",92898,0,4848,2
"11,8,3,12,7,2,13,6,1,10,5,0,9,4,13",92898,0,4848,2
"11,8,3,12,7,2,13,6,1,10,5,0,11,8,3",92898,0,4848,2
"11,8,3,12,7,2,13,6,9,0,5,10,1,4,11",87938,0,14,14
"11,8,3,12,9,2,5,10,1,6,13,0,7,4,11",74951,1,14,14
"11,8,3,12,9,6,13,0,7,4,1,10,5,2,11",84242,1,14,14
"11,8,5,0,7,2,13,10,3,12,9,4,1,8,5",92898,0,4848,2
"11,8,5,0,7,2,13,10,3,12,9,6,1,8,5",92898,0,4848,2
"11,8,5,0,7,4,1,10,3,12,9,6,13,8,5",92898,0,4848,2
"11,8,5,0,7,4,13,10,3,12,9,6,1,8,5",92898,0,4848,2
"11,8,5,0,9,4,13,2,11,6,1,10,7,4,13",92898,0,4848,2
"11,8,5,0,9,6,3,10,13,4,1,12,7,2,11",69258,1,14,14
"11,8,5,0,13,6,3,12,9,4,1,10,7,2,11",98837,1,14,14
"11,8,5,2,9,6,1,10,13,0,3,12,7,4,11",87834,1,14,14
"11,8,5,2,9,6,3,0,11,4,1,12,9,6,13",92898,0,4848,2
"11,8,5,2,9,6,3,10,13,4,1,12,7,0,11",85064,0,14,14
"11,8,5,2,13,6,1,12,9,0,3,10,7,4,11",98497,1,14,14
"11,8,5,2,13,6,3,0,11,8,1,10,13,6,3",92898,0,4848,2
"11,8,5,2,13,6,3,0,11,8,1,12,9,6,3",92898,0,4848,2
"11,8,5,2,13,6,3,12,9,4,1,10,7,0,11",92898,0,4848,2
"11,8,5,12,7,0,13,10,1,4,9,6,3,8,13",92898,0,4848,2
"11,8,5,12,7,4,1,10,3,0,9,6,13,8,5",92898,0,4848,2
"11,8,5,12,7,4,13,10,3,0,9,6,1,8,5",92898,0,4848,2
"11,8,5,12,9,2,13,10,3,0,7,4,1,8,5",92898,0,4848,2
"11,8,5,12,9,6,3,0,7,4,1,12,9,2,13",92898,0,4848,2
"11,8,13,0,9,4,1,6,11,2,7,12,3,8,13",92898,0,4848,2
"11,8,13,0,9,4,1,6,11,2,7,12,9,4,13",92898,0,4848,2
"11,8,13,2,9,6,3,0,11,4,1,12,9,6,13",92898,0,4848,2
"11,8,13,4,9,0,3,6,11,2,7,12,9,0,5",92898,0,4848,2
"11,8,13,4,9,0,5,2,11,6,3,12,7,0,13",92898,0,4848,2
"12,1,4,7,0,3,6,9,12,5,8,11,0,3,10",92898,1,4848,2
"12,1,4,7,0,3,6,9,12,5,10,13,0,3,8",92898,1,4848,2
"12,1,4,7,10,3,6,9,12,1,8,11,0,3,6",92898,1,4848,2
"12,1,4,7,10,3,6,9,12,1,8,13,0,3,6",92898,1,4848,2
"12,1,4,9,0,5,10,7,12,3,8,13,0,5,10",92898,1,4848,2
"12,1,4,9,0,5,10,7,12,3,8,13,2,5,10",92898,1,4848,2
"12,1,4,9,0,5,10,13,6,11,2,7,0,3,8",92898,1,4848,2
"12,1,4,9,2,5,8,13,6,11,0,3,10,1,4",92898,1,4848,2
"12,1,4,9,2,5,10,13,6,11,0,3,8,1,4",92898,1,4848,2
"12,1,4,9,2,7,10,13,6,11,0,3,8,1,4",92898,1,4848,2
"12,1,4,9,2,7,10,13,6,11,0,5,8,1,4",92898,1,4848,2
"12,1,4,11,0,3,6,9,2,5,8,11,0,7,10",92898,1,4848,2
"12,1,4,11,0,3,6,9,2,7,10,13,0,5,12",92898,1,4848,2
"12,1,4,11,0,3,6,9,2,13,8,11,0,5,10",92898,1,4848,2
"12,1,4,11,0,7,10,13,6,9,2,5,8,1,4",92898,1,4848,2
"12,1,4,11,2,5,8,13,6,9,0,3,10,1,4",92898,1,4848,2
"12,1,4,11,2,5,10,13,6,9,0,3,8,1,4",92898,1,4848,2
"12,1,4,13,10,3,6,9,0,5,8,11,2,7,12",82816,0,14,14
"12,1,4,13,10,3,6,9,2,5,8,11,0,7,12",94528,1,14,14
"12,1,6,9,0,3,8,11,2,5,10,13,4,7,12",91327,0,14,14
"12,1,6,9,0,7,10,13,4,11,2,5,8,1,6",92898,1,4848,2
"12,1,6,9,2,5,10,13,4,11,0,3,8,1,6",92898,1,4848,2
"12,1,6,9,2,7,10,13,4,11,0,3,8,1,6",92898,1,4848,2
"12,1,6,9,2,7,10,13,4,11,0,5,8,1,6",92898,1,4848,2
"12,1,6,11,0,5,10,3,8,13,2,7,12,1,4",92898,1,4848,2
"12,1,6,11,0,5,10,3,8,13,2,7,12,1,6",92898,1,4848,2
"12,1,6,11,0,7,10,3,8,13,2,5,12,1,6",93709,0,12,12
"12,1,6,11,2,5,8,13,4,7,10,3,0,9,12",82259,1,14,14
"12,1,6,11,2,5,10,3,8,13,0,7,12,1,6",102581,1,12,12
"12,1,6,11,2,7,4,9,0,5,10,13,2,7,12",92898,1,4848,2
"12,1,6,11,2,7,10,3,0,9,4,13,8,5,12",69780,0,14,14
"12,1,6,11,2,7,10,3,8,13,0,5,12,1,6",104470,1,12,12
"12,1,6,13,0,5,10,3,8,11,2,7,12,1,6",81309,0,12,12
"12,1,6,13,0,7,10,3,8,11,2,5,12,1,6",92898,1,4848,2
"12,1,6,13,2,5,8,11,4,7,10,3,0,9,12",82611,1,14,14
"12,1,6,13,2,5,10,3,8,11,0,7,12,1,4",92898,1,4848,2
"12,1,6,13,2,5,10,3,8,11,0,7,12,1,6",92898,1,4848,2
"12,1,6,13,2,7,4,9,0,5,10,13,2,7,12",92898,1,4848,2
"12,1,6,13,2,7,10,3,8,11,0,5,12,1,4",92898,1,4848,2
"12,1,6,13,2,7,10,3,8,11,0,5,12,1,6",92898,1,4848,2
"12,1,6,13,4,7,10,3,0,11,2,5,12,9,6",92898,1,4848,2
"12,1,6,13,4,7,10,3,8,11,0,5,12,1,6",92898,1,4848,2
"12,1,6,13,4,7,10,3,8,11,2,5,12,1,6",92898,1,4848,2
"12,1,6,13,10,3,8,11,2,7,0,13,4,9,12",92898,1,4848,2
"12,1,6,13,10,3,8,11,4,1,6,13,0,7,12",92898,1,4848,2
"12,1,6,13,10,3,8,11,4,7,0,13,2,9,12",92898,1,4848,2
"12,1,8,3,0,7,10,5,12,9,2,13,0,7,4",92898,1,4848,2
"12,1,8,3,0,7,10,5,12,9,4,13,0,7,2",92898,1,4848,2
"12,1,8,5,0,9,4,13,10,3,6,11,2,7,12",69619,0,14,14
"12,1,8,11,0,3,6,13,2,5,8,11,0,7,10",92898,1,4848,2
"12,1,8,11,0,3,6,13,2,5,8,11,4,7,10",92898,1,4848,2
"12,1,8,11,0,5,10,3,6,13,2,7,12,1,8",81381,0,12,12
"12,1,8,11,0,7,10,3,6,9,2,5,12,1,4",92898,1,4848,2
"12,1,8,11,0,7,10,3,6,13,2,5,12,1,8",92898,1,4848,2
"12,1,8,11,2,5,10,3,6,9,0,7,12,1,4",92898,1,4848,2
"12,1,8,11,2,5,10,3,6,13,0,7,12,1,8",92898,1,4848,2
"12,1,8,11,2,7,10,3,6,13,0,5,12,1,8",102268,1,12,12
"12,1,8,11,4,7,10,3,6,13,2,5,12,1,8",92898,1,4848,2
"12,1,8,13,0,3,6,11,2,7,10,13,0,5,12",92898,1,4848,2
"12,1,8,13,0,3,6,11,4,7,10,13,2,9,12",92898,1,4848,2
"12,1,8,13,0,5,10,3,6,11,2,7,12,1,8",81498,0,12,12
"12,1,8,13,0,7,10,3,6,11,2,5,12,1,8",92370,1,12,12
"12,1,8,13,2,5,10,3,6,9,0,7,12,1,4",92898,1,4848,2
"12,1,8,13,2,5,10,3,6,11,0,7,12,1,4",92898,1,4848,2
"12,1,8,13,2,5,10,3,6,11,0,7,12,1,8",92898,1,4848,2
"12,1,8,13,2,5,10,3,6,11,8,13,0,9,4",92898,1,4848,2
"12,1,8,13,2,7,10,3,6,11,0,5,12,1,4",92898,1,4848,2
"12,1,8,13,2,7,10,3,6,11,0,5,12,1,8",92898,1,4848,2
"12,1,8,13,2,9,6,3,10,7,4,11,0,5,12",79966,0,14,14
"12,1,8,13,10,3,6,11,2,5,8,13,4,9,0",92898,1,4848,2
"12,1,8,13,10,3,6,11,2,7,0,13,4,9,12",92898,1,4848,2
"12,1,8,13,10,3,6,11,4,1,8,13,0,9,6",92898,1,4848,2
"12,1,8,13,10,3,6,11,4,1,8,13,2,9,6",92898,1,4848,2
"12,1,8,13,10,3,6,11,4,7,0,13,2,9,12",92898,1,4848,2
"12,1,10,5,0,9,6,3,12,7,2,11,0,9,4",92898,1,4848,2
"12,1,10,5,0,9,6,3,12,7,2,13,8,1,10",92898,1,4848,2
"12,3,0,5,10,1,6,9,12,3,8,13,4,1,6",92898,1,4848,2
"12,3,0,7,10,1,6,9,12,3,8,13,2,5,0",92898,1,4848,2
"12,3,0,7,10,1,6,9,12,3,8,13,4,1,6",92898,1,4848,2
"12,3,0,7,10,1,8,5,12,3,6,13,10,1,8",92898,1,4848,2
"12,3,0,9,2,5,10,13,6,11,0,7,4,1,8",92898,1,4848,2
"12,3,0,13,6,1,8,5,2,11,4,13,10,7,0",92898,1,4848,2
"12,3,0,13,6,1,10,7,2,11,8,13,4,9,0",92898,1,4848,2
"12,3,0,13,10,1,6,9,2,5,8,11,4,7,12",83456,1,14,14
"12,3,6,9,0,5,10,1,12,3,8,13,4,7,10",92898,1,4848,2
"12,3,6,9,0,7,10,1,4,11,2,5,8,13,6",92898,1,4848,2
"12,3,6,9,0,7,10,13,4,11,2,5,8,1,6",92898,1,4848,2
"12,3,6,9,2,7,10,1,4,11,0,5,8,13,6",92898,1,4848,2
"12,3,6,9,2,7,10,13,4,11,0,5,8,1,6",92898,1,4848,2
"12,3,6,11,0,5,8,13,2,7,10,1,4,9,12",82354,0,14,14
"12,3,6,11,0,5,10,1,8,13,2,7,12,3,6",92898,1,4848,2
"12,3,6,11,0,7,10,1,4,9,2,5,8,13,6",92898,1,4848,2
"12,3,6,11,0,7,10,1,8,13,2,5,12,3,6",92898,1,4848,2
"12,3,6,11,2,5,0,9,4,13,8,11,2,7,10",92898,1,4848,2
"12,3,6,11,2,5,8,13,0,7,10,1,4,9,12",94783,1,14,14
"12,3,6,11,2,5,10,1,8,13,0,7,12,3,6",92898,1,4848,2
"12,3,6,11,2,7,10,1,8,13,0,5,12,3,6",92898,1,4848,2
"12,3,6,11,4,1,8,13,0,9,6,11,2,5,12",92898,1,4848,2
"12,3,6,11,4,1,8,13,0,9,6,11,4,7,12",92898,1,4848,2
"12,3,6,11,4,7,10,1,8,13,0,5,12,3,6",92898,1,4848,2
"12,3,6,11,4,7,10,1,8,13,2,5,12,3,6",92898,1,4848,2
"12,3,6,13,0,5,8,11,2,7,10,1,4,9,12",82832,0,14,14
"12,3,6,13,0,5,10,1,8,11,2,7,12,3,6",81839,0,12,12
"12,3,6,13,0,7,10,1,8,11,2,5,12,3,6",92898,1,4848,2
"12,3,6,13,2,5,8,11,0,7,10,1,4,9,12",92898,1,4848,2
"12,3,6,13,2,5,8,11,0,7,10,13,2,5,12",92898,1,4848,2
"12,3,6,13,2,5,10,1,8,11,0,7,12,3,6",73677,0,12,12
"12,3,6,13,2,7,10,1,4,11,0,5,12,9,6",92898,1,4848,2
"12,3,6,13,2,7,10,1,8,11,0,5,12,3,6",92898,1,4848,2
"12,3,6,13,4,7,10,1,8,11,0,5,12,3,6",92898,1,4848,2
"12,3,6,13,4,7,10,1,8,11,2,5,12,3,6",92898,1,4848,2
"12,3,6,13,10,1,8,11,0,3,6,13,2,5,8",92898,1,4848,2
"12,3,6,13,10,1,8,11,0,3,6,13,2,7,12",92898,1,4848,2
"12,3,6,13,10,1,8,11,0,7,4,13,2,5,12",92898,1,4848,2
"12,3,6,13,10,1,8,11,2,7,4,13,0,5,12",92898,1,4848,2
"12,3,6,13,10,5,0,9,4,1,8,11,2,7,12",73650,1,14,14
"12,3,8,5,10,1,6,11,0,3,8,13,4,9,6",92898,1,4848,2
"12,3,8,11,0,5,10,1,6,3,8,13,4,9,12",92898,1,4848,2
"12,3,8,11,0,5,10,1,6,13,2,7,12,3,8",92898,1,4848,2
"12,3,8,11,0,7,10,1,6,13,2,5,12,3,8",91046,1,12,12
"12,3,8,11,2,5,10,1,4,7,0,13,6,9,12",80415,1,14,14
"12,3,8,11,2,5,10,1,6,13,0,7,12,3,8",80357,0,12,12
"12,3,8,11,2,7,10,1,6,13,0,5,12,3,8",92898,1,4848,2
"12,3,8,11,2,7,10,1,6,13,0,5,12,9,4",92898,1,4848,2
"12,3,8,11,4,1,10,5,0,9,6,13,2,7,12",69489,0,14,14
"12,3,8,11,4,1,10,5,2,9,6,13,0,7,12",73628,0,14,14
"12,3,8,11,4,7,0,13,6,1,10,5,2,9,12",68349,1,14,14
"12,3,8,13,0,5,10,1,6,3,8,13,4,9,12",92898,1,4848,2
"12,3,8,13,0,5,10,1,6,11,2,7,12,3,8",92898,1,4848,2
"12,3,8,13,0,5,10,1,6,11,2,7,12,9,4",92898,1,4848,2
"12,3,8,13,0,7,10,1,6,11,2,5,12,3,8",93214,1,12,12
"12,3,8,13,2,5,0,11,4,7,10,13,2,9,12",92898,1,4848,2
"12,3,8,13,2,5,10,1,6,11,0,7,12,3,8",92898,1,4848,2
"12,3,8,13,2,5,10,1,6,11,8,13,4,9,0",92898,1,4848,2
"12,3,8,13,2,7,10,1,4,11,0,5,12,9,6",92898,1,4848,2
"12,3,8,13,2,7,10,1,6,11,0,5,12,3,8",92898,1,4848,2
"12,3,8,13,2,7,10,1,6,11,0,5,12,9,4",92898,1,4848,2
"12,3,8,13,2,9,6,1,10,5,0,11,4,7,12",73616,1,14,14
"12,3,8,13,4,1,6,11,0,7,10,13,2,5,12",92898,1,4848,2
"12,3,8,13,4,1,6,11,2,7,10,13,4,9,0",92898,1,4848,2
"12,3,8,13,4,7,0,11,6,1,10,5,2,9,12",68285,1,14,14
"12,3,8,13,4,7,10,1,6,11,0,5,12,3,8",92898,1,4848,2
"12,3,8,13,4,7,10,1,6,11,2,13,4,9,0",92898,1,4848,2
"12,3,8,13,4,9,0,5,10,1,6,11,2,7,12",92898,1,4848,2
"12,3,8,13,4,9,0,5,10,1,6,13,2,7,12",92898,1,4848,2
"12,3,8,13,10,1,6,11,0,3,8,13,4,9,6",92898,1,4848,2
"12,3,8,13,10,1,6,11,0,5,8,13,2,7,12",92898,1,4848,2
"12,3,8,13,10,1,6,11,2,5,8,13,4,9,0",92898,1,4848,2
"12,3,10,1,4,7,0,5,8,11,2,9,12,3,6",92898,1,4848,2
"12,3,10,1,4,7,0,5,8,13,2,9,12,3,6",92898,1,4848,2
"12,3,10,13,2,7,0,5,8,11,4,9,12,1,6",92898,1,4848,2
"12,3,10,13,2,7,0,5,8,11,4,9,12,3,0",92898,1,4848,2
"12,3,10,13,2,7,0,5,8,11,4,9,12,3,6",92898,1,4848,2
"12,3,10,13,4,7,0,5,8,11,2,9,12,1,6",92898,1,4848,2
"12,3,10,13,4,7,0,5,8,11,2,9,12,3,6",92898,1,4848,2
"12,5,0,3,10,7,2,9,6,13,0,11,4,1,8",92898,1,4848,2
"12,5,0,3,10,7,2,9,12,5,0,11,4,7,2",92898,1,4848,2
"12,5,0,3,10,7,2,9,12,5,0,13,4,7,2",92898,1,4848,2
"12,5,0,3,10,7,2,11,6,13,0,9,4,1,8",92898,1,4848,2
"12,5,0,3,10,7,2,11,8,5,0,9,4,13,2",92898,1,4848,2
"12,5,0,11,4,1,8,13,2,7,10,3,6,9,12",74436,1,14,14
"12,5,0,11,4,1,10,7,2,13,6,3,12,5,0",92898,1,4848,2
"12,5,0,11,4,1,10,7,2,13,8,3,12,5,0",92898,1,4848,2
"12,5,0,11,4,7,2,9,6,13,0,11,4,1,8",92898,1,4848,2
"12,5,0,11,4,7,10,3,6,9,2,13,8,1,12",74444,1,14,14
"12,5,0,11,6,1,10,7,2,13,8,3,12,5,0",92898,1,4848,2
"12,5,0,11,6,1,10,7,4,13,8,3,12,1,10",92898,1,4848,2
"12,5,0,11,6,3,10,7,2,13,8,1,12,5,0",92898,1,4848,2
"12,5,0,11,6,3,10,7,2,13,8,1,12,9,4",92898,1,4848,2
"12,5,0,11,6,3,10,7,4,1,8,13,2,9,12",64448,0,14,14
"12,5,0,11,8,1,10,7,2,13,6,3,12,5,0",92898,1,4848,2
"12,5,0,11,8,1,10,7,2,13,6,3,12,9,4",92898,1,4848,2
"12,5,0,11,8,1,10,7,4,13,6,3,12,9,2",92898,1,4848,2
"12,5,0,11,8,3,10,7,2,5,0,13,4,9,12",92898,1,4848,2
"12,5,0,11,8,3,10,7,2,13,6,1,12,5,0",92898,1,4848,2
"12,5,0,11,8,3,10,7,2,13,6,1,12,9,4",92898,1,4848,2
"12,5,0,11,8,3,10,7,4,13,6,1,12,9,2",92898,1,4848,2
"12,5,0,13,2,7,10,3,6,11,0,13,8,1,4",92898,1,4848,2
"12,5,0,13,4,1,8,11,2,7,10,3,6,9,12",74387,1,14,14
"12,5,0,13,4,7,2,9,6,1,10,13,4,11,8",92898,1,4848,2
"12,5,0,13,4,7,2,11,8,1,10,13,6,3,12",92898,1,4848,2
"12,5,0,13,6,1,10,7,2,11,8,3,12,5,0",92898,1,4848,2
"12,5,0,13,6,1,10,7,2,11,8,13,4,9,0",92898,1,4848,2
"12,5,0,13,6,3,10,7,2,11,8,1,12,5,0",76343,0,12,12
"12,5,0,13,8,1,10,7,2,11,6,3,12,5,0",92898,1,4848,2
"12,5,0,13,8,1,10,7,4,11,6,3,12,9,2",92898,1,4848,2
"12,5,0,13,8,3,10,7,2,11,6,1,12,5,0",59549,0,12,12
"12,5,0,13,10,7,2,9,6,3,0,11,4,1,12",92898,1,4848,2
"12,5,0,13,10,7,2,11,6,3,0,13,8,1,12",92898,1,4848,2
"12,5,2,9,6,3,10,7,0,11,8,1,12,5,2",92898,1,4848,2
"12,5,2,11,0,3,10,7,4,13,6,1,12,9,2",92898,1,4848,2
"12,5,2,11,6,1,10,7,0,3,8,13,4,9,12",90867,0,14,14
"12,5,2,11,6,1,10,7,0,13,8,3,12,5,2",90874,0,12,12
"12,5,2,11,6,3,10,7,0,13,8,1,12,5,2",103193,1,12,12
"12,5,2,11,6,3,10,7,4,1,8,13,0,9,12",84366,1,14,14
"12,5,2,11,6,9,0,13,8,1,4,11,6,3,10",92898,1,4848,2
"12,5,2,11,6,9,0,13,8,1,4,11,6,3,12",92898,1,4848,2
"12,5,2,11,8,1,10,7,0,13,6,3,12,5,2",92898,1,4848,2
"12,5,2,11,8,1,10,7,4,13,6,3,0,9,2",92898,1,4848,2
"12,5,2,11,8,1,10,7,4,13,6,3,12,9,2",92898,1,4848,2
"12,5,2,11,8,3,10,7,0,13,6,1,12,5,2",92898,1,4848,2
"12,5,2,11,8,3,10,7,4,13,6,1,12,9,2",92898,1,4848,2
"12,5,2,13,4,7,0,11,8,1,10,13,6,3,12",92898,1,4848,2
"12,5,2,13,6,1,10,7,0,11,8,3,12,5,2",90777,0,12,12
"12,5,2,13,6,3,10,7,0,11,8,1,12,5,2",92898,1,4848,2
"12,5,2,13,6,3,10,7,4,11,8,1,12,9,2",92898,1,4848,2
"12,5,2,13,6,9,0,11,8,1,4,13,6,3,10",92898,1,4848,2
"12,5,2,13,8,1,10,7,0,11,6,3,12,5,2",92898,1,4848,2
"12,5,2,13,8,1,10,7,0,11,6,3,12,9,2",92898,1,4848,2
"12,5,2,13,8,1,10,7,4,11,6,3,0,9,2",92898,1,4848,2
"12,5,2,13,8,1,10,7,4,11,6,3,12,9,2",92898,1,4848,2
"12,5,2,13,8,3,10,7,0,11,6,1,12,5,2",83663,1,12,12
"12,5,2,13,10,7,0,11,6,1,4,13,8,3,12",92898,1,4848,2
"12,5,2,13,10,7,0,11,8,5,2,9,6,3,0",92898,1,4848,2
"12,5,2,13,10,7,0,11,8,5,2,13,6,3,0",92898,1,4848,2
"12,5,2,13,10,7,0,11,8,5,2,13,6,3,12",92898,1,4848,2
"12,5,8,1,4,7,0,3,10,13,2,9,12,5,0",92898,1,4848,2
"12,5,8,1,4,7,0,3,10,13,2,9,12,5,8",92898,1,4848,2
"12,5,8,1,10,7,0,3,12,5,2,11,6,9,0",92898,1,4848,2
"12,5,8,1,10,7,0,3,12,5,2,13,6,9,0",92898,1,4848,2
"12,5,8,1,10,7,0,3,12,5,2,13,10,7,0",92898,1,4848,2
"12,5,8,11,0,3,10,13,2,5,8,1,4,7,10",92898,1,4848,2
"12,5,8,11,2,9,0,3,6,13,4,7,10,1,8",92898,1,4848,2
"12,5,8,11,2,9,0,3,6,13,4,7,12,1,8",92898,1,4848,2
"12,5,8,11,4,7,0,3,6,13,2,9,12,1,8",92898,1,4848,2
"12,5,8,13,2,7,0,3,6,11,4,9,12,1,8",92898,1,4848,2
"12,5,8,13,2,9,0,3,6,11,4,7,10,1,8",92898,1,4848,2
"12,5,8,13,2,9,0,3,6,11,4,7,12,1,8",92898,1,4848,2
"12,5,8,13,4,9,0,3,10,7,2,11,6,1,12",89128,0,14,14
"12,5,10,7,0,3,8,1,12,5,10,13,6,3,8",92898,1,4848,2
"12,5,10,13,0,3,8,1,4,7,10,13,6,9,12",92898,1,4848,2
"12,5,10,13,2,7,0,3,6,11,4,9,12,1,8",92898,1,4848,2
"12,5,10,13,2,7,0,3,8,5,10,13,6,11,0",92898,1,4848,2
"12,5,10,13,2,7,0,3,8,11,4,9,12,1,6",92898,1,4848,2
"12,5,10,13,2,7,0,3,8,11,4,9,12,5,0",92898,1,4848,2
"12,5,10,13,2,9,0,3,6,11,4,7,12,1,8",92898,1,4848,2
"12,5,10,13,2,9,0,3,8,11,4,7,12,1,6",92898,1,4848,2
"12,5,10,13,4,7,0,3,8,11,2,9,12,1,6",92898,1,4848,2
"12,5,10,13,4,7,0,3,8,11,2,9,12,5,0",92898,1,4848,2
"12,5,10,13,6,3,8,1,4,9,0,13,6,11,2",92898,1,4848,2
"12,5,10,13,6,3,8,1,4,11,0,13,6,9,2",92898,1,4848,2
"12,7,0,3,10,5,2,9,6,13,0,11,4,1,8",92898,1,4848,2
"12,7,0,3,10,5,2,9,12,7,0,13,6,1,4",92898,1,4848,2
"12,7,0,3,10,5,2,11,6,13,0,9,4,1,8",92898,1,4848,2
"12,7,0,9,6,3,10,5,2,11,8,1,12,7,0",92898,1,4848,2
"12,7,0,9,6,3,10,5,2,11,8,1,12,7,4",92898,1,4848,2
"12,7,0,9,6,3,10,5,2,13,8,1,12,7,0",92898,1,4848,2
"12,7,0,9,6,3,10,5,2,13,8,1,12,7,4",92898,1,4848,2
"12,7,0,9,6,3,10,13,2,11,8,1,4,7,0",92898,1,4848,2
"12,7,0,11,6,1,10,5,2,13,8,3,12,7,0",92898,1,4848,2
"12,7,0,11,6,1,10,5,2,13,8,3,12,7,10",92898,1,4848,2
"12,7,0,11,6,3,10,5,2,13,8,1,12,7,0",92898,1,4848,2
"12,7,0,11,6,3,10,5,2,13,8,1,12,7,4",92898,1,4848,2
"12,7,0,11,6,3,10,5,2,13,8,1,12,9,4",92898,1,4848,2
"12,7,0,11,6,9,4,13,8,3,0,11,6,1,10",92898,1,4848,2
"12,7,0,11,8,1,10,5,2,13,6,3,12,7,0",85015,0,12,12
"12,7,0,11,8,3,10,5,2,13,6,1,12,7,0",92898,1,4848,2
"12,7,0,11,8,3,10,5,2,13,6,1,12,7,4",92898,1,4848,2
"12,7,0,11,8,3,10,5,2,13,6,1,12,9,4",92898,1,4848,2
"12,7,0,11,8,5,2,9,6,3,10,13,4,1,12",85064,1,14,14
"12,7,0,13,6,1,4,11,8,3,10,13,6,1,12",92898,1,4848,2
"12,7,0,13,6,1,10,5,2,11,8,3,12,7,0",84454,0,12,12
"12,7,0,13,6,3,10,5,2,11,8,1,12,7,0",92898,1,4848,2
"12,7,0,13,6,3,10,5,2,11,8,1,12,7,4",92898,1,4848,2
"12,7,0,13,6,9,2,5,10,1,4,11,8,3,12",60140,0,14,14
"12,7,0,13,8,1,4,9,2,5,10,13,6,11,0",92898,1,4848,2
"12,7,0,13,8,1,10,5,2,11,6,3,12,7,0",92898,1,4848,2
"12,7,0,13,8,3,10,5,2,11,6,1,12,7,0",59624,0,12,12
"12,7,0,13,10,1,4,9,2,5,8,13,6,11,0",92898,1,4848,2
"12,7,0,13,10,1,4,9,6,3,8,13,2,11,0",92898,1,4848,2
"12,7,2,5,0,9,4,13,10,7,2,11,6,1,4",92898,1,4848,2
"12,7,2,9,0,5,10,13,4,11,8,3,0,7,2",92898,1,4848,2
"12,7,2,11,0,9,4,13,8,5,2,11,6,1,10",92898,1,4848,2
"12,7,2,11,0,9,4,13,8,5,2,11,6,3,10",92898,1,4848,2
"12,7,2,11,6,1,4,9,0,13,8,11,6,3,10",92898,1,4848,2
"12,7,2,11,6,1,10,5,0,9,4,13,8,3,12",92898,1,4848,2
"12,7,2,11,6,1,10,5,0,13,8,3,12,7,2",92898,1,4848,2
"12,7,2,11,6,1,10,5,0,13,8,3,12,7,10",92898,1,4848,2
"12,7,2,11,6,3,0,9,4,13,8,11,6,1,10",92898,1,4848,2
"12,7,2,11,6,3,10,5,0,13,8,1,12,7,2",101516,1,12,12
"12,7,2,11,6,3,10,13,4,9,0,5,8,1,12",83352,0,14,14
"12,7,2,11,6,9,4,13,8,3,0,11,6,1,10",92898,1,4848,2
"12,7,2,11,8,1,4,9,0,5,10,13,6,3,12",97942,1,14,14
"12,7,2,11,8,1,10,5,0,13,6,3,12,7,2",97899,0,12,12
"12,7,2,11,8,3,10,5,0,13,6,1,12,7,2",101385,1,12,12
"12,7,2,11,8,5,0,9,4,13,2,11,6,1,10",92898,1,4848,2
"12,7,2,11,8,5,0,9,6,3,10,13,4,1,12",69258,0,14,14
"12,7,2,13,6,1,10,5,0,9,4,13,8,3,12",92898,1,4848,2
"12,7,2,13,6,1,10,5,0,11,8,3,12,7,2",92898,1,4848,2
"12,7,2,13,6,3,0,11,8,1,10,13,6,3,12",92898,1,4848,2
"12,7,2,13,6,3,10,5,0,11,8,1,12,7,2",101342,1,12,12
"12,7,2,13,6,9,0,5,10,1,4,11,8,3,12",87938,1,14,14
"12,7,2,13,8,1,4,9,0,5,10,13,6,11,2",92898,1,4848,2
"12,7,2,13,8,1,10,5,0,11,6,3,12,7,2",92898,1,4848,2
"12,7,2,13,8,1,10,5,0,11,6,3,12,9,2",92898,1,4848,2
"12,7,2,13,8,3,10,5,0,11,6,1,12,7,2",92898,1,4848,2
"12,7,2,13,8,3,10,5,0,11,6,1,12,9,4",92898,1,4848,2
"12,7,2,13,8,5,0,11,6,1,10,13,8,3,12",92898,1,4848,2
"12,7,2,13,10,5,0,9,4,7,2,11,6,1,12",92898,1,4848,2
"12,7,2,13,10,5,0,9,4,7,2,13,6,1,12",92898,1,4848,2
"12,7,4,1,8,3,0,9,6,13,10,5,2,11,4",92898,1,4848,2
"12,7,4,1,8,3,0,11,6,13,10,5,2,9,4",92898,1,4848,2
"12,7,4,1,8,3,0,11,6,13,10,5,8,3,0",92898,1,4848,2
"12,7,4,1,10,3,0,9,6,13,8,5,2,11,4",92898,1,4848,2
"12,7,4,1,10,3,0,11,6,13,8,5,2,9,4",92898,1,4848,2
"12,7,4,1,10,5,0,9,12,7,2,11,6,3,0",92898,1,4848,2
"12,7,4,1,10,5,0,9,12,7,2,13,6,3,0",92898,1,4848,2
"12,7,4,1,10,5,0,11,8,13,2,9,6,3,0",92898,1,4848,2
"12,7,4,11,0,5,10,1,6,9,2,13,8,3,12",81900,0,14,14
"12,7,4,11,6,3,0,9,2,13,8,5,12,7,4",92898,1,4848,2
"12,7,4,11,6,3,0,9,2,13,10,5,12,7,4",92898,1,4848,2
"12,7,4,11,6,9,0,13,8,1,4,11,2,5,10",92898,1,4848,2
"12,7,4,11,6,9,0,13,8,1,4,11,6,3,10",92898,1,4848,2
"12,7,4,11,6,9,0,13,8,1,4,11,6,3,12",92898,1,4848,2
"12,7,4,11,8,3,0,9,2,13,10,5,12,7,4",92898,1,4848,2
"12,7,4,11,8,5,2,9,6,1,10,13,0,3,12",87834,0,14,14
"12,7,4,13,6,3,0,9,2,11,8,5,12,7,0",92898,1,4848,2
"12,7,4,13,6,3,0,9,2,11,8,5,12,7,4",92898,1,4848,2
"12,7,4,13,10,3,0,9,6,1,8,5,2,11,4",92898,1,4848,2
"12,7,4,13,10,5,2,11,8,3,0,9,6,1,12",80834,0,14,14
"12,7,10,5,0,9,4,1,12,7,2,11,6,9,4",92898,1,4848,2
"12,7,10,5,0,9,4,1,12,7,2,13,8,3,10",92898,1,4848,2
"12,9,0,3,10,7,4,11,8,5,2,13,6,1,12",98497,0,14,14
"12,9,0,3,10,7,4,13,8,5,2,11,6,1,12",88957,0,14,14
"12,9,0,5,10,1,4,7,12,3,6,13,10,1,8",92898,1,4848,2
"12,9,0,5,10,1,4,7,12,3,8,13,10,1,6",92898,1,4848,2
"12,9,0,7,10,3,6,11,4,1,8,13,2,9,6",92898,1,4848,2
"12,9,0,13,8,1,4,7,10,3,6,11,2,5,12",97572,1,14,14
"12,9,2,5,10,1,6,11,0,7,4,13,8,3,12",82929,0,14,14
"12,9,2,5,10,1,6,13,0,7,4,11,8,3,12",74951,0,14,14
"12,9,2,5,10,3,0,7,12,1,6,13,10,3,8",92898,1,4848,2
"12,9,2,5,10,3,0,7,12,1,8,13,10,3,6",92898,1,4848,2
"12,9,2,7,10,1,6,11,4,13,8,3,0,9,2",92898,1,4848,2
"12,9,2,7,10,3,0,5,12,1,6,13,10,3,8",92898,1,4848,2
"12,9,2,7,10,3,0,5,12,1,8,13,10,3,6",92898,1,4848,2
"12,9,2,7,10,3,6,11,4,1,8,13,0,9,6",92898,1,4848,2
"12,9,2,7,10,3,6,13,4,1,8,11,0,9,6",92898,1,4848,2
"12,9,2,11,8,3,0,7,4,13,10,5,12,9,6",92898,1,4848,2
"12,9,2,11,8,5,0,7,4,1,10,3,12,9,6",92898,1,4848,2
"12,9,2,11,8,5,0,7,4,13,10,3,12,9,6",92898,1,4848,2
"12,9,2,13,0,7,4,11,6,3,10,13,8,1,12",92898,1,4848,2
"12,9,2,13,0,7,4,11,6,9,2,13,8,1,4",92898,1,4848,2
"12,9,2,13,0,7,4,11,8,3,10,13,6,1,12",92898,1,4848,2
"12,9,2,13,6,3,0,7,4,11,8,5,12,9,2",92898,1,4848,2
"12,9,2,13,8,1,4,7,0,11,6,13,10,5,2",92898,1,4848,2
"12,9,2,13,8,1,4,7,10,3,6,11,0,5,12",92466,0,14,14
"12,9,2,13,8,5,0,7,4,1,10,3,12,9,6",92898,1,4848,2
"12,9,2,13,10,3,0,7,4,1,8,5,12,9,6",92898,1,4848,2
"12,9,2,13,10,7,4,11,0,5,2,13,8,3,12",92898,1,4848,2
"12,9,2,13,10,7,4,11,6,3,0,13,8,1,12",92898,1,4848,2
"12,9,2,13,10,7,4,11,8,5,2,13,6,3,0",92898,1,4848,2
"12,9,4,1,8,3,0,11,6,13,10,5,2,9,4",92898,1,4848,2
"12,9,4,1,8,3,0,11,6,13,10,5,8,3,0",92898,1,4848,2
"12,9,4,1,8,3,0,11,6,13,10,7,2,9,4",92898,1,4848,2
"12,9,4,1,8,5,0,11,6,13,10,7,2,9,4",92898,1,4848,2
"12,9,4,1,10,3,0,11,6,13,8,5,2,9,4",92898,1,4848,2
"12,9,4,1,10,7,0,11,8,5,2,13,6,3,0",92898,1,4848,2
"12,9,4,1,10,7,0,11,8,5,2,13,6,3,12",92898,1,4848,2
"12,9,4,1,10,7,0,13,8,5,2,11,6,3,12",84311,1,14,14
"12,9,4,1,10,7,2,11,8,5,0,13,6,3,12",98837,0,14,14
"12,9,4,1,10,7,2,13,8,5,0,11,6,3,12",64372,0,14,14
"12,9,4,7,10,5,0,11,2,13,8,3,6,9,4",92898,1,4848,2
"12,9,4,11,6,3,0,7,2,13,8,5,12,9,4",92898,1,4848,2
"12,9,4,11,6,3,0,7,2,13,10,5,12,9,4",92898,1,4848,2
"12,9,4,11,8,3,0,7,2,13,10,5,12,9,4",92898,1,4848,2
"12,9,4,11,8,3,0,7,2,13,10,5,12,9,6",92898,1,4848,2
"12,9,4,11,8,5,0,7,2,13,10,3,12,9,4",92898,1,4848,2
"12,9,4,11,8,5,0,7,2,13,10,3,12,9,6",92898,1,4848,2
"12,9,4,13,0,5,2,7,10,3,8,11,0,5,12",92898,1,4848,2
"12,9,4,13,0,7,2,11,6,3,10,13,8,1,12",92898,1,4848,2
"12,9,4,13,0,7,2,11,8,3,10,13,6,1,12",92898,1,4848,2
"12,9,4,13,8,3,0,7,2,11,6,13,10,5,0",92898,1,4848,2
"12,9,4,13,8,3,0,7,10,1,6,11,2,5,12",93360,1,14,14
"12,9,4,13,8,3,6,1,10,5,0,11,8,3,12",92898,1,4848,2
"12,9,4,13,8,3,6,1,10,5,0,13,8,3,12",92898,1,4848,2
"12,9,6,1,8,3,0,11,4,13,10,5,2,9,6",92898,1,4848,2
"12,9,6,1,8,3,0,11,4,13,10,7,2,9,6",92898,1,4848,2
"12,9,6,1,8,5,0,11,4,13,10,7,2,9,6",92898,1,4848,2
"12,9,6,1,8,5,2,11,4,13,10,7,0,9,6",92898,1,4848,2
"12,9,6,1,10,5,0,3,12,7,2,11,8,5,0",92898,1,4848,2
"12,9,6,1,10,5,0,3,12,7,2,13,8,5,0",92898,1,4848,2
"12,9,6,1,10,5,0,3,12,7,2,13,10,5,0",92898,1,4848,2
"12,9,6,1,10,7,0,3,12,5,2,13,10,7,0",92898,1,4848,2
"12,9,6,3,0,7,4,1,12,9,2,13,10,7,4",92898,1,4848,2
"12,9,6,3,10,7,2,11,8,1,4,13,0,5,12",98275,0,14,14
"12,9,6,3,10,7,2,13,8,1,4,11,0,5,12",79228,0,14,14
"12,9,6,3,10,7,4,1,12,5,0,13,10,7,2",92898,1,4848,2
"12,9,6,3,10,7,4,1,12,5,2,13,10,7,0",92898,1,4848,2
"12,9,6,13,0,7,4,1,8,11,2,13,10,3,6",92898,1,4848,2
"12,9,6,13,0,7,4,1,10,5,2,11,8,3,12",84242,0,14,14
"12,9,6,13,2,7,0,3,8,11,4,13,10,1,6",92898,1,4848,2
"12,9,6,13,2,7,0,3,8,11,4,13,10,5,0",92898,1,4848,2
"12,9,6,13,8,5,0,11,4,1,10,7,2,9,6",92898,1,4848,2
"12,9,6,13,8,5,2,11,4,1,10,7,0,9,6",92898,1,4848,2
"12,9,6,13,10,3,0,11,4,1,8,5,2,9,6",92898,1,4848,2
"12,9,6,13,10,3,0,11,4,1,8,13,2,9,6",92898,1,4848,2
"12,9,6,13,10,7,4,1,8,3,0,13,10,5,12",92898,1,4848,2
"12,9,6,13,10,7,4,1,8,5,2,13,10,3,0",92898,1,4848,2
"13,0,3,6,11,2,7,10,13,0,5,12,1,4,7",92898,0,4848,2
"13,0,3,6,11,4,7,10,13,2,9,12,1,4,7",92898,0,4848,2
"13,0,3,8,1,4,7,10,13,6,9,12,1,4,11",92898,0,4848,2
"13,0,3,12,7,4,11,8,5,2,9,6,1,10,13",87834,1,14,14
"13,0,3,12,9,4,7,10,5,0,11,2,13,8,3",92898,0,4848,2
"13,0,3,12,9,4,11,8,5,0,7,2,13,10,3",92898,0,4848,2
"13,0,5,2,7,10,3,8,11,0,5,12,1,4,9",92898,0,4848,2
"13,0,5,2,7,10,3,8,11,0,5,12,1,6,9",92898,0,4848,2
"13,0,5,2,7,10,3,8,11,0,5,12,1,6,13",92898,0,4848,2
"13,0,5,8,11,2,7,10,1,4,9,12,3,6,13",82832,1,14,14
"13,0,5,10,1,6,3,8,13,4,9,12,1,6,11",92898,0,4848,2
"13,0,5,10,1,6,11,2,7,12,3,8,13,0,5",92898,0,4848,2
"13,0,5,10,1,6,11,2,7,12,3,8,13,4,9",92898,0,4848,2
"13,0,5,10,1,6,11,2,7,12,9,4,13,0,5",92898,0,4848,2
"13,0,5,10,1,8,11,2,7,12,3,6,13,0,5",81839,1,12,12
"13,0,5,10,3,6,11,2,7,12,1,8,13,0,5",81498,1,12,12
"13,0,5,10,3,8,11,2,7,12,1,6,13,0,5",81309,1,12,12
"13,0,5,12,1,4,7,10,3,6,9,12,1,8,11",92898,0,4848,2
"13,0,5,12,1,4,7,10,3,6,9,12,1,8,13",92898,0,4848,2
"13,0,5,12,1,6,11,2,7,10,3,8,13,0,5",104470,0,12,12
"13,0,5,12,1,8,11,2,7,10,3,6,13,0,5",102268,0,12,12
"13,0,5,12,3,6,9,2,7,10,1,4,11,0,5",92898,0,4848,2
"13,0,5,12,3,6,11,2,7,10,1,8,13,0,5",92898,0,4848,2
"13,0,5,12,3,8,11,2,7,10,1,6,13,0,5",92898,0,4848,2
"13,0,5,12,9,2,7,10,1,6,11,4,13,8,3",92898,0,4848,2
"13,0,5,12,9,2,7,10,3,0,5,12,1,6,13",92898,0,4848,2
"13,0,5,12,9,2,7,10,3,0,5,12,1,8,13",92898,0,4848,2
"13,0,5,12,9,2,7,10,3,6,11,4,1,8,13",92898,0,4848,2
"13,0,5,12,9,2,11,8,3,0,7,4,13,10,5",92898,0,4848,2
"13,0,5,12,9,4,11,8,3,0,7,2,13,10,5",92898,0,4848,2
"13,0,5,12,9,6,3,10,7,2,11,8,1,4,13",98275,1,14,14
"13,0,7,2,11,6,3,10,13,8,1,12,5,0,3",92898,0,4848,2
"13,0,7,2,11,8,3,10,13,6,1,12,5,0,3",92898,0,4848,2
"13,0,7,4,1,8,11,2,13,10,3,6,9,0,7",92898,0,4848,2
"13,0,7,4,1,10,5,2,11,8,3,12,9,6,13",84242,1,14,14
"13,0,7,4,11,6,3,10,13,8,1,12,5,0,3",92898,0,4848,2
"13,0,7,4,11,6,9,2,13,8,1,4,11,0,3",92898,0,4848,2
"13,0,7,4,11,6,9,2,13,8,1,4,11,6,3",92898,0,4848,2
"13,0,7,4,11,8,3,10,13,6,1,12,5,0,3",92898,0,4848,2
"13,0,7,4,11,8,3,12,9,2,5,10,1,6,13",74951,1,14,14
"13,0,7,10,1,4,9,12,3,6,11,2,5,8,13",94783,0,14,14
"13,0,7,10,1,6,11,2,5,12,3,8,13,0,7",93214,0,12,12
"13,0,7,10,1,8,11,2,5,12,3,6,9,0,7",92898,0,4848,2
"13,0,7,10,1,8,11,2,5,12,3,6,13,0,7",92898,0,4848,2
"13,0,7,10,3,6,11,2,5,12,1,8,13,0,7",92370,0,12,12
"13,0,7,10,3,8,11,2,5,12,1,6,9,0,7",92898,0,4848,2
"13,0,7,10,3,8,11,2,5,12,1,6,13,0,7",92898,0,4848,2
"13,0,7,12,1,6,11,2,5,10,3,8,13,0,7",102581,0,12,12
"13,0,7,12,1,8,11,2,5,10,3,6,9,0,7",92898,0,4848,2
"13,0,7,12,1,8,11,2,5,10,3,6,13,0,7",92898,0,4848,2
"13,0,7,12,3,6,11,2,5,0,9,4,13,8,11",92898,0,4848,2
"13,0,7,12,3,6,11,2,5,10,1,8,13,0,7",92898,0,4848,2
"13,0,7,12,3,8,11,2,5,10,1,6,13,0,7",80357,1,12,12
"13,0,7,12,3,8,11,4,1,10,5,2,9,6,13",73628,1,14,14
"13,0,7,12,5,8,11,2,9,0,3,6,13,4,7",92898,0,4848,2
"13,0,7,12,9,2,5,10,3,0,7,12,1,6,13",92898,0,4848,2
"13,0,7,12,9,2,5,10,3,0,7,12,1,8,13",92898,0,4848,2
"13,0,9,4,1,6,11,2,7,12,3,8,13,0,5",92898,0,4848,2
"13,0,9,4,1,6,11,2,7,12,9,4,13,0,5",92898,0,4848,2
"13,0,9,4,1,8,3,6,13,10,5,12,1,8,3",92898,0,4848,2
"13,0,9,6,11,2,5,12,3,0,7,10,1,8,5",92898,0,4848,2
"13,0,9,6,11,4,7,12,3,0,9,2,5,10,13",92898,0,4848,2
"13,0,9,12,5,2,11,6,3,10,7,4,1,8,13",84366,0,14,14
"13,0,11,4,1,8,3,6,13,10,5,12,1,8,3",92898,0,4848,2
"13,0,11,6,3,10,7,2,13,0,5,12,9,4,11",92898,0,4848,2
"13,2,5,0,11,4,7,10,13,2,9,12,1,4,7",92898,0,4848,2
"13,2,5,8,1,4,7,10,13,6,9,12,1,4,11",92898,0,4848,2
"13,2,5,8,11,0,7,10,1,4,9,12,3,6,13",92898,0,4848,2
"13,2,5,8,11,0,7,10,13,2,5,12,1,4,7",92898,0,4848,2
"13,2,5,8,11,0,7,10,13,2,5,12,3,0,7",92898,0,4848,2
"13,2,5,8,11,4,7,10,3,0,9,12,1,6,13",82611,0,14,14
"13,2,5,8,11,4,7,10,13,2,9,12,1,4,7",92898,0,4848,2
"13,2,5,10,1,6,11,0,7,12,3,8,13,2,5",92898,0,4848,2
"13,2,5,10,1,6,11,0,7,12,3,8,13,4,9",92898,0,4848,2
"13,2,5,10,1,6,11,8,13,4,9,0,3,6,11",92898,0,4848,2
"13,2,5,10,1,8,11,0,7,12,3,6,13,2,5",73677,1,12,12
"13,2,5,10,3,6,9,0,7,12,1,4,11,2,5",92898,0,4848,2
"13,2,5,10,3,6,11,0,7,12,1,4,9,2,5",92898,0,4848,2
"13,2,5,10,3,6,11,0,7,12,1,8,13,2,5",92898,0,4848,2
"13,2,5,10,3,6,11,8,13,0,9,4,1,6,11",92898,0,4848,2
"13,2,5,10,3,8,11,0,7,12,1,4,9,2,5",92898,0,4848,2
"13,2,5,10,3,8,11,0,7,12,1,6,9,2,5",92898,0,4848,2
"13,2,5,10,3,8,11,0,7,12,1,6,13,2,5",92898,0,4848,2
"13,2,5,12,1,4,7,10,3,6,9,12,1,8,11",92898,0,4848,2
"13,2,5,12,1,4,7,10,3,6,9,12,1,8,13",92898,0,4848,2
"13,2,5,12,1,6,11,0,7,10,3,8,13,2,5",93709,1,12,12
"13,2,5,12,1,8,11,0,7,10,3,6,9,2,5",92898,0,4848,2
"13,2,5,12,1,8,11,0,7,10,3,6,13,2,5",92898,0,4848,2
"13,2,5,12,3,0,7,10,1,6,9,12,3,8,13",92898,0,4848,2
"13,2,5,12,3,0,7,10,1,8,5,12,3,6,13",92898,0,4848,2
"13,2,5,12,3,6,9,0,7,10,1,4,11,2,5",92898,0,4848,2
"13,2,5,12,3,6,11,0,7,10,1,4,9,2,5",92898,0,4848,2
"13,2,5,12,3,6,11,0,7,10,1,8,13,2,5",92898,0,4848,2
"13,2,5,12,3,8,11,0,7,10,1,6,13,2,5",91046,0,12,12
"13,2,5,12,9,0,7,10,3,6,11,4,1,8,13",92898,0,4848,2
"13,2,7,0,3,6,11,4,9,12,1,8,13,2,5",92898,0,4848,2
"13,2,7,0,3,6,11,4,9,12,1,8,13,2,7",92898,0,4848,2
"13,2,7,0,3,8,5,10,13,6,11,0,3,8,1",92898,0,4848,2
"13,2,7,0,3,8,11,4,9,12,1,6,13,2,5",92898,0,4848,2
"13,2,7,0,3,8,11,4,9,12,1,6,13,2,7",92898,0,4848,2
"13,2,7,0,3,8,11,4,9,12,5,0,13,2,7",92898,0,4848,2
"13,2,7,0,3,8,11,4,9,12,5,0,13,6,1",92898,0,4848,2
"13,2,7,0,3,8,11,4,13,10,1,6,9,2,7",92898,0,4848,2
"13,2,7,0,3,8,11,4,13,10,5,0,9,2,7",92898,0,4848,2
"13,2,7,0,5,8,11,4,9,12,1,6,13,2,7",92898,0,4848,2
"13,2,7,0,5,8,11,4,9,12,3,0,13,6,1",92898,0,4848,2
"13,2,7,0,5,8,11,4,9,12,3,6,13,2,7",92898,0,4848,2
"13,2,7,4,9,0,5,10,13,2,7,12,3,0,5",92898,0,4848,2
"13,2,7,4,9,0,5,10,13,2,7,12,3,8,5",92898,0,4848,2
"13,2,7,10,1,4,9,12,3,6,11,0,5,8,13",82354,1,14,14
"13,2,7,10,1,4,11,0,5,12,9,6,13,2,7",92898,0,4848,2
"13,2,7,10,1,6,11,0,5,12,3,8,13,2,7",92898,0,4848,2
"13,2,7,10,1,6,11,0,5,12,9,4,13,8,3",92898,0,4848,2
"13,2,7,10,1,8,11,0,5,12,3,6,9,2,7",92898,0,4848,2
"13,2,7,10,1,8,11,0,5,12,3,6,13,2,7",92898,0,4848,2
"13,2,7,10,3,6,9,12,5,0,11,4,1,8,13",74436,0,14,14
"13,2,7,10,3,6,11,0,5,12,1,4,9,2,7",92898,0,4848,2
"13,2,7,10,3,6,11,0,5,12,1,8,13,2,7",92898,0,4848,2
"13,2,7,10,3,6,11,0,13,8,1,4,9,2,5",92898,0,4848,2
"13,2,7,10,3,8,11,0,5,12,1,4,9,2,7",92898,0,4848,2
"13,2,7,10,3,8,11,0,5,12,1,6,9,2,7",92898,0,4848,2
"13,2,7,10,3,8,11,0,5,12,1,6,13,2,7",92898,0,4848,2
"13,2,7,12,1,4,9,0,5,10,7,12,3,8,13",92898,0,4848,2
"13,2,7,12,1,6,11,0,5,10,3,8,13,2,7",92898,0,4848,2
"13,2,7,12,1,8,11,0,5,10,3,6,13,2,7",81381,1,12,12
"13,2,7,12,3,0,5,10,1,6,9,12,3,8,13",92898,0,4848,2
"13,2,7,12,3,6,9,0,5,10,1,12,3,8,13",92898,0,4848,2
"13,2,7,12,3,6,11,0,5,10,1,8,13,2,7",92898,0,4848,2
"13,2,7,12,3,8,5,10,1,6,11,0,3,8,13",92898,0,4848,2
"13,2,7,12,3,8,11,0,5,10,1,6,3,8,13",92898,0,4848,2
"13,2,7,12,3,8,11,0,5,10,1,6,13,2,7",92898,0,4848,2
"13,2,7,12,3,8,11,4,1,10,5,0,9,6,13",69489,1,14,14
"13,2,7,12,9,0,5,10,1,4,7,12,3,6,13",92898,0,4848,2
"13,2,7,12,9,0,5,10,1,4,7,12,3,8,13",92898,0,4848,2
"13,2,9,0,3,6,11,4,7,10,1,8,13,2,5",92898,0,4848,2
"13,2,9,0,3,6,11,4,7,12,1,8,13,2,5",92898,0,4848,2
"13,2,9,0,3,8,11,4,7,12,1,6,13,2,5",92898,0,4848,2
"13,2,9,6,1,10,5,0,11,4,7,12,3,8,13",73616,0,14,14
"13,2,9,6,3,0,11,4,1,12,9,6,13,10,7",92898,0,4848,2
"13,2,9,6,3,10,7,4,11,0,5,12,1,8,13",79966,1,14,14
"13,2,9,6,11,4,7,0,13,2,9,12,5,10,7",92898,0,4848,2
"13,2,9,12,1,4,7,0,3,6,9,12,5,8,11",92898,0,4848,2
"13,2,9,12,1,4,7,0,3,6,9,12,5,10,13",92898,0,4848,2
"13,2,9,12,1,8,11,4,7,10,3,6,13,2,5",92898,0,4848,2
"13,2,9,12,3,6,11,0,5,10,1,8,13,2,7",92898,0,4848,2
"13,2,9,12,3,6,11,0,7,10,1,8,13,2,5",92898,0,4848,2
"13,2,9,12,3,6,11,4,7,10,1,8,13,0,5",92898,0,4848,2
"13,2,9,12,3,6,11,4,7,10,1,8,13,2,5",92898,0,4848,2
"13,2,9,12,5,0,11,4,7,2,9,6,13,0,11",92898,0,4848,2
"13,2,9,12,5,0,11,6,3,10,7,4,1,8,13",64448,1,14,14
"13,2,9,12,5,8,11,4,7,0,3,6,13,2,9",92898,0,4848,2
"13,2,9,12,5,10,7,0,3,8,1,12,5,10,13",92898,0,4848,2
"13,2,11,0,5,10,7,4,9,12,3,0,13,6,1",92898,0,4848,2
"13,2,11,6,1,10,7,4,13,8,3,12,1,10,5",92898,0,4848,2
"13,2,11,8,1,4,7,0,13,6,9,12,5,2,11",92898,0,4848,2
"13,4,1,6,11,0,7,10,13,2,5,12,3,0,7",92898,0,4848,2
"13,4,1,6,11,2,7,10,13,4,9,0,5,2,7",92898,0,4848,2
"13,4,1,8,11,0,9,6,13,2,5,12,3,0,7",92898,0,4848,2
"13,4,1,8,11,2,7,10,3,6,9,12,5,0,13",74387,0,14,14
"13,4,1,12,7,0,11,8,5,2,9,6,3,10,13",85064,0,14,14
"13,4,1,12,7,2,11,8,5,0,9,6,3,10,13",69258,1,14,14
"13,4,7,0,3,8,11,2,9,12,1,6,13,4,7",92898,0,4848,2
"13,4,7,0,3,8,11,2,9,12,5,0,13,4,7",92898,0,4848,2
"13,4,7,0,5,8,11,2,9,12,1,6,13,4,7",92898,0,4848,2
"13,4,7,0,5,8,11,2,9,12,3,6,13,4,7",92898,0,4848,2
"13,4,7,0,11,6,1,10,5,2,9,12,3,8,13",68285,0,14,14
"13,4,7,0,11,8,1,10,13,6,3,12,5,8,1",92898,0,4848,2
"13,4,7,2,9,6,1,10,13,4,11,8,3,0,7",92898,0,4848,2
"13,4,7,2,11,8,1,10,13,6,3,12,5,8,1",92898,0,4848,2
"13,4,7,10,1,6,11,0,5,12,3,8,13,2,7",92898,0,4848,2
"13,4,7,10,1,6,11,2,13,4,9,0,5,8,11",92898,0,4848,2
"13,4,7,10,1,8,11,0,5,12,3,6,9,2,7",92898,0,4848,2
"13,4,7,10,1,8,11,0,5,12,3,6,13,2,7",92898,0,4848,2
"13,4,7,10,1,8,11,2,5,12,3,6,9,0,7",92898,0,4848,2
"13,4,7,10,1,8,11,2,5,12,3,6,13,0,7",92898,0,4848,2
"13,4,7,10,3,0,9,12,1,6,11,2,5,8,13",82259,0,14,14
"13,4,7,10,3,0,11,2,5,12,9,6,13,0,7",92898,0,4848,2
"13,4,7,10,3,8,11,0,5,12,1,6,9,2,7",92898,0,4848,2
"13,4,7,10,3,8,11,0,5,12,1,6,13,2,7",92898,0,4848,2
"13,4,7,10,3,8,11,2,5,12,1,6,9,0,7",92898,0,4848,2
"13,4,7,10,3,8,11,2,5,12,1,6,13,0,7",92898,0,4848,2
"13,4,7,12,1,6,9,0,3,8,11,2,5,10,13",91327,1,14,14
"13,4,7,12,1,8,11,2,5,10,3,6,9,0,7",92898,0,4848,2
"13,4,7,12,1,8,11,2,5,10,3,6,13,0,7",92898,0,4848,2
"13,4,7,12,5,8,11,2,9,0,3,6,13,4,7",92898,0,4848,2
"13,4,9,0,3,6,11,2,7,12,9,0,5,10,1",92898,0,4848,2
"13,4,9,0,3,10,7,2,11,6,1,12,5,8,13",89128,1,14,14
"13,4,9,0,5,2,7,12,3,8,11,0,5,10,1",92898,0,4848,2
"13,4,9,0,5,2,11,6,3,12,7,0,13,8,1",92898,0,4848,2
"13,4,9,0,5,2,11,6,3,12,7,0,13,10,1",92898,0,4848,2
"13,4,9,0,5,8,1,12,7,2,11,6,3,10,13",83352,1,14,14
"13,4,9,0,5,8,11,2,7,10,3,0,5,12,1",92898,0,4848,2
"13,4,9,0,5,8,11,2,7,12,3,0,5,10,1",92898,0,4848,2
"13,4,9,0,5,10,1,6,11,2,7,12,3,8,13",92898,0,4848,2
"13,4,9,0,5,10,1,6,13,2,7,12,3,8,11",92898,0,4848,2
"13,4,9,0,11,2,7,12,3,6,9,0,5,10,1",92898,0,4848,2
"13,4,9,6,11,0,7,12,1,4,9,2,5,8,13",92898,0,4848,2
"13,4,9,6,11,0,7,12,1,4,9,2,5,10,13",92898,0,4848,2
"13,4,9,6,11,2,7,12,1,4,9,0,5,10,7",92898,0,4848,2
"13,4,9,6,11,2,7,12,1,4,9,0,5,10,13",92898,0,4848,2
"13,4,9,12,1,6,11,0,5,10,3,8,13,2,7",92898,0,4848,2
"13,4,9,12,1,6,11,2,7,4,9,0,5,10,13",92898,0,4848,2
"13,4,9,12,5,0,11,6,1,10,7,2,13,8,3",92898,0,4848,2
"13,4,9,12,5,2,11,6,1,10,7,0,3,8,13",90867,1,14,14
"13,4,9,12,5,10,7,0,3,8,1,12,5,10,13",92898,0,4848,2
"13,4,9,12,7,2,11,6,1,4,9,0,13,8,11",92898,0,4848,2
"13,4,9,12,7,2,11,6,1,10,5,0,13,8,3",92898,0,4848,2
"13,4,11,0,3,8,1,6,9,12,5,10,13,2,7",92898,0,4848,2
"13,4,11,0,3,8,1,6,9,12,5,10,13,4,7",92898,0,4848,2
"13,4,11,0,5,8,1,6,9,12,3,10,13,2,7",92898,0,4848,2
"13,4,11,0,5,8,1,6,9,12,3,10,13,4,7",92898,0,4848,2
"13,4,11,2,5,8,1,6,9,0,3,10,13,4,7",92898,0,4848,2
"13,4,11,2,5,8,1,6,9,12,3,10,13,4,7",92898,0,4848,2
"13,4,11,2,5,8,1,6,13,0,3,12,9,4,7",92898,0,4848,2
"13,4,11,6,1,10,7,2,9,12,5,0,13,4,7",92898,0,4848,2
"13,4,11,8,3,0,7,2,13,6,9,12,5,0,11",92898,0,4848,2
"13,6,1,4,11,8,3,10,13,6,1,12,5,0,3",92898,0,4848,2
"13,6,1,4,11,8,3,10,13,6,1,12,7,0,3",92898,0,4848,2
"13,6,1,8,5,2,11,4,13,10,7,0,9,6,1",92898,0,4848,2
"13,6,1,8,5,2,11,4,13,10,7,0,9,6,3",92898,0,4848,2
"13,6,1,10,5,0,9,4,13,8,3,12,7,0,11",92898,0,4848,2
"13,6,1,10,5,0,9,4,13,8,3,12,7,2,11",92898,0,4848,2
"13,6,1,10,5,0,11,8,3,12,7,2,5,0,9",92898,0,4848,2
"13,6,1,10,5,0,11,8,3,12,7,2,13,6,1",92898,0,4848,2
"13,6,1,10,5,2,9,12,3,8,11,4,7,0,13",68349,0,14,14
"13,6,1,10,5,2,11,8,3,12,7,0,13,6,1",84454,1,12,12
"13,6,1,10,7,0,11,8,3,12,5,2,13,6,1",90777,1,12,12
"13,6,1,10,7,2,11,8,3,12,5,0,13,6,1",92898,0,4848,2
"13,6,1,10,7,2,11,8,13,4,9,0,5,2,11",92898,0,4848,2
"13,6,1,12,5,0,3,10,7,2,9,12,5,0,11",92898,0,4848,2
"13,6,1,12,5,0,3,10,7,2,9,12,5,0,13",92898,0,4848,2
"13,6,1,12,5,0,3,10,7,2,11,8,5,0,9",92898,0,4848,2
"13,6,1,12,5,0,11,8,3,10,7,2,5,0,13",92898,0,4848,2
"13,6,1,12,5,0,11,8,3,10,7,2,13,6,1",92898,0,4848,2
"13,6,1,12,5,0,11,8,3,10,7,4,13,6,1",92898,0,4848,2
"13,6,1,12,5,2,11,8,3,10,7,0,13,6,1",92898,0,4848,2
"13,6,1,12,5,2,11,8,3,10,7,4,13,6,1",92898,0,4848,2
"13,6,1,12,7,0,3,10,5,2,9,12,7,0,13",92898,0,4848,2
"13,6,1,12,7,0,11,8,3,10,5,2,13,6,1",92898,0,4848,2
"13,6,1,12,7,2,11,8,3,10,5,0,13,6,1",101385,0,12,12
"13,6,1,12,7,4,11,8,3,0,9,2,13,10,5",92898,0,4848,2
"13,6,1,12,9,0,3,10,7,4,11,8,5,2,13",98497,1,14,14
"13,6,1,12,9,2,11,8,3,0,7,4,13,10,5",92898,0,4848,2
"13,6,1,12,9,2,11,8,5,0,7,4,13,10,3",92898,0,4848,2
"13,6,1,12,9,4,11,8,3,0,7,2,13,10,5",92898,0,4848,2
"13,6,1,12,9,4,11,8,5,0,7,2,13,10,3",92898,0,4848,2
"13,6,3,0,7,4,11,8,5,12,9,2,13,10,3",92898,0,4848,2
"13,6,3,0,9,2,11,8,5,12,7,0,13,10,1",92898,0,4848,2
"13,6,3,0,9,2,11,8,5,12,7,4,1,10,3",92898,0,4848,2
"13,6,3,0,9,2,11,8,5,12,7,4,13,10,3",92898,0,4848,2
"13,6,3,0,11,8,1,10,13,6,3,12,5,8,1",92898,0,4848,2
"13,6,3,0,11,8,1,10,13,6,3,12,7,4,1",92898,0,4848,2
"13,6,3,0,11,8,1,12,9,6,3,10,7,4,1",92898,0,4848,2
"13,6,3,8,1,4,9,0,13,6,11,2,5,10,3",92898,0,4848,2
"13,6,3,8,1,4,9,0,13,6,11,2,7,10,3",92898,0,4848,2
"13,6,3,8,1,4,11,0,13,6,9,2,5,10,3",92898,0,4848,2
"13,6,3,8,1,4,11,0,13,6,9,2,7,4,11",92898,0,4848,2
"13,6,3,8,1,4,11,0,13,6,9,2,7,10,3",92898,0,4848,2
"13,6,3,10,5,0,11,8,1,12,7,2,13,6,3",101342,0,12,12
"13,6,3,10,5,2,11,8,1,12,7,0,13,6,3",92898,0,4848,2
"13,6,3,10,5,2,11,8,1,12,7,4,13,6,3",92898,0,4848,2
"13,6,3,10,7,0,11,8,1,12,5,2,13,6,3",92898,0,4848,2
"13,6,3,10,7,2,9,12,5,0,11,4,7,2,9",92898,0,4848,2
"13,6,3,10,7,2,11,8,1,12,5,0,13,6,3",76343,1,12,12
"13,6,3,10,7,4,11,8,1,12,9,2,13,6,3",92898,0,4848,2
"13,6,3,12,5,0,11,8,1,10,7,2,13,6,3",92898,0,4848,2
"13,6,3,12,5,0,11,8,1,10,7,4,13,6,3",92898,0,4848,2
"13,6,3,12,5,2,11,8,1,10,7,0,13,6,3",92898,0,4848,2
"13,6,3,12,5,2,11,8,1,10,7,4,13,6,3",92898,0,4848,2
"13,6,3,12,5,8,1,10,7,0,3,12,5,2,11",92898,0,4848,2
"13,6,3,12,5,8,1,10,7,0,3,12,5,2,13",92898,0,4848,2
"13,6,3,12,7,0,11,8,1,10,5,2,13,6,3",85015,1,12,12
"13,6,3,12,7,2,11,8,1,4,9,0,5,10,13",97942,0,14,14
"13,6,3,12,7,2,11,8,1,10,5,0,13,6,3",97899,1,12,12
"13,6,3,12,7,4,1,10,5,0,9,12,7,2,11",92898,0,4848,2
"13,6,3,12,7,4,1,10,5,0,9,12,7,2,13",92898,0,4848,2
"13,6,3,12,7,4,1,10,5,0,11,8,13,2,9",92898,0,4848,2
"13,6,3,12,9,2,11,8,5,0,7,4,1,10,3",92898,0,4848,2
"13,6,3,12,9,2,11,8,5,0,7,4,13,10,3",92898,0,4848,2
"13,6,3,12,9,4,1,10,7,0,11,8,5,2,13",92898,0,4848,2
"13,6,3,12,9,4,1,10,7,2,11,8,5,0,13",98837,1,14,14
"13,6,3,12,9,4,11,8,5,0,7,2,13,10,3",92898,0,4848,2
"13,6,9,0,3,8,1,4,7,12,5,10,13,2,9",92898,0,4848,2
"13,6,9,0,3,10,1,4,7,12,5,8,11,2,9",92898,0,4848,2
"13,6,9,0,3,10,1,4,7,12,5,8,13,2,9",92898,0,4848,2
"13,6,9,0,5,10,1,4,11,8,3,12,7,2,13",87938,0,14,14
"13,6,9,0,11,8,1,4,13,6,3,10,7,2,9",92898,0,4848,2
"13,6,9,2,5,8,1,4,11,0,3,10,13,6,9",92898,0,4848,2
"13,6,9,2,5,10,1,4,11,8,3,12,7,0,13",60140,1,14,14
"13,6,9,2,5,10,3,0,7,12,1,8,13,10,3",92898,0,4848,2
"13,6,9,2,7,4,11,0,5,12,9,2,7,10,3",92898,0,4848,2
"13,6,9,2,7,4,11,0,5,12,9,2,13,10,3",92898,0,4848,2
"13,6,9,2,7,10,3,0,5,12,1,8,13,10,3",92898,0,4848,2
"13,6,9,12,1,4,11,0,3,6,9,2,5,8,11",92898,0,4848,2
"13,6,9,12,1,4,11,0,3,6,9,2,7,10,13",92898,0,4848,2
"13,6,9,12,1,4,11,0,3,6,9,2,13,8,11",92898,0,4848,2
"13,6,9,12,3,8,11,2,5,10,1,4,7,0,13",80415,0,14,14
"13,6,9,12,3,10,1,4,7,0,5,8,11,2,9",92898,0,4848,2
"13,6,9,12,3,10,1,4,7,0,5,8,13,2,9",92898,0,4848,2
"13,6,9,12,5,0,11,4,1,10,7,2,13,6,3",92898,0,4848,2
"13,6,9,12,5,0,11,4,1,10,7,2,13,8,3",92898,0,4848,2
"13,6,9,12,5,2,11,0,3,10,7,4,13,6,1",92898,0,4848,2
"13,6,9,12,5,8,1,4,7,0,3,10,13,2,9",92898,0,4848,2
"13,6,11,0,3,8,1,4,7,12,5,10,13,2,9",92898,0,4848,2
"13,6,11,0,3,8,1,4,9,12,5,10,13,2,7",92898,0,4848,2
"13,6,11,0,3,10,1,4,7,12,5,8,13,2,9",92898,0,4848,2
"13,6,11,0,3,10,1,4,9,12,5,8,13,2,7",92898,0,4848,2
"13,6,11,0,5,8,1,4,9,12,3,10,13,2,7",92898,0,4848,2
"13,6,11,0,7,4,1,8,13,2,9,12,3,6,11",92898,0,4848,2
"13,6,11,2,5,10,3,0,7,12,1,8,13,10,3",92898,0,4848,2
"13,6,11,2,7,0,3,8,13,4,9,12,1,6,11",92898,0,4848,2
"13,6,11,2,7,0,3,8,13,4,9,12,5,0,11",92898,0,4848,2
"13,6,11,2,7,10,3,0,5,12,1,8,13,10,3",92898,0,4848,2
"13,8,1,4,7,0,11,6,13,10,5,2,9,0,3",92898,0,4848,2
"13,8,1,4,7,10,3,6,11,0,5,12,9,2,13",92466,1,14,14
"13,8,1,4,7,10,3,6,11,2,5,12,9,0,13",97572,0,14,14
"13,8,1,4,9,0,5,10,13,6,11,2,7,0,3",92898,0,4848,2
"13,8,1,4,9,2,5,10,13,6,11,0,3,8,1",92898,0,4848,2
"13,8,1,4,11,0,3,10,13,6,9,12,5,8,1",92898,0,4848,2
"13,8,1,4,11,0,5,12,9,6,3,10,7,2,13",79228,1,14,14
"13,8,1,4,11,2,5,10,13,6,9,0,3,8,1",92898,0,4848,2
"13,8,1,4,11,6,3,10,7,0,9,12,5,2,13",92898,0,4848,2
"13,8,1,4,11,6,3,10,7,2,9,12,5,0,13",92898,0,4848,2
"13,8,1,4,11,6,3,10,13,8,1,12,5,0,3",92898,0,4848,2
"13,8,1,4,11,6,3,10,13,8,1,12,7,0,3",92898,0,4848,2
"13,8,1,4,11,6,3,12,7,2,9,0,5,10,13",92898,0,4848,2
"13,8,1,10,5,0,11,6,3,12,7,2,13,8,1",92898,0,4848,2
"13,8,1,10,5,0,11,6,3,12,9,2,13,8,1",92898,0,4848,2
"13,8,1,10,5,2,11,6,3,12,7,0,13,8,1",92898,0,4848,2
"13,8,1,10,7,0,11,6,3,12,5,2,13,8,1",92898,0,4848,2
"13,8,1,10,7,0,11,6,3,12,9,2,13,8,1",92898,0,4848,2
"13,8,1,10,7,2,11,6,3,12,5,0,13,8,1",92898,0,4848,2
"13,8,1,10,7,4,11,6,3,0,9,2,13,8,5",92898,0,4848,2
"13,8,1,10,7,4,11,6,3,12,9,2,13,8,5",92898,0,4848,2
"13,8,1,12,5,0,3,10,7,2,9,6,13,0,11",92898,0,4848,2
"13,8,1,12,5,0,3,10,7,2,9,12,5,0,11",92898,0,4848,2
"13,8,1,12,5,0,3,10,7,2,9,12,5,0,13",92898,0,4848,2
"13,8,1,12,5,0,3,10,7,2,11,6,13,0,9",92898,0,4848,2
"13,8,1,12,5,0,11,4,7,10,3,6,9,2,13",74444,0,14,14
"13,8,1,12,5,0,11,6,3,10,7,2,13,8,1",92898,0,4848,2
"13,8,1,12,5,2,11,6,3,10,7,0,13,8,1",103193,0,12,12
"13,8,1,12,7,0,3,10,5,2,9,6,13,0,11",92898,0,4848,2
"13,8,1,12,7,0,3,10,5,2,9,12,7,0,13",92898,0,4848,2
"13,8,1,12,7,0,3,10,5,2,11,6,13,0,9",92898,0,4848,2
"13,8,1,12,7,0,11,6,3,10,5,2,13,8,1",92898,0,4848,2
"13,8,1,12,7,2,11,6,3,10,5,0,13,8,1",101516,0,12,12
"13,8,1,12,7,4,11,6,3,0,9,2,13,8,5",92898,0,4848,2
"13,8,1,12,7,4,11,6,3,0,9,2,13,10,5",92898,0,4848,2
"13,8,1,12,9,4,11,6,3,0,7,2,13,8,5",92898,0,4848,2
"13,8,1,12,9,4,11,6,3,0,7,2,13,10,5",92898,0,4848,2
"13,8,1,12,9,6,3,10,7,4,1,12,5,0,13",92898,0,4848,2
"13,8,1,12,9,6,3,10,7,4,1,12,5,2,13",92898,0,4848,2
"13,8,3,0,7,2,11,6,13,10,5,0,9,4,1",92898,0,4848,2
"13,8,3,0,7,10,1,6,11,2,5,12,9,4,13",93360,0,14,14
"13,8,3,0,9,2,5,10,13,6,11,0,7,4,1",92898,0,4848,2
"13,8,3,0,11,6,1,10,5,8,3,12,7,2,13",92898,0,4848,2
"13,8,3,0,11,6,1,10,13,8,3,12,7,4,1",92898,0,4848,2
"13,8,3,6,1,10,5,0,11,8,3,12,7,2,5",92898,0,4848,2
"13,8,3,6,1,10,5,0,11,8,3,12,7,2,13",92898,0,4848,2
"13,8,3,6,1,10,5,0,13,8,3,12,7,2,11",92898,0,4848,2
"13,8,3,6,1,10,5,0,13,8,3,12,7,10,5",92898,0,4848,2
"13,8,3,6,9,4,1,10,13,0,7,12,5,8,11",92898,0,4848,2
"13,8,3,10,5,0,11,6,1,12,7,2,13,8,3",92898,0,4848,2
"13,8,3,10,5,0,11,6,1,12,9,4,13,8,3",92898,0,4848,2
"13,8,3,10,5,2,11,6,1,12,7,0,13,8,3",59624,1,12,12
"13,8,3,10,7,0,11,6,1,12,5,2,13,8,3",83663,0,12,12
"13,8,3,10,7,2,11,6,1,12,5,0,13,8,3",59549,1,12,12
"13,8,3,12,1,10,5,0,9,6,3,12,7,2,11",92898,0,4848,2
"13,8,3,12,1,10,5,0,9,6,3,12,7,2,13",92898,0,4848,2
"13,8,3,12,5,0,11,6,1,10,7,2,13,8,3",92898,0,4848,2
"13,8,3,12,5,0,11,6,1,10,7,4,13,8,3",92898,0,4848,2
"13,8,3,12,5,2,11,6,1,10,7,0,13,8,3",90874,1,12,12
"13,8,3,12,7,0,11,6,1,10,5,2,13,8,3",92898,0,4848,2
"13,8,3,12,7,2,11,6,1,4,9,0,13,8,11",92898,0,4848,2
"13,8,3,12,7,2,11,6,1,10,5,0,9,4,13",92898,0,4848,2
"13,8,3,12,7,2,11,6,1,10,5,0,13,8,3",92898,0,4848,2
"13,8,3,12,7,4,1,10,5,0,9,12,7,2,11",92898,0,4848,2
"13,8,3,12,7,4,1,10,5,0,9,12,7,2,13",92898,0,4848,2
"13,8,3,12,7,4,11,0,5,10,1,6,9,2,13",81900,1,14,14
"13,8,3,12,7,10,5,0,9,4,1,12,7,2,11",92898,0,4848,2
"13,8,3,12,7,10,5,0,9,4,1,12,7,2,13",92898,0,4848,2
"13,8,3,12,9,2,5,10,1,6,11,0,7,4,13",82929,1,14,14
"13,8,3,12,9,6,1,10,5,0,3,12,7,2,11",92898,0,4848,2
"13,8,3,12,9,6,1,10,5,0,3,12,7,2,13",92898,0,4848,2
"13,8,3,12,9,6,1,10,7,0,3,12,5,2,13",92898,0,4848,2
"13,8,5,0,7,4,1,10,3,12,9,6,13,8,5",92898,0,4848,2
"13,8,5,0,11,4,1,10,7,2,9,6,3,12,5",92898,0,4848,2
"13,8,5,0,11,6,1,10,13,8,3,12,7,4,1",92898,0,4848,2
"13,8,5,0,11,6,3,12,9,4,1,10,7,2,13",64372,1,14,14
"13,8,5,2,9,4,1,10,7,0,11,6,3,12,5",92898,0,4848,2
"13,8,5,2,9,4,1,10,13,0,7,12,3,6,11",92898,0,4848,2
"13,8,5,2,9,4,1,12,7,0,11,6,3,10,5",92898,0,4848,2
"13,8,5,2,9,4,1,12,7,0,11,6,9,4,13",92898,0,4848,2
"13,8,5,2,11,4,1,10,7,0,9,6,3,12,5",92898,0,4848,2
"13,8,5,2,11,4,1,12,7,0,9,6,3,10,5",92898,0,4848,2
"13,8,5,2,11,4,1,12,7,0,9,6,3,10,13",92898,0,4848,2
"13,8,5,2,11,6,1,10,13,8,3,12,7,4,1",92898,0,4848,2
"13,8,5,2,11,6,1,12,9,0,3,10,7,4,13",88957,1,14,14
"13,8,5,2,11,6,3,10,13,8,1,12,7,0,3",92898,0,4848,2
"13,8,5,2,11,6,3,12,9,4,1,10,7,0,13",84311,0,14,14
"13,8,5,12,1,6,11,2,7,10,3,0,9,4,13",69780,1,14,14
"13,8,5,12,7,4,1,10,3,0,9,6,13,8,5",92898,0,4848,2
"13,8,5,12,7,4,1,10,3,0,11,6,13,8,5",92898,0,4848,2
"13,8,5,12,9,4,1,10,3,0,11,6,13,8,5",92898,0,4848,2
"13,8,11,0,5,10,1,4,7,12,3,6,13,10,1",92898,0,4848,2
"13,8,11,2,7,10,1,6,13,0,3,12,9,4,11",92898,0,4848,2
"13,8,11,2,7,10,1,6,13,0,5,12,3,8,11",92898,0,4848,2
"13,8,11,2,7,10,1,6,13,0,5,12,9,4,11",92898,0,4848,2
"13,8,11,6,1,10,5,2,13,8,3,12,7,0,11",92898,0,4848,2
"13,8,11,6,1,10,5,2,13,8,3,12,7,10,5",92898,0,4848,2
"13,8,11,6,3,10,5,2,13,8,1,12,7,0,11",92898,0,4848,2
"13,8,11,6,3,10,5,2,13,8,1,12,7,4,11",92898,0,4848,2
"13,8,11,6,3,10,5,2,13,8,1,12,9,4,11",92898,0,4848,2
"13,10,1,4,9,2,5,8,13,6,11,0,3,10,1",92898,0,4848,2
"13,10,1,4,9,6,3,8,13,2,11,0,5,10,7",92898,0,4848,2
"13,10,1,6,9,2,5,8,11,4,7,12,3,0,13",83456,0,14,14
"13,10,1,6,9,2,7,4,13,0,5,12,9,2,7",92898,0,4848,2
"13,10,1,6,9,2,7,4,13,0,5,12,9,2,11",92898,0,4848,2
"13,10,1,6,11,0,3,8,13,4,9,6,11,0,7",92898,0,4848,2
"13,10,1,6,11,0,3,8,13,4,9,6,11,2,7",92898,0,4848,2
"13,10,1,6,11,0,5,8,13,2,7,12,3,0,5",92898,0,4848,2
"13,10,1,6,11,2,5,8,13,4,9,0,11,2,7",92898,0,4848,2
"13,10,1,8,11,0,3,6,13,2,5,8,11,0,7",92898,0,4848,2
"13,10,1,8,11,0,3,6,13,2,5,8,11,4,7",92898,0,4848,2
"13,10,1,8,11,0,3,6,13,2,7,12,9,0,5",92898,0,4848,2
"13,10,1,8,11,0,7,4,13,2,5,12,9,0,7",92898,0,4848,2
"13,10,1,8,11,2,7,4,13,0,5,12,9,2,7",92898,0,4848,2
"13,10,3,0,7,4,1,8,5,12,9,6,13,10,3",92898,0,4848,2
"13,10,3,0,9,6,1,8,5,2,11,4,13,10,7",92898,0,4848,2
"13,10,3,0,11,4,1,8,5,2,9,6,13,10,7",92898,0,4848,2
"13,10,3,0,11,4,1,8,13,2,9,6,11,4,7",92898,0,4848,2
"13,10,3,0,11,8,5,12,9,6,3,0,7,4,1",92898,0,4848,2
"13,10,3,6,9,0,5,8,11,2,7,12,1,4,13",82816,1,14,14
"13,10,3,6,9,0,7,12,1,4,11,2,5,8,13",92898,0,4848,2
"13,10,3,6,9,0,7,12,1,4,11,2,5,10,13",92898,0,4848,2
"13,10,3,6,9,2,5,8,11,0,7,12,1,4,13",94528,0,14,14
"13,10,3,6,11,2,5,8,13,4,9,0,11,2,7",92898,0,4848,2
"13,10,3,6,11,2,7,0,13,4,9,12,5,10,7",92898,0,4848,2
"13,10,3,6,11,2,7,12,1,8,5,0,9,4,13",69619,1,14,14
"13,10,3,6,11,4,1,8,13,0,9,6,11,2,5",92898,0,4848,2
"13,10,3,6,11,4,1,8,13,0,9,6,11,4,7",92898,0,4848,2
"13,10,3,6,11,4,1,8,13,2,9,6,11,4,7",92898,0,4848,2
"13,10,3,6,11,4,7,0,13,2,9,12,5,10,7",92898,0,4848,2
"13,10,3,8,11,2,7,0,13,4,9,12,5,10,7",92898,0,4848,2
"13,10,3,8,11,4,1,6,13,0,7,12,9,2,5",92898,0,4848,2
"13,10,3,8,11,4,7,0,13,2,9,12,5,10,7",92898,0,4848,2
"13,10,3,12,9,4,1,8,5,0,11,6,13,10,7",92898,0,4848,2
"13,10,3,12,9,6,1,8,5,0,11,4,13,10,7",92898,0,4848,2
"13,10,3,12,9,6,1,8,5,2,11,4,13,10,7",92898,0,4848,2
"13,10,5,0,9,2,7,12,3,6,11,4,1,8,13",92898,0,4848,2
"13,10,5,0,9,4,1,8,11,2,7,12,3,6,13",73650,0,14,14
"13,10,5,0,9,4,1,8,13,2,7,12,3,6,11",92898,0,4848,2
"13,10,5,0,9,4,1,12,7,2,11,6,9,4,13",92898,0,4848,2
"13,10,5,0,9,4,7,2,11,6,1,12,9,4,13",92898,0,4848,2
"13,10,5,0,9,4,7,2,13,6,1,12,9,4,11",92898,0,4848,2
"13,10,5,2,9,0,3,8,13,4,11,6,1,10,7",92898,0,4848,2
"13,10,5,2,9,0,3,12,7,4,11,6,9,0,13",92898,0,4848,2
"13,10,5,2,9,4,1,8,13,0,7,12,3,6,11",92898,0,4848,2
"13,10,5,2,9,4,1,8,13,0,11,6,3,10,7",92898,0,4848,2
"13,10,5,2,9,4,1,12,7,0,11,6,3,10,5",92898,0,4848,2
"13,10,5,2,9,4,1,12,7,0,11,6,9,4,13",92898,0,4848,2
"13,10,5,2,9,4,1,12,7,0,11,8,3,10,5",92898,0,4848,2
"13,10,5,2,9,6,1,12,7,0,11,8,3,10,5",92898,0,4848,2
"13,10,5,2,11,4,1,8,13,0,9,6,11,4,7",92898,0,4848,2
"13,10,5,2,11,4,1,12,7,0,9,6,3,10,5",92898,0,4848,2
"13,10,5,2,11,4,1,12,7,0,9,6,3,10,13",92898,0,4848,2
"13,10,5,2,11,8,3,0,9,6,1,12,7,4,13",80834,1,14,14
"13,10,5,8,3,0,7,2,13,10,5,12,9,4,1",92898,0,4848,2
"13,10,5,8,3,0,7,2,13,10,5,12,9,6,1",92898,0,4848,2
"13,10,5,12,1,8,3,0,7,10,5,12,9,2,13",92898,0,4848,2
"13,10,5,12,1,8,3,0,7,10,5,12,9,4,13",92898,0,4848,2
"13,10,5,12,7,4,1,8,3,0,9,6,13,10,5",92898,0,4848,2
"13,10,5,12,7,4,1,8,3,0,11,6,13,10,5",92898,0,4848,2
"13,10,5,12,9,4,1,8,3,0,11,6,13,10,5",92898,0,4848,2
"13,10,5,12,9,4,1,8,3,0,11,6,13,10,7",92898,0,4848,2
"13,10,5,12,9,6,1,8,3,0,11,4,13,10,5",92898,0,4848,2
"13,10,5,12,9,6,1,8,3,0,11,4,13,10,7",92898,0,4848,2
"13,10,5,12,9,6,3,0,7,4,1,12,9,2,13",92898,0,4848,2
"13,10,7,0,9,6,1,12,5,2,11,8,3,10,7",92898,0,4848,2
"13,10,7,0,9,6,3,12,5,2,11,8,1,10,7",92898,0,4848,2
"13,10,7,0,11,4,1,12,5,2,9,6,3,10,7",92898,0,4848,2
"13,10,7,0,11,6,1,4,13,8,3,12,9,6,1",92898,0,4848,2
"13,10,7,0,11,8,5,2,9,6,3,0,11,4,1",92898,0,4848,2
"13,10,7,0,11,8,5,2,13,6,3,0,11,8,1",92898,0,4848,2
"13,10,7,0,11,8,5,2,13,6,3,12,9,4,1",92898,0,4848,2
"13,10,7,2,9,4,1,12,5,0,11,6,3,10,7",92898,0,4848,2
"13,10,7,2,9,4,1,12,5,0,11,8,3,10,7",92898,0,4848,2
"13,10,7,2,9,6,1,12,5,0,11,8,3,10,7",92898,0,4848,2
"13,10,7,2,9,6,3,0,11,4,1,12,9,6,13",92898,0,4848,2
"13,10,7,2,9,6,3,12,5,0,11,8,1,10,7",92898,0,4848,2
"13,10,7,2,11,6,1,4,13,8,3,12,9,6,1",92898,0,4848,2
"13,10,7,2,11,6,3,0,13,8,1,12,9,6,3",92898,0,4848,2
"13,10,7,4,1,8,3,0,13,10,5,12,9,6,3",92898,0,4848,2
"13,10,7,4,1,8,5,2,13,10,3,0,11,8,5",92898,0,4848,2
"13,10,7,4,11,0,5,2,13,8,3,12,9,6,1",92898,0,4848,2
"13,10,7,4,11,6,3,0,13,8,1,12,9,6,3",92898,0,4848,2
"13,10,7,4,11,8,5,2,13,6,3,0,11,8,1",92898,0,4848,2
